paciente_id,repeticion,fold
Brats18_2013_11_1,0,4
Brats18_2013_27_1,0,0
Brats18_CBICA_AAB_1,0,2
Brats18_CBICA_AAG_1,0,2
Brats18_CBICA_AAL_1,0,0
Brats18_CBICA_AAP_1,0,0
Brats18_CBICA_ABB_1,0,3
Brats18_CBICA_ABE_1,0,4
Brats18_CBICA_ABM_1,0,0
Brats18_CBICA_ABN_1,0,4
Brats18_CBICA_ABO_1,0,1
Brats18_CBICA_ABY_1,0,0
Brats18_CBICA_ALN_1,0,4
Brats18_CBICA_ALU_1,0,0
Brats18_CBICA_ALX_1,0,3
Brats18_CBICA_AME_1,0,2
Brats18_CBICA_AMH_1,0,0
Brats18_CBICA_ANG_1,0,4
Brats18_CBICA_ANI_1,0,2
Brats18_CBICA_ANP_1,0,2
Brats18_CBICA_ANZ_1,0,3
Brats18_CBICA_AOD_1,0,1
Brats18_CBICA_AOH_1,0,3
Brats18_CBICA_AOO_1,0,3
Brats18_CBICA_AOP_1,0,2
Brats18_CBICA_AOZ_1,0,0
Brats18_CBICA_APR_1,0,2
Brats18_CBICA_APY_1,0,0
Brats18_CBICA_APZ_1,0,4
Brats18_CBICA_AQA_1,0,1
Brats18_CBICA_AQD_1,0,4
Brats18_CBICA_AQG_1,0,2
Brats18_CBICA_AQJ_1,0,2
Brats18_CBICA_AQN_1,0,3
Brats18_CBICA_AQO_1,0,4
Brats18_CBICA_AQP_1,0,3
Brats18_CBICA_AQQ_1,0,4
Brats18_CBICA_AQR_1,0,4
Brats18_CBICA_AQT_1,0,1
Brats18_CBICA_AQU_1,0,3
Brats18_CBICA_AQV_1,0,2
Brats18_CBICA_AQY_1,0,1
Brats18_CBICA_AQZ_1,0,2
Brats18_CBICA_ARF_1,0,3
Brats18_CBICA_ARW_1,0,2
Brats18_CBICA_ARZ_1,0,2
Brats18_CBICA_ASA_1,0,2
Brats18_CBICA_ASE_1,0,3
Brats18_CBICA_ASG_1,0,1
Brats18_CBICA_ASH_1,0,0
Brats18_CBICA_ASK_1,0,1
Brats18_CBICA_ASN_1,0,3
Brats18_CBICA_ASO_1,0,0
Brats18_CBICA_ASU_1,0,0
Brats18_CBICA_ASV_1,0,1
Brats18_CBICA_ASW_1,0,2
Brats18_CBICA_ASY_1,0,1
Brats18_CBICA_ATB_1,0,4
Brats18_CBICA_ATD_1,0,0
Brats18_CBICA_ATF_1,0,4
Brats18_CBICA_ATP_1,0,1
Brats18_CBICA_ATV_1,0,3
Brats18_CBICA_ATX_1,0,3
Brats18_CBICA_AUN_1,0,4
Brats18_CBICA_AUQ_1,0,3
Brats18_CBICA_AUR_1,0,1
Brats18_CBICA_AVG_1,0,0
Brats18_CBICA_AVJ_1,0,0
Brats18_CBICA_AVV_1,0,1
Brats18_CBICA_AWG_1,0,0
Brats18_CBICA_AWH_1,0,1
Brats18_CBICA_AWI_1,0,2
Brats18_CBICA_AXJ_1,0,3
Brats18_CBICA_AXL_1,0,4
Brats18_CBICA_AXM_1,0,1
Brats18_CBICA_AXN_1,0,3
Brats18_CBICA_AXO_1,0,1
Brats18_CBICA_AXQ_1,0,2
Brats18_CBICA_AXW_1,0,1
Brats18_CBICA_AYA_1,0,3
Brats18_CBICA_AYI_1,0,2
Brats18_CBICA_AYU_1,0,4
Brats18_CBICA_AYW_1,0,0
Brats18_CBICA_AZD_1,0,4
Brats18_CBICA_AZH_1,0,3
Brats18_CBICA_BHB_1,0,3
Brats18_CBICA_BHM_1,0,0
Brats18_TCIA01_147_1,0,2
Brats18_TCIA01_150_1,0,1
Brats18_TCIA01_186_1,0,3
Brats18_TCIA01_190_1,0,3
Brats18_TCIA01_201_1,0,2
Brats18_TCIA01_203_1,0,2
Brats18_TCIA01_231_1,0,4
Brats18_TCIA01_235_1,0,1
Brats18_TCIA01_335_1,0,3
Brats18_TCIA01_378_1,0,1
Brats18_TCIA01_390_1,0,0
Brats18_TCIA01_401_1,0,4
Brats18_TCIA01_411_1,0,4
Brats18_TCIA01_412_1,0,1
Brats18_TCIA01_425_1,0,0
Brats18_TCIA01_429_1,0,2
Brats18_TCIA01_448_1,0,2
Brats18_TCIA01_460_1,0,0
Brats18_TCIA01_499_1,0,0
Brats18_TCIA02_118_1,0,4
Brats18_TCIA02_135_1,0,3
Brats18_TCIA02_151_1,0,4
Brats18_TCIA02_179_1,0,0
Brats18_TCIA02_198_1,0,1
Brats18_TCIA02_226_1,0,3
Brats18_TCIA02_274_1,0,4
Brats18_TCIA02_283_1,0,3
Brats18_TCIA02_290_1,0,4
Brats18_TCIA02_300_1,0,3
Brats18_TCIA02_314_1,0,0
Brats18_TCIA02_321_1,0,1
Brats18_TCIA02_322_1,0,3
Brats18_TCIA02_331_1,0,4
Brats18_TCIA02_368_1,0,3
Brats18_TCIA02_377_1,0,0
Brats18_TCIA02_394_1,0,2
Brats18_TCIA02_430_1,0,4
Brats18_TCIA02_455_1,0,2
Brats18_TCIA02_471_1,0,4
Brats18_TCIA02_473_1,0,2
Brats18_TCIA02_491_1,0,1
Brats18_TCIA03_121_1,0,4
Brats18_TCIA03_133_1,0,1
Brats18_TCIA03_138_1,0,3
Brats18_TCIA03_199_1,0,0
Brats18_TCIA03_257_1,0,4
Brats18_TCIA03_265_1,0,4
Brats18_TCIA03_296_1,0,2
Brats18_TCIA03_338_1,0,1
Brats18_TCIA03_375_1,0,0
Brats18_TCIA03_419_1,0,1
Brats18_TCIA03_474_1,0,2
Brats18_TCIA03_498_1,0,4
Brats18_TCIA04_111_1,0,1
Brats18_TCIA04_149_1,0,4
Brats18_TCIA04_192_1,0,0
Brats18_TCIA04_343_1,0,3
Brats18_TCIA04_361_1,0,1
Brats18_TCIA04_437_1,0,4
Brats18_TCIA04_479_1,0,0
Brats18_TCIA05_277_1,0,4
Brats18_TCIA05_478_1,0,3
Brats18_TCIA06_165_1,0,1
Brats18_TCIA06_184_1,0,2
Brats18_TCIA06_247_1,0,1
Brats18_TCIA06_372_1,0,0
Brats18_TCIA06_409_1,0,3
Brats18_TCIA08_105_1,0,2
Brats18_TCIA08_167_1,0,2
Brats18_TCIA08_218_1,0,3
Brats18_TCIA08_242_1,0,1
Brats18_TCIA08_278_1,0,2
Brats18_TCIA08_280_1,0,0
Brats18_TCIA08_319_1,0,0
Brats18_TCIA08_406_1,0,1
Brats18_TCIA08_469_1,0,2
Brats18_2013_11_1,1,2
Brats18_2013_27_1,1,0
Brats18_CBICA_AAB_1,1,4
Brats18_CBICA_AAG_1,1,4
Brats18_CBICA_AAL_1,1,0
Brats18_CBICA_AAP_1,1,4
Brats18_CBICA_ABB_1,1,1
Brats18_CBICA_ABE_1,1,2
Brats18_CBICA_ABM_1,1,1
Brats18_CBICA_ABN_1,1,3
Brats18_CBICA_ABO_1,1,0
Brats18_CBICA_ABY_1,1,2
Brats18_CBICA_ALN_1,1,1
Brats18_CBICA_ALU_1,1,3
Brats18_CBICA_ALX_1,1,3
Brats18_CBICA_AME_1,1,3
Brats18_CBICA_AMH_1,1,4
Brats18_CBICA_ANG_1,1,2
Brats18_CBICA_ANI_1,1,4
Brats18_CBICA_ANP_1,1,4
Brats18_CBICA_ANZ_1,1,1
Brats18_CBICA_AOD_1,1,2
Brats18_CBICA_AOH_1,1,3
Brats18_CBICA_AOO_1,1,2
Brats18_CBICA_AOP_1,1,1
Brats18_CBICA_AOZ_1,1,4
Brats18_CBICA_APR_1,1,2
Brats18_CBICA_APY_1,1,4
Brats18_CBICA_APZ_1,1,4
Brats18_CBICA_AQA_1,1,3
Brats18_CBICA_AQD_1,1,3
Brats18_CBICA_AQG_1,1,1
Brats18_CBICA_AQJ_1,1,4
Brats18_CBICA_AQN_1,1,1
Brats18_CBICA_AQO_1,1,0
Brats18_CBICA_AQP_1,1,2
Brats18_CBICA_AQQ_1,1,1
Brats18_CBICA_AQR_1,1,0
Brats18_CBICA_AQT_1,1,0
Brats18_CBICA_AQU_1,1,1
Brats18_CBICA_AQV_1,1,4
Brats18_CBICA_AQY_1,1,3
Brats18_CBICA_AQZ_1,1,4
Brats18_CBICA_ARF_1,1,2
Brats18_CBICA_ARW_1,1,2
Brats18_CBICA_ARZ_1,1,3
Brats18_CBICA_ASA_1,1,3
Brats18_CBICA_ASE_1,1,0
Brats18_CBICA_ASG_1,1,2
Brats18_CBICA_ASH_1,1,2
Brats18_CBICA_ASK_1,1,4
Brats18_CBICA_ASN_1,1,1
Brats18_CBICA_ASO_1,1,1
Brats18_CBICA_ASU_1,1,4
Brats18_CBICA_ASV_1,1,4
Brats18_CBICA_ASW_1,1,3
Brats18_CBICA_ASY_1,1,0
Brats18_CBICA_ATB_1,1,3
Brats18_CBICA_ATD_1,1,2
Brats18_CBICA_ATF_1,1,2
Brats18_CBICA_ATP_1,1,3
Brats18_CBICA_ATV_1,1,1
Brats18_CBICA_ATX_1,1,2
Brats18_CBICA_AUN_1,1,2
Brats18_CBICA_AUQ_1,1,1
Brats18_CBICA_AUR_1,1,1
Brats18_CBICA_AVG_1,1,3
Brats18_CBICA_AVJ_1,1,3
Brats18_CBICA_AVV_1,1,2
Brats18_CBICA_AWG_1,1,2
Brats18_CBICA_AWH_1,1,4
Brats18_CBICA_AWI_1,1,3
Brats18_CBICA_AXJ_1,1,0
Brats18_CBICA_AXL_1,1,2
Brats18_CBICA_AXM_1,1,3
Brats18_CBICA_AXN_1,1,4
Brats18_CBICA_AXO_1,1,3
Brats18_CBICA_AXQ_1,1,1
Brats18_CBICA_AXW_1,1,4
Brats18_CBICA_AYA_1,1,3
Brats18_CBICA_AYI_1,1,0
Brats18_CBICA_AYU_1,1,2
Brats18_CBICA_AYW_1,1,3
Brats18_CBICA_AZD_1,1,0
Brats18_CBICA_AZH_1,1,4
Brats18_CBICA_BHB_1,1,0
Brats18_CBICA_BHM_1,1,0
Brats18_TCIA01_147_1,1,0
Brats18_TCIA01_150_1,1,4
Brats18_TCIA01_186_1,1,0
Brats18_TCIA01_190_1,1,1
Brats18_TCIA01_201_1,1,3
Brats18_TCIA01_203_1,1,0
Brats18_TCIA01_231_1,1,0
Brats18_TCIA01_235_1,1,4
Brats18_TCIA01_335_1,1,2
Brats18_TCIA01_378_1,1,3
Brats18_TCIA01_390_1,1,2
Brats18_TCIA01_401_1,1,3
Brats18_TCIA01_411_1,1,4
Brats18_TCIA01_412_1,1,0
Brats18_TCIA01_425_1,1,2
Brats18_TCIA01_429_1,1,1
Brats18_TCIA01_448_1,1,2
Brats18_TCIA01_460_1,1,4
Brats18_TCIA01_499_1,1,1
Brats18_TCIA02_118_1,1,2
Brats18_TCIA02_135_1,1,2
Brats18_TCIA02_151_1,1,0
Brats18_TCIA02_179_1,1,0
Brats18_TCIA02_198_1,1,2
Brats18_TCIA02_226_1,1,3
Brats18_TCIA02_274_1,1,4
Brats18_TCIA02_283_1,1,0
Brats18_TCIA02_290_1,1,4
Brats18_TCIA02_300_1,1,4
Brats18_TCIA02_314_1,1,2
Brats18_TCIA02_321_1,1,3
Brats18_TCIA02_322_1,1,2
Brats18_TCIA02_331_1,1,1
Brats18_TCIA02_368_1,1,3
Brats18_TCIA02_377_1,1,1
Brats18_TCIA02_394_1,1,0
Brats18_TCIA02_430_1,1,4
Brats18_TCIA02_455_1,1,2
Brats18_TCIA02_471_1,1,1
Brats18_TCIA02_473_1,1,2
Brats18_TCIA02_491_1,1,0
Brats18_TCIA03_121_1,1,4
Brats18_TCIA03_133_1,1,0
Brats18_TCIA03_138_1,1,0
Brats18_TCIA03_199_1,1,3
Brats18_TCIA03_257_1,1,0
Brats18_TCIA03_265_1,1,4
Brats18_TCIA03_296_1,1,0
Brats18_TCIA03_338_1,1,3
Brats18_TCIA03_375_1,1,2
Brats18_TCIA03_419_1,1,1
Brats18_TCIA03_474_1,1,1
Brats18_TCIA03_498_1,1,3
Brats18_TCIA04_111_1,1,1
Brats18_TCIA04_149_1,1,1
Brats18_TCIA04_192_1,1,1
Brats18_TCIA04_343_1,1,3
Brats18_TCIA04_361_1,1,1
Brats18_TCIA04_437_1,1,4
Brats18_TCIA04_479_1,1,1
Brats18_TCIA05_277_1,1,0
Brats18_TCIA05_478_1,1,1
Brats18_TCIA06_165_1,1,0
Brats18_TCIA06_184_1,1,2
Brats18_TCIA06_247_1,1,1
Brats18_TCIA06_372_1,1,1
Brats18_TCIA06_409_1,1,0
Brats18_TCIA08_105_1,1,0
Brats18_TCIA08_167_1,1,1
Brats18_TCIA08_218_1,1,4
Brats18_TCIA08_242_1,1,3
Brats18_TCIA08_278_1,1,0
Brats18_TCIA08_280_1,1,1
Brats18_TCIA08_319_1,1,4
Brats18_TCIA08_406_1,1,3
Brats18_TCIA08_469_1,1,0
Brats18_2013_11_1,2,2
Brats18_2013_27_1,2,2
Brats18_CBICA_AAB_1,2,3
Brats18_CBICA_AAG_1,2,0
Brats18_CBICA_AAL_1,2,0
Brats18_CBICA_AAP_1,2,0
Brats18_CBICA_ABB_1,2,2
Brats18_CBICA_ABE_1,2,4
Brats18_CBICA_ABM_1,2,3
Brats18_CBICA_ABN_1,2,2
Brats18_CBICA_ABO_1,2,4
Brats18_CBICA_ABY_1,2,1
Brats18_CBICA_ALN_1,2,1
Brats18_CBICA_ALU_1,2,2
Brats18_CBICA_ALX_1,2,3
Brats18_CBICA_AME_1,2,2
Brats18_CBICA_AMH_1,2,4
Brats18_CBICA_ANG_1,2,1
Brats18_CBICA_ANI_1,2,2
Brats18_CBICA_ANP_1,2,4
Brats18_CBICA_ANZ_1,2,0
Brats18_CBICA_AOD_1,2,3
Brats18_CBICA_AOH_1,2,1
Brats18_CBICA_AOO_1,2,2
Brats18_CBICA_AOP_1,2,2
Brats18_CBICA_AOZ_1,2,1
Brats18_CBICA_APR_1,2,4
Brats18_CBICA_APY_1,2,0
Brats18_CBICA_APZ_1,2,4
Brats18_CBICA_AQA_1,2,2
Brats18_CBICA_AQD_1,2,0
Brats18_CBICA_AQG_1,2,0
Brats18_CBICA_AQJ_1,2,3
Brats18_CBICA_AQN_1,2,4
Brats18_CBICA_AQO_1,2,4
Brats18_CBICA_AQP_1,2,4
Brats18_CBICA_AQQ_1,2,1
Brats18_CBICA_AQR_1,2,0
Brats18_CBICA_AQT_1,2,0
Brats18_CBICA_AQU_1,2,3
Brats18_CBICA_AQV_1,2,4
Brats18_CBICA_AQY_1,2,4
Brats18_CBICA_AQZ_1,2,0
Brats18_CBICA_ARF_1,2,3
Brats18_CBICA_ARW_1,2,4
Brats18_CBICA_ARZ_1,2,0
Brats18_CBICA_ASA_1,2,2
Brats18_CBICA_ASE_1,2,3
Brats18_CBICA_ASG_1,2,4
Brats18_CBICA_ASH_1,2,3
Brats18_CBICA_ASK_1,2,2
Brats18_CBICA_ASN_1,2,1
Brats18_CBICA_ASO_1,2,0
Brats18_CBICA_ASU_1,2,1
Brats18_CBICA_ASV_1,2,1
Brats18_CBICA_ASW_1,2,4
Brats18_CBICA_ASY_1,2,1
Brats18_CBICA_ATB_1,2,2
Brats18_CBICA_ATD_1,2,1
Brats18_CBICA_ATF_1,2,4
Brats18_CBICA_ATP_1,2,0
Brats18_CBICA_ATV_1,2,2
Brats18_CBICA_ATX_1,2,0
Brats18_CBICA_AUN_1,2,4
Brats18_CBICA_AUQ_1,2,4
Brats18_CBICA_AUR_1,2,1
Brats18_CBICA_AVG_1,2,0
Brats18_CBICA_AVJ_1,2,3
Brats18_CBICA_AVV_1,2,4
Brats18_CBICA_AWG_1,2,2
Brats18_CBICA_AWH_1,2,3
Brats18_CBICA_AWI_1,2,2
Brats18_CBICA_AXJ_1,2,1
Brats18_CBICA_AXL_1,2,1
Brats18_CBICA_AXM_1,2,1
Brats18_CBICA_AXN_1,2,3
Brats18_CBICA_AXO_1,2,1
Brats18_CBICA_AXQ_1,2,0
Brats18_CBICA_AXW_1,2,2
Brats18_CBICA_AYA_1,2,1
Brats18_CBICA_AYI_1,2,4
Brats18_CBICA_AYU_1,2,0
Brats18_CBICA_AYW_1,2,1
Brats18_CBICA_AZD_1,2,3
Brats18_CBICA_AZH_1,2,0
Brats18_CBICA_BHB_1,2,2
Brats18_CBICA_BHM_1,2,2
Brats18_TCIA01_147_1,2,1
Brats18_TCIA01_150_1,2,4
Brats18_TCIA01_186_1,2,3
Brats18_TCIA01_190_1,2,2
Brats18_TCIA01_201_1,2,1
Brats18_TCIA01_203_1,2,4
Brats18_TCIA01_231_1,2,3
Brats18_TCIA01_235_1,2,2
Brats18_TCIA01_335_1,2,0
Brats18_TCIA01_378_1,2,3
Brats18_TCIA01_390_1,2,1
Brats18_TCIA01_401_1,2,0
Brats18_TCIA01_411_1,2,3
Brats18_TCIA01_412_1,2,1
Brats18_TCIA01_425_1,2,2
Brats18_TCIA01_429_1,2,2
Brats18_TCIA01_448_1,2,0
Brats18_TCIA01_460_1,2,4
Brats18_TCIA01_499_1,2,1
Brats18_TCIA02_118_1,2,3
Brats18_TCIA02_135_1,2,0
Brats18_TCIA02_151_1,2,1
Brats18_TCIA02_179_1,2,4
Brats18_TCIA02_198_1,2,3
Brats18_TCIA02_226_1,2,2
Brats18_TCIA02_274_1,2,0
Brats18_TCIA02_283_1,2,3
Brats18_TCIA02_290_1,2,0
Brats18_TCIA02_300_1,2,3
Brats18_TCIA02_314_1,2,0
Brats18_TCIA02_321_1,2,0
Brats18_TCIA02_322_1,2,0
Brats18_TCIA02_331_1,2,0
Brats18_TCIA02_368_1,2,3
Brats18_TCIA02_377_1,2,1
Brats18_TCIA02_394_1,2,4
Brats18_TCIA02_430_1,2,1
Brats18_TCIA02_455_1,2,3
Brats18_TCIA02_471_1,2,2
Brats18_TCIA02_473_1,2,3
Brats18_TCIA02_491_1,2,1
Brats18_TCIA03_121_1,2,2
Brats18_TCIA03_133_1,2,0
Brats18_TCIA03_138_1,2,4
Brats18_TCIA03_199_1,2,3
Brats18_TCIA03_257_1,2,1
Brats18_TCIA03_265_1,2,2
Brats18_TCIA03_296_1,2,3
Brats18_TCIA03_338_1,2,0
Brats18_TCIA03_375_1,2,2
Brats18_TCIA03_419_1,2,0
Brats18_TCIA03_474_1,2,3
Brats18_TCIA03_498_1,2,2
Brats18_TCIA04_111_1,2,1
Brats18_TCIA04_149_1,2,4
Brats18_TCIA04_192_1,2,0
Brats18_TCIA04_343_1,2,4
Brats18_TCIA04_361_1,2,4
Brats18_TCIA04_437_1,2,4
Brats18_TCIA04_479_1,2,2
Brats18_TCIA05_277_1,2,4
Brats18_TCIA05_478_1,2,1
Brats18_TCIA06_165_1,2,1
Brats18_TCIA06_184_1,2,1
Brats18_TCIA06_247_1,2,2
Brats18_TCIA06_372_1,2,3
Brats18_TCIA06_409_1,2,2
Brats18_TCIA08_105_1,2,0
Brats18_TCIA08_167_1,2,4
Brats18_TCIA08_218_1,2,4
Brats18_TCIA08_242_1,2,1
Brats18_TCIA08_278_1,2,3
Brats18_TCIA08_280_1,2,3
Brats18_TCIA08_319_1,2,3
Brats18_TCIA08_406_1,2,3
Brats18_TCIA08_469_1,2,2
Brats18_2013_11_1,3,1
Brats18_2013_27_1,3,3
Brats18_CBICA_AAB_1,3,2
Brats18_CBICA_AAG_1,3,3
Brats18_CBICA_AAL_1,3,3
Brats18_CBICA_AAP_1,3,0
Brats18_CBICA_ABB_1,3,3
Brats18_CBICA_ABE_1,3,0
Brats18_CBICA_ABM_1,3,3
Brats18_CBICA_ABN_1,3,2
Brats18_CBICA_ABO_1,3,0
Brats18_CBICA_ABY_1,3,1
Brats18_CBICA_ALN_1,3,0
Brats18_CBICA_ALU_1,3,1
Brats18_CBICA_ALX_1,3,2
Brats18_CBICA_AME_1,3,2
Brats18_CBICA_AMH_1,3,0
Brats18_CBICA_ANG_1,3,2
Brats18_CBICA_ANI_1,3,2
Brats18_CBICA_ANP_1,3,2
Brats18_CBICA_ANZ_1,3,0
Brats18_CBICA_AOD_1,3,4
Brats18_CBICA_AOH_1,3,3
Brats18_CBICA_AOO_1,3,4
Brats18_CBICA_AOP_1,3,1
Brats18_CBICA_AOZ_1,3,1
Brats18_CBICA_APR_1,3,3
Brats18_CBICA_APY_1,3,2
Brats18_CBICA_APZ_1,3,4
Brats18_CBICA_AQA_1,3,1
Brats18_CBICA_AQD_1,3,2
Brats18_CBICA_AQG_1,3,0
Brats18_CBICA_AQJ_1,3,4
Brats18_CBICA_AQN_1,3,2
Brats18_CBICA_AQO_1,3,4
Brats18_CBICA_AQP_1,3,0
Brats18_CBICA_AQQ_1,3,0
Brats18_CBICA_AQR_1,3,4
Brats18_CBICA_AQT_1,3,1
Brats18_CBICA_AQU_1,3,3
Brats18_CBICA_AQV_1,3,2
Brats18_CBICA_AQY_1,3,4
Brats18_CBICA_AQZ_1,3,0
Brats18_CBICA_ARF_1,3,2
Brats18_CBICA_ARW_1,3,0
Brats18_CBICA_ARZ_1,3,3
Brats18_CBICA_ASA_1,3,0
Brats18_CBICA_ASE_1,3,1
Brats18_CBICA_ASG_1,3,2
Brats18_CBICA_ASH_1,3,0
Brats18_CBICA_ASK_1,3,4
Brats18_CBICA_ASN_1,3,0
Brats18_CBICA_ASO_1,3,4
Brats18_CBICA_ASU_1,3,1
Brats18_CBICA_ASV_1,3,4
Brats18_CBICA_ASW_1,3,1
Brats18_CBICA_ASY_1,3,1
Brats18_CBICA_ATB_1,3,2
Brats18_CBICA_ATD_1,3,4
Brats18_CBICA_ATF_1,3,1
Brats18_CBICA_ATP_1,3,2
Brats18_CBICA_ATV_1,3,3
Brats18_CBICA_ATX_1,3,1
Brats18_CBICA_AUN_1,3,2
Brats18_CBICA_AUQ_1,3,2
Brats18_CBICA_AUR_1,3,0
Brats18_CBICA_AVG_1,3,4
Brats18_CBICA_AVJ_1,3,0
Brats18_CBICA_AVV_1,3,4
Brats18_CBICA_AWG_1,3,4
Brats18_CBICA_AWH_1,3,4
Brats18_CBICA_AWI_1,3,4
Brats18_CBICA_AXJ_1,3,1
Brats18_CBICA_AXL_1,3,3
Brats18_CBICA_AXM_1,3,3
Brats18_CBICA_AXN_1,3,1
Brats18_CBICA_AXO_1,3,0
Brats18_CBICA_AXQ_1,3,4
Brats18_CBICA_AXW_1,3,0
Brats18_CBICA_AYA_1,3,3
Brats18_CBICA_AYI_1,3,0
Brats18_CBICA_AYU_1,3,4
Brats18_CBICA_AYW_1,3,1
Brats18_CBICA_AZD_1,3,0
Brats18_CBICA_AZH_1,3,4
Brats18_CBICA_BHB_1,3,2
Brats18_CBICA_BHM_1,3,1
Brats18_TCIA01_147_1,3,0
Brats18_TCIA01_150_1,3,4
Brats18_TCIA01_186_1,3,1
Brats18_TCIA01_190_1,3,4
Brats18_TCIA01_201_1,3,2
Brats18_TCIA01_203_1,3,3
Brats18_TCIA01_231_1,3,4
Brats18_TCIA01_235_1,3,3
Brats18_TCIA01_335_1,3,2
Brats18_TCIA01_378_1,3,2
Brats18_TCIA01_390_1,3,2
Brats18_TCIA01_401_1,3,1
Brats18_TCIA01_411_1,3,3
Brats18_TCIA01_412_1,3,2
Brats18_TCIA01_425_1,3,0
Brats18_TCIA01_429_1,3,3
Brats18_TCIA01_448_1,3,0
Brats18_TCIA01_460_1,3,2
Brats18_TCIA01_499_1,3,2
Brats18_TCIA02_118_1,3,2
Brats18_TCIA02_135_1,3,1
Brats18_TCIA02_151_1,3,1
Brats18_TCIA02_179_1,3,3
Brats18_TCIA02_198_1,3,1
Brats18_TCIA02_226_1,3,1
Brats18_TCIA02_274_1,3,3
Brats18_TCIA02_283_1,3,2
Brats18_TCIA02_290_1,3,4
Brats18_TCIA02_300_1,3,3
Brats18_TCIA02_314_1,3,3
Brats18_TCIA02_321_1,3,1
Brats18_TCIA02_322_1,3,2
Brats18_TCIA02_331_1,3,2
Brats18_TCIA02_368_1,3,1
Brats18_TCIA02_377_1,3,0
Brats18_TCIA02_394_1,3,1
Brats18_TCIA02_430_1,3,1
Brats18_TCIA02_455_1,3,2
Brats18_TCIA02_471_1,3,2
Brats18_TCIA02_473_1,3,1
Brats18_TCIA02_491_1,3,2
Brats18_TCIA03_121_1,3,4
Brats18_TCIA03_133_1,3,3
Brats18_TCIA03_138_1,3,3
Brats18_TCIA03_199_1,3,4
Brats18_TCIA03_257_1,3,3
Brats18_TCIA03_265_1,3,4
Brats18_TCIA03_296_1,3,4
Brats18_TCIA03_338_1,3,3
Brats18_TCIA03_375_1,3,0
Brats18_TCIA03_419_1,3,4
Brats18_TCIA03_474_1,3,3
Brats18_TCIA03_498_1,3,3
Brats18_TCIA04_111_1,3,1
Brats18_TCIA04_149_1,3,0
Brats18_TCIA04_192_1,3,3
Brats18_TCIA04_343_1,3,1
Brats18_TCIA04_361_1,3,1
Brats18_TCIA04_437_1,3,0
Brats18_TCIA04_479_1,3,4
Brats18_TCIA05_277_1,3,3
Brats18_TCIA05_478_1,3,0
Brats18_TCIA06_165_1,3,1
Brats18_TCIA06_184_1,3,3
Brats18_TCIA06_247_1,3,4
Brats18_TCIA06_372_1,3,1
Brats18_TCIA06_409_1,3,0
Brats18_TCIA08_105_1,3,0
Brats18_TCIA08_167_1,3,0
Brats18_TCIA08_218_1,3,3
Brats18_TCIA08_242_1,3,2
Brats18_TCIA08_278_1,3,4
Brats18_TCIA08_280_1,3,4
Brats18_TCIA08_319_1,3,0
Brats18_TCIA08_406_1,3,3
Brats18_TCIA08_469_1,3,0
Brats18_2013_11_1,4,0
Brats18_2013_27_1,4,1
Brats18_CBICA_AAB_1,4,1
Brats18_CBICA_AAG_1,4,3
Brats18_CBICA_AAL_1,4,0
Brats18_CBICA_AAP_1,4,4
Brats18_CBICA_ABB_1,4,1
Brats18_CBICA_ABE_1,4,0
Brats18_CBICA_ABM_1,4,2
Brats18_CBICA_ABN_1,4,3
Brats18_CBICA_ABO_1,4,1
Brats18_CBICA_ABY_1,4,2
Brats18_CBICA_ALN_1,4,2
Brats18_CBICA_ALU_1,4,1
Brats18_CBICA_ALX_1,4,1
Brats18_CBICA_AME_1,4,4
Brats18_CBICA_AMH_1,4,4
Brats18_CBICA_ANG_1,4,2
Brats18_CBICA_ANI_1,4,3
Brats18_CBICA_ANP_1,4,1
Brats18_CBICA_ANZ_1,4,0
Brats18_CBICA_AOD_1,4,2
Brats18_CBICA_AOH_1,4,4
Brats18_CBICA_AOO_1,4,2
Brats18_CBICA_AOP_1,4,1
Brats18_CBICA_AOZ_1,4,1
Brats18_CBICA_APR_1,4,1
Brats18_CBICA_APY_1,4,2
Brats18_CBICA_APZ_1,4,2
Brats18_CBICA_AQA_1,4,2
Brats18_CBICA_AQD_1,4,3
Brats18_CBICA_AQG_1,4,0
Brats18_CBICA_AQJ_1,4,0
Brats18_CBICA_AQN_1,4,3
Brats18_CBICA_AQO_1,4,2
Brats18_CBICA_AQP_1,4,4
Brats18_CBICA_AQQ_1,4,1
Brats18_CBICA_AQR_1,4,0
Brats18_CBICA_AQT_1,4,3
Brats18_CBICA_AQU_1,4,1
Brats18_CBICA_AQV_1,4,1
Brats18_CBICA_AQY_1,4,3
Brats18_CBICA_AQZ_1,4,1
Brats18_CBICA_ARF_1,4,0
Brats18_CBICA_ARW_1,4,0
Brats18_CBICA_ARZ_1,4,1
Brats18_CBICA_ASA_1,4,2
Brats18_CBICA_ASE_1,4,3
Brats18_CBICA_ASG_1,4,1
Brats18_CBICA_ASH_1,4,3
Brats18_CBICA_ASK_1,4,4
Brats18_CBICA_ASN_1,4,0
Brats18_CBICA_ASO_1,4,0
Brats18_CBICA_ASU_1,4,2
Brats18_CBICA_ASV_1,4,4
Brats18_CBICA_ASW_1,4,1
Brats18_CBICA_ASY_1,4,2
Brats18_CBICA_ATB_1,4,2
Brats18_CBICA_ATD_1,4,3
Brats18_CBICA_ATF_1,4,1
Brats18_CBICA_ATP_1,4,1
Brats18_CBICA_ATV_1,4,3
Brats18_CBICA_ATX_1,4,2
Brats18_CBICA_AUN_1,4,2
Brats18_CBICA_AUQ_1,4,2
Brats18_CBICA_AUR_1,4,3
Brats18_CBICA_AVG_1,4,0
Brats18_CBICA_AVJ_1,4,0
Brats18_CBICA_AVV_1,4,0
Brats18_CBICA_AWG_1,4,2
Brats18_CBICA_AWH_1,4,2
Brats18_CBICA_AWI_1,4,3
Brats18_CBICA_AXJ_1,4,1
Brats18_CBICA_AXL_1,4,4
Brats18_CBICA_AXM_1,4,0
Brats18_CBICA_AXN_1,4,2
Brats18_CBICA_AXO_1,4,4
Brats18_CBICA_AXQ_1,4,1
Brats18_CBICA_AXW_1,4,0
Brats18_CBICA_AYA_1,4,1
Brats18_CBICA_AYI_1,4,4
Brats18_CBICA_AYU_1,4,3
Brats18_CBICA_AYW_1,4,1
Brats18_CBICA_AZD_1,4,0
Brats18_CBICA_AZH_1,4,4
Brats18_CBICA_BHB_1,4,2
Brats18_CBICA_BHM_1,4,4
Brats18_TCIA01_147_1,4,4
Brats18_TCIA01_150_1,4,3
Brats18_TCIA01_186_1,4,4
Brats18_TCIA01_190_1,4,2
Brats18_TCIA01_201_1,4,4
Brats18_TCIA01_203_1,4,1
Brats18_TCIA01_231_1,4,0
Brats18_TCIA01_235_1,4,3
Brats18_TCIA01_335_1,4,1
Brats18_TCIA01_378_1,4,4
Brats18_TCIA01_390_1,4,4
Brats18_TCIA01_401_1,4,2
Brats18_TCIA01_411_1,4,3
Brats18_TCIA01_412_1,4,3
Brats18_TCIA01_425_1,4,4
Brats18_TCIA01_429_1,4,2
Brats18_TCIA01_448_1,4,3
Brats18_TCIA01_460_1,4,1
Brats18_TCIA01_499_1,4,3
Brats18_TCIA02_118_1,4,4
Brats18_TCIA02_135_1,4,4
Brats18_TCIA02_151_1,4,0
Brats18_TCIA02_179_1,4,1
Brats18_TCIA02_198_1,4,0
Brats18_TCIA02_226_1,4,4
Brats18_TCIA02_274_1,4,2
Brats18_TCIA02_283_1,4,3
Brats18_TCIA02_290_1,4,1
Brats18_TCIA02_300_1,4,4
Brats18_TCIA02_314_1,4,4
Brats18_TCIA02_321_1,4,0
Brats18_TCIA02_322_1,4,1
Brats18_TCIA02_331_1,4,4
Brats18_TCIA02_368_1,4,3
Brats18_TCIA02_377_1,4,0
Brats18_TCIA02_394_1,4,2
Brats18_TCIA02_430_1,4,3
Brats18_TCIA02_455_1,4,0
Brats18_TCIA02_471_1,4,1
Brats18_TCIA02_473_1,4,0
Brats18_TCIA02_491_1,4,0
Brats18_TCIA03_121_1,4,0
Brats18_TCIA03_133_1,4,2
Brats18_TCIA03_138_1,4,3
Brats18_TCIA03_199_1,4,0
Brats18_TCIA03_257_1,4,3
Brats18_TCIA03_265_1,4,3
Brats18_TCIA03_296_1,4,4
Brats18_TCIA03_338_1,4,2
Brats18_TCIA03_375_1,4,3
Brats18_TCIA03_419_1,4,1
Brats18_TCIA03_474_1,4,2
Brats18_TCIA03_498_1,4,4
Brats18_TCIA04_111_1,4,3
Brats18_TCIA04_149_1,4,2
Brats18_TCIA04_192_1,4,2
Brats18_TCIA04_343_1,4,1
Brats18_TCIA04_361_1,4,4
Brats18_TCIA04_437_1,4,4
Brats18_TCIA04_479_1,4,1
Brats18_TCIA05_277_1,4,4
Brats18_TCIA05_478_1,4,3
Brats18_TCIA06_165_1,4,0
Brats18_TCIA06_184_1,4,0
Brats18_TCIA06_247_1,4,0
Brats18_TCIA06_372_1,4,0
Brats18_TCIA06_409_1,4,2
Brats18_TCIA08_105_1,4,3
Brats18_TCIA08_167_1,4,0
Brats18_TCIA08_218_1,4,3
Brats18_TCIA08_242_1,4,0
Brats18_TCIA08_278_1,4,3
Brats18_TCIA08_280_1,4,4
Brats18_TCIA08_319_1,4,4
Brats18_TCIA08_406_1,4,4
Brats18_TCIA08_469_1,4,2
Brats18_2013_11_1,5,1
Brats18_2013_27_1,5,3
Brats18_CBICA_AAB_1,5,4
Brats18_CBICA_AAG_1,5,4
Brats18_CBICA_AAL_1,5,3
Brats18_CBICA_AAP_1,5,1
Brats18_CBICA_ABB_1,5,0
Brats18_CBICA_ABE_1,5,2
Brats18_CBICA_ABM_1,5,3
Brats18_CBICA_ABN_1,5,0
Brats18_CBICA_ABO_1,5,1
Brats18_CBICA_ABY_1,5,4
Brats18_CBICA_ALN_1,5,4
Brats18_CBICA_ALU_1,5,3
Brats18_CBICA_ALX_1,5,2
Brats18_CBICA_AME_1,5,2
Brats18_CBICA_AMH_1,5,2
Brats18_CBICA_ANG_1,5,0
Brats18_CBICA_ANI_1,5,2
Brats18_CBICA_ANP_1,5,0
Brats18_CBICA_ANZ_1,5,0
Brats18_CBICA_AOD_1,5,1
Brats18_CBICA_AOH_1,5,2
Brats18_CBICA_AOO_1,5,1
Brats18_CBICA_AOP_1,5,1
Brats18_CBICA_AOZ_1,5,3
Brats18_CBICA_APR_1,5,2
Brats18_CBICA_APY_1,5,4
Brats18_CBICA_APZ_1,5,3
Brats18_CBICA_AQA_1,5,4
Brats18_CBICA_AQD_1,5,2
Brats18_CBICA_AQG_1,5,4
Brats18_CBICA_AQJ_1,5,0
Brats18_CBICA_AQN_1,5,0
Brats18_CBICA_AQO_1,5,1
Brats18_CBICA_AQP_1,5,1
Brats18_CBICA_AQQ_1,5,4
Brats18_CBICA_AQR_1,5,0
Brats18_CBICA_AQT_1,5,0
Brats18_CBICA_AQU_1,5,2
Brats18_CBICA_AQV_1,5,4
Brats18_CBICA_AQY_1,5,1
Brats18_CBICA_AQZ_1,5,3
Brats18_CBICA_ARF_1,5,3
Brats18_CBICA_ARW_1,5,3
Brats18_CBICA_ARZ_1,5,0
Brats18_CBICA_ASA_1,5,0
Brats18_CBICA_ASE_1,5,1
Brats18_CBICA_ASG_1,5,2
Brats18_CBICA_ASH_1,5,0
Brats18_CBICA_ASK_1,5,4
Brats18_CBICA_ASN_1,5,3
Brats18_CBICA_ASO_1,5,3
Brats18_CBICA_ASU_1,5,0
Brats18_CBICA_ASV_1,5,0
Brats18_CBICA_ASW_1,5,0
Brats18_CBICA_ASY_1,5,2
Brats18_CBICA_ATB_1,5,4
Brats18_CBICA_ATD_1,5,3
Brats18_CBICA_ATF_1,5,4
Brats18_CBICA_ATP_1,5,3
Brats18_CBICA_ATV_1,5,1
Brats18_CBICA_ATX_1,5,4
Brats18_CBICA_AUN_1,5,1
Brats18_CBICA_AUQ_1,5,3
Brats18_CBICA_AUR_1,5,3
Brats18_CBICA_AVG_1,5,0
Brats18_CBICA_AVJ_1,5,4
Brats18_CBICA_AVV_1,5,0
Brats18_CBICA_AWG_1,5,3
Brats18_CBICA_AWH_1,5,3
Brats18_CBICA_AWI_1,5,0
Brats18_CBICA_AXJ_1,5,2
Brats18_CBICA_AXL_1,5,2
Brats18_CBICA_AXM_1,5,4
Brats18_CBICA_AXN_1,5,2
Brats18_CBICA_AXO_1,5,3
Brats18_CBICA_AXQ_1,5,3
Brats18_CBICA_AXW_1,5,0
Brats18_CBICA_AYA_1,5,4
Brats18_CBICA_AYI_1,5,2
Brats18_CBICA_AYU_1,5,2
Brats18_CBICA_AYW_1,5,4
Brats18_CBICA_AZD_1,5,1
Brats18_CBICA_AZH_1,5,0
Brats18_CBICA_BHB_1,5,3
Brats18_CBICA_BHM_1,5,0
Brats18_TCIA01_147_1,5,1
Brats18_TCIA01_150_1,5,1
Brats18_TCIA01_186_1,5,4
Brats18_TCIA01_190_1,5,1
Brats18_TCIA01_201_1,5,0
Brats18_TCIA01_203_1,5,0
Brats18_TCIA01_231_1,5,2
Brats18_TCIA01_235_1,5,4
Brats18_TCIA01_335_1,5,2
Brats18_TCIA01_378_1,5,2
Brats18_TCIA01_390_1,5,1
Brats18_TCIA01_401_1,5,2
Brats18_TCIA01_411_1,5,3
Brats18_TCIA01_412_1,5,4
Brats18_TCIA01_425_1,5,4
Brats18_TCIA01_429_1,5,2
Brats18_TCIA01_448_1,5,1
Brats18_TCIA01_460_1,5,1
Brats18_TCIA01_499_1,5,4
Brats18_TCIA02_118_1,5,3
Brats18_TCIA02_135_1,5,2
Brats18_TCIA02_151_1,5,0
Brats18_TCIA02_179_1,5,4
Brats18_TCIA02_198_1,5,1
Brats18_TCIA02_226_1,5,0
Brats18_TCIA02_274_1,5,1
Brats18_TCIA02_283_1,5,2
Brats18_TCIA02_290_1,5,1
Brats18_TCIA02_300_1,5,0
Brats18_TCIA02_314_1,5,3
Brats18_TCIA02_321_1,5,1
Brats18_TCIA02_322_1,5,3
Brats18_TCIA02_331_1,5,1
Brats18_TCIA02_368_1,5,2
Brats18_TCIA02_377_1,5,0
Brats18_TCIA02_394_1,5,1
Brats18_TCIA02_430_1,5,4
Brats18_TCIA02_455_1,5,4
Brats18_TCIA02_471_1,5,3
Brats18_TCIA02_473_1,5,1
Brats18_TCIA02_491_1,5,1
Brats18_TCIA03_121_1,5,2
Brats18_TCIA03_133_1,5,1
Brats18_TCIA03_138_1,5,0
Brats18_TCIA03_199_1,5,3
Brats18_TCIA03_257_1,5,2
Brats18_TCIA03_265_1,5,4
Brats18_TCIA03_296_1,5,2
Brats18_TCIA03_338_1,5,2
Brats18_TCIA03_375_1,5,2
Brats18_TCIA03_419_1,5,4
Brats18_TCIA03_474_1,5,2
Brats18_TCIA03_498_1,5,1
Brats18_TCIA04_111_1,5,4
Brats18_TCIA04_149_1,5,0
Brats18_TCIA04_192_1,5,2
Brats18_TCIA04_343_1,5,0
Brats18_TCIA04_361_1,5,2
Brats18_TCIA04_437_1,5,4
Brats18_TCIA04_479_1,5,1
Brats18_TCIA05_277_1,5,3
Brats18_TCIA05_478_1,5,3
Brats18_TCIA06_165_1,5,0
Brats18_TCIA06_184_1,5,2
Brats18_TCIA06_247_1,5,4
Brats18_TCIA06_372_1,5,0
Brats18_TCIA06_409_1,5,1
Brats18_TCIA08_105_1,5,3
Brats18_TCIA08_167_1,5,4
Brats18_TCIA08_218_1,5,4
Brats18_TCIA08_242_1,5,1
Brats18_TCIA08_278_1,5,3
Brats18_TCIA08_280_1,5,0
Brats18_TCIA08_319_1,5,3
Brats18_TCIA08_406_1,5,3
Brats18_TCIA08_469_1,5,1
Brats18_2013_11_1,6,4
Brats18_2013_27_1,6,3
Brats18_CBICA_AAB_1,6,0
Brats18_CBICA_AAG_1,6,0
Brats18_CBICA_AAL_1,6,3
Brats18_CBICA_AAP_1,6,3
Brats18_CBICA_ABB_1,6,3
Brats18_CBICA_ABE_1,6,4
Brats18_CBICA_ABM_1,6,2
Brats18_CBICA_ABN_1,6,0
Brats18_CBICA_ABO_1,6,0
Brats18_CBICA_ABY_1,6,4
Brats18_CBICA_ALN_1,6,2
Brats18_CBICA_ALU_1,6,3
Brats18_CBICA_ALX_1,6,3
Brats18_CBICA_AME_1,6,4
Brats18_CBICA_AMH_1,6,3
Brats18_CBICA_ANG_1,6,4
Brats18_CBICA_ANI_1,6,1
Brats18_CBICA_ANP_1,6,2
Brats18_CBICA_ANZ_1,6,1
Brats18_CBICA_AOD_1,6,1
Brats18_CBICA_AOH_1,6,3
Brats18_CBICA_AOO_1,6,2
Brats18_CBICA_AOP_1,6,4
Brats18_CBICA_AOZ_1,6,2
Brats18_CBICA_APR_1,6,0
Brats18_CBICA_APY_1,6,0
Brats18_CBICA_APZ_1,6,2
Brats18_CBICA_AQA_1,6,0
Brats18_CBICA_AQD_1,6,3
Brats18_CBICA_AQG_1,6,0
Brats18_CBICA_AQJ_1,6,1
Brats18_CBICA_AQN_1,6,0
Brats18_CBICA_AQO_1,6,0
Brats18_CBICA_AQP_1,6,1
Brats18_CBICA_AQQ_1,6,3
Brats18_CBICA_AQR_1,6,4
Brats18_CBICA_AQT_1,6,2
Brats18_CBICA_AQU_1,6,2
Brats18_CBICA_AQV_1,6,0
Brats18_CBICA_AQY_1,6,3
Brats18_CBICA_AQZ_1,6,1
Brats18_CBICA_ARF_1,6,0
Brats18_CBICA_ARW_1,6,1
Brats18_CBICA_ARZ_1,6,3
Brats18_CBICA_ASA_1,6,2
Brats18_CBICA_ASE_1,6,4
Brats18_CBICA_ASG_1,6,2
Brats18_CBICA_ASH_1,6,1
Brats18_CBICA_ASK_1,6,0
Brats18_CBICA_ASN_1,6,4
Brats18_CBICA_ASO_1,6,2
Brats18_CBICA_ASU_1,6,4
Brats18_CBICA_ASV_1,6,3
Brats18_CBICA_ASW_1,6,1
Brats18_CBICA_ASY_1,6,4
Brats18_CBICA_ATB_1,6,3
Brats18_CBICA_ATD_1,6,3
Brats18_CBICA_ATF_1,6,1
Brats18_CBICA_ATP_1,6,1
Brats18_CBICA_ATV_1,6,3
Brats18_CBICA_ATX_1,6,2
Brats18_CBICA_AUN_1,6,2
Brats18_CBICA_AUQ_1,6,2
Brats18_CBICA_AUR_1,6,2
Brats18_CBICA_AVG_1,6,2
Brats18_CBICA_AVJ_1,6,4
Brats18_CBICA_AVV_1,6,3
Brats18_CBICA_AWG_1,6,2
Brats18_CBICA_AWH_1,6,4
Brats18_CBICA_AWI_1,6,0
Brats18_CBICA_AXJ_1,6,3
Brats18_CBICA_AXL_1,6,1
Brats18_CBICA_AXM_1,6,4
Brats18_CBICA_AXN_1,6,2
Brats18_CBICA_AXO_1,6,2
Brats18_CBICA_AXQ_1,6,2
Brats18_CBICA_AXW_1,6,4
Brats18_CBICA_AYA_1,6,4
Brats18_CBICA_AYI_1,6,1
Brats18_CBICA_AYU_1,6,3
Brats18_CBICA_AYW_1,6,0
Brats18_CBICA_AZD_1,6,0
Brats18_CBICA_AZH_1,6,0
Brats18_CBICA_BHB_1,6,2
Brats18_CBICA_BHM_1,6,3
Brats18_TCIA01_147_1,6,0
Brats18_TCIA01_150_1,6,1
Brats18_TCIA01_186_1,6,1
Brats18_TCIA01_190_1,6,2
Brats18_TCIA01_201_1,6,0
Brats18_TCIA01_203_1,6,4
Brats18_TCIA01_231_1,6,2
Brats18_TCIA01_235_1,6,1
Brats18_TCIA01_335_1,6,0
Brats18_TCIA01_378_1,6,4
Brats18_TCIA01_390_1,6,4
Brats18_TCIA01_401_1,6,4
Brats18_TCIA01_411_1,6,1
Brats18_TCIA01_412_1,6,0
Brats18_TCIA01_425_1,6,1
Brats18_TCIA01_429_1,6,2
Brats18_TCIA01_448_1,6,2
Brats18_TCIA01_460_1,6,2
Brats18_TCIA01_499_1,6,2
Brats18_TCIA02_118_1,6,4
Brats18_TCIA02_135_1,6,3
Brats18_TCIA02_151_1,6,4
Brats18_TCIA02_179_1,6,1
Brats18_TCIA02_198_1,6,3
Brats18_TCIA02_226_1,6,0
Brats18_TCIA02_274_1,6,1
Brats18_TCIA02_283_1,6,3
Brats18_TCIA02_290_1,6,0
Brats18_TCIA02_300_1,6,1
Brats18_TCIA02_314_1,6,4
Brats18_TCIA02_321_1,6,0
Brats18_TCIA02_322_1,6,4
Brats18_TCIA02_331_1,6,0
Brats18_TCIA02_368_1,6,3
Brats18_TCIA02_377_1,6,1
Brats18_TCIA02_394_1,6,0
Brats18_TCIA02_430_1,6,3
Brats18_TCIA02_455_1,6,0
Brats18_TCIA02_471_1,6,0
Brats18_TCIA02_473_1,6,3
Brats18_TCIA02_491_1,6,2
Brats18_TCIA03_121_1,6,4
Brats18_TCIA03_133_1,6,0
Brats18_TCIA03_138_1,6,1
Brats18_TCIA03_199_1,6,4
Brats18_TCIA03_257_1,6,3
Brats18_TCIA03_265_1,6,1
Brats18_TCIA03_296_1,6,0
Brats18_TCIA03_338_1,6,1
Brats18_TCIA03_375_1,6,1
Brats18_TCIA03_419_1,6,2
Brats18_TCIA03_474_1,6,4
Brats18_TCIA03_498_1,6,4
Brats18_TCIA04_111_1,6,4
Brats18_TCIA04_149_1,6,4
Brats18_TCIA04_192_1,6,2
Brats18_TCIA04_343_1,6,3
Brats18_TCIA04_361_1,6,1
Brats18_TCIA04_437_1,6,2
Brats18_TCIA04_479_1,6,3
Brats18_TCIA05_277_1,6,1
Brats18_TCIA05_478_1,6,4
Brats18_TCIA06_165_1,6,1
Brats18_TCIA06_184_1,6,1
Brats18_TCIA06_247_1,6,0
Brats18_TCIA06_372_1,6,4
Brats18_TCIA06_409_1,6,3
Brats18_TCIA08_105_1,6,1
Brats18_TCIA08_167_1,6,3
Brats18_TCIA08_218_1,6,1
Brats18_TCIA08_242_1,6,0
Brats18_TCIA08_278_1,6,2
Brats18_TCIA08_280_1,6,2
Brats18_TCIA08_319_1,6,1
Brats18_TCIA08_406_1,6,0
Brats18_TCIA08_469_1,6,3
Brats18_2013_11_1,7,2
Brats18_2013_27_1,7,2
Brats18_CBICA_AAB_1,7,4
Brats18_CBICA_AAG_1,7,2
Brats18_CBICA_AAL_1,7,3
Brats18_CBICA_AAP_1,7,4
Brats18_CBICA_ABB_1,7,4
Brats18_CBICA_ABE_1,7,0
Brats18_CBICA_ABM_1,7,0
Brats18_CBICA_ABN_1,7,3
Brats18_CBICA_ABO_1,7,4
Brats18_CBICA_ABY_1,7,0
Brats18_CBICA_ALN_1,7,0
Brats18_CBICA_ALU_1,7,1
Brats18_CBICA_ALX_1,7,3
Brats18_CBICA_AME_1,7,4
Brats18_CBICA_AMH_1,7,3
Brats18_CBICA_ANG_1,7,4
Brats18_CBICA_ANI_1,7,0
Brats18_CBICA_ANP_1,7,1
Brats18_CBICA_ANZ_1,7,1
Brats18_CBICA_AOD_1,7,1
Brats18_CBICA_AOH_1,7,1
Brats18_CBICA_AOO_1,7,4
Brats18_CBICA_AOP_1,7,4
Brats18_CBICA_AOZ_1,7,1
Brats18_CBICA_APR_1,7,1
Brats18_CBICA_APY_1,7,2
Brats18_CBICA_APZ_1,7,4
Brats18_CBICA_AQA_1,7,2
Brats18_CBICA_AQD_1,7,2
Brats18_CBICA_AQG_1,7,2
Brats18_CBICA_AQJ_1,7,0
Brats18_CBICA_AQN_1,7,1
Brats18_CBICA_AQO_1,7,2
Brats18_CBICA_AQP_1,7,0
Brats18_CBICA_AQQ_1,7,0
Brats18_CBICA_AQR_1,7,3
Brats18_CBICA_AQT_1,7,1
Brats18_CBICA_AQU_1,7,3
Brats18_CBICA_AQV_1,7,1
Brats18_CBICA_AQY_1,7,4
Brats18_CBICA_AQZ_1,7,3
Brats18_CBICA_ARF_1,7,2
Brats18_CBICA_ARW_1,7,2
Brats18_CBICA_ARZ_1,7,4
Brats18_CBICA_ASA_1,7,3
Brats18_CBICA_ASE_1,7,1
Brats18_CBICA_ASG_1,7,3
Brats18_CBICA_ASH_1,7,3
Brats18_CBICA_ASK_1,7,4
Brats18_CBICA_ASN_1,7,2
Brats18_CBICA_ASO_1,7,2
Brats18_CBICA_ASU_1,7,1
Brats18_CBICA_ASV_1,7,3
Brats18_CBICA_ASW_1,7,3
Brats18_CBICA_ASY_1,7,3
Brats18_CBICA_ATB_1,7,3
Brats18_CBICA_ATD_1,7,2
Brats18_CBICA_ATF_1,7,4
Brats18_CBICA_ATP_1,7,2
Brats18_CBICA_ATV_1,7,4
Brats18_CBICA_ATX_1,7,3
Brats18_CBICA_AUN_1,7,1
Brats18_CBICA_AUQ_1,7,1
Brats18_CBICA_AUR_1,7,0
Brats18_CBICA_AVG_1,7,1
Brats18_CBICA_AVJ_1,7,0
Brats18_CBICA_AVV_1,7,1
Brats18_CBICA_AWG_1,7,0
Brats18_CBICA_AWH_1,7,3
Brats18_CBICA_AWI_1,7,1
Brats18_CBICA_AXJ_1,7,2
Brats18_CBICA_AXL_1,7,1
Brats18_CBICA_AXM_1,7,1
Brats18_CBICA_AXN_1,7,3
Brats18_CBICA_AXO_1,7,4
Brats18_CBICA_AXQ_1,7,1
Brats18_CBICA_AXW_1,7,4
Brats18_CBICA_AYA_1,7,2
Brats18_CBICA_AYI_1,7,2
Brats18_CBICA_AYU_1,7,2
Brats18_CBICA_AYW_1,7,3
Brats18_CBICA_AZD_1,7,1
Brats18_CBICA_AZH_1,7,3
Brats18_CBICA_BHB_1,7,3
Brats18_CBICA_BHM_1,7,0
Brats18_TCIA01_147_1,7,0
Brats18_TCIA01_150_1,7,4
Brats18_TCIA01_186_1,7,1
Brats18_TCIA01_190_1,7,0
Brats18_TCIA01_201_1,7,0
Brats18_TCIA01_203_1,7,2
Brats18_TCIA01_231_1,7,0
Brats18_TCIA01_235_1,7,2
Brats18_TCIA01_335_1,7,2
Brats18_TCIA01_378_1,7,1
Brats18_TCIA01_390_1,7,0
Brats18_TCIA01_401_1,7,3
Brats18_TCIA01_411_1,7,2
Brats18_TCIA01_412_1,7,3
Brats18_TCIA01_425_1,7,4
Brats18_TCIA01_429_1,7,4
Brats18_TCIA01_448_1,7,4
Brats18_TCIA01_460_1,7,0
Brats18_TCIA01_499_1,7,1
Brats18_TCIA02_118_1,7,0
Brats18_TCIA02_135_1,7,0
Brats18_TCIA02_151_1,7,2
Brats18_TCIA02_179_1,7,0
Brats18_TCIA02_198_1,7,3
Brats18_TCIA02_226_1,7,1
Brats18_TCIA02_274_1,7,4
Brats18_TCIA02_283_1,7,2
Brats18_TCIA02_290_1,7,1
Brats18_TCIA02_300_1,7,1
Brats18_TCIA02_314_1,7,0
Brats18_TCIA02_321_1,7,0
Brats18_TCIA02_322_1,7,0
Brats18_TCIA02_331_1,7,0
Brats18_TCIA02_368_1,7,3
Brats18_TCIA02_377_1,7,3
Brats18_TCIA02_394_1,7,0
Brats18_TCIA02_430_1,7,4
Brats18_TCIA02_455_1,7,4
Brats18_TCIA02_471_1,7,3
Brats18_TCIA02_473_1,7,4
Brats18_TCIA02_491_1,7,3
Brats18_TCIA03_121_1,7,4
Brats18_TCIA03_133_1,7,3
Brats18_TCIA03_138_1,7,2
Brats18_TCIA03_199_1,7,1
Brats18_TCIA03_257_1,7,1
Brats18_TCIA03_265_1,7,4
Brats18_TCIA03_296_1,7,0
Brats18_TCIA03_338_1,7,4
Brats18_TCIA03_375_1,7,1
Brats18_TCIA03_419_1,7,2
Brats18_TCIA03_474_1,7,2
Brats18_TCIA03_498_1,7,0
Brats18_TCIA04_111_1,7,3
Brats18_TCIA04_149_1,7,2
Brats18_TCIA04_192_1,7,4
Brats18_TCIA04_343_1,7,4
Brats18_TCIA04_361_1,7,4
Brats18_TCIA04_437_1,7,0
Brats18_TCIA04_479_1,7,0
Brats18_TCIA05_277_1,7,1
Brats18_TCIA05_478_1,7,2
Brats18_TCIA06_165_1,7,3
Brats18_TCIA06_184_1,7,3
Brats18_TCIA06_247_1,7,3
Brats18_TCIA06_372_1,7,2
Brats18_TCIA06_409_1,7,1
Brats18_TCIA08_105_1,7,0
Brats18_TCIA08_167_1,7,2
Brats18_TCIA08_218_1,7,0
Brats18_TCIA08_242_1,7,0
Brats18_TCIA08_278_1,7,1
Brats18_TCIA08_280_1,7,2
Brats18_TCIA08_319_1,7,2
Brats18_TCIA08_406_1,7,4
Brats18_TCIA08_469_1,7,4
Brats18_2013_11_1,8,3
Brats18_2013_27_1,8,2
Brats18_CBICA_AAB_1,8,3
Brats18_CBICA_AAG_1,8,4
Brats18_CBICA_AAL_1,8,2
Brats18_CBICA_AAP_1,8,2
Brats18_CBICA_ABB_1,8,1
Brats18_CBICA_ABE_1,8,0
Brats18_CBICA_ABM_1,8,4
Brats18_CBICA_ABN_1,8,1
Brats18_CBICA_ABO_1,8,3
Brats18_CBICA_ABY_1,8,0
Brats18_CBICA_ALN_1,8,0
Brats18_CBICA_ALU_1,8,2
Brats18_CBICA_ALX_1,8,0
Brats18_CBICA_AME_1,8,1
Brats18_CBICA_AMH_1,8,2
Brats18_CBICA_ANG_1,8,3
Brats18_CBICA_ANI_1,8,4
Brats18_CBICA_ANP_1,8,4
Brats18_CBICA_ANZ_1,8,2
Brats18_CBICA_AOD_1,8,0
Brats18_CBICA_AOH_1,8,0
Brats18_CBICA_AOO_1,8,0
Brats18_CBICA_AOP_1,8,1
Brats18_CBICA_AOZ_1,8,4
Brats18_CBICA_APR_1,8,4
Brats18_CBICA_APY_1,8,4
Brats18_CBICA_APZ_1,8,1
Brats18_CBICA_AQA_1,8,2
Brats18_CBICA_AQD_1,8,2
Brats18_CBICA_AQG_1,8,2
Brats18_CBICA_AQJ_1,8,2
Brats18_CBICA_AQN_1,8,2
Brats18_CBICA_AQO_1,8,2
Brats18_CBICA_AQP_1,8,4
Brats18_CBICA_AQQ_1,8,3
Brats18_CBICA_AQR_1,8,0
Brats18_CBICA_AQT_1,8,2
Brats18_CBICA_AQU_1,8,1
Brats18_CBICA_AQV_1,8,1
Brats18_CBICA_AQY_1,8,4
Brats18_CBICA_AQZ_1,8,2
Brats18_CBICA_ARF_1,8,1
Brats18_CBICA_ARW_1,8,1
Brats18_CBICA_ARZ_1,8,4
Brats18_CBICA_ASA_1,8,2
Brats18_CBICA_ASE_1,8,4
Brats18_CBICA_ASG_1,8,4
Brats18_CBICA_ASH_1,8,3
Brats18_CBICA_ASK_1,8,3
Brats18_CBICA_ASN_1,8,0
Brats18_CBICA_ASO_1,8,1
Brats18_CBICA_ASU_1,8,4
Brats18_CBICA_ASV_1,8,3
Brats18_CBICA_ASW_1,8,3
Brats18_CBICA_ASY_1,8,4
Brats18_CBICA_ATB_1,8,1
Brats18_CBICA_ATD_1,8,4
Brats18_CBICA_ATF_1,8,1
Brats18_CBICA_ATP_1,8,1
Brats18_CBICA_ATV_1,8,1
Brats18_CBICA_ATX_1,8,4
Brats18_CBICA_AUN_1,8,0
Brats18_CBICA_AUQ_1,8,3
Brats18_CBICA_AUR_1,8,3
Brats18_CBICA_AVG_1,8,1
Brats18_CBICA_AVJ_1,8,1
Brats18_CBICA_AVV_1,8,3
Brats18_CBICA_AWG_1,8,4
Brats18_CBICA_AWH_1,8,4
Brats18_CBICA_AWI_1,8,0
Brats18_CBICA_AXJ_1,8,0
Brats18_CBICA_AXL_1,8,0
Brats18_CBICA_AXM_1,8,4
Brats18_CBICA_AXN_1,8,4
Brats18_CBICA_AXO_1,8,4
Brats18_CBICA_AXQ_1,8,0
Brats18_CBICA_AXW_1,8,3
Brats18_CBICA_AYA_1,8,3
Brats18_CBICA_AYI_1,8,2
Brats18_CBICA_AYU_1,8,3
Brats18_CBICA_AYW_1,8,1
Brats18_CBICA_AZD_1,8,2
Brats18_CBICA_AZH_1,8,3
Brats18_CBICA_BHB_1,8,4
Brats18_CBICA_BHM_1,8,2
Brats18_TCIA01_147_1,8,0
Brats18_TCIA01_150_1,8,3
Brats18_TCIA01_186_1,8,1
Brats18_TCIA01_190_1,8,2
Brats18_TCIA01_201_1,8,2
Brats18_TCIA01_203_1,8,4
Brats18_TCIA01_231_1,8,0
Brats18_TCIA01_235_1,8,2
Brats18_TCIA01_335_1,8,1
Brats18_TCIA01_378_1,8,2
Brats18_TCIA01_390_1,8,4
Brats18_TCIA01_401_1,8,1
Brats18_TCIA01_411_1,8,0
Brats18_TCIA01_412_1,8,4
Brats18_TCIA01_425_1,8,3
Brats18_TCIA01_429_1,8,4
Brats18_TCIA01_448_1,8,0
Brats18_TCIA01_460_1,8,2
Brats18_TCIA01_499_1,8,3
Brats18_TCIA02_118_1,8,4
Brats18_TCIA02_135_1,8,1
Brats18_TCIA02_151_1,8,2
Brats18_TCIA02_179_1,8,1
Brats18_TCIA02_198_1,8,4
Brats18_TCIA02_226_1,8,3
Brats18_TCIA02_274_1,8,0
Brats18_TCIA02_283_1,8,3
Brats18_TCIA02_290_1,8,1
Brats18_TCIA02_300_1,8,3
Brats18_TCIA02_314_1,8,0
Brats18_TCIA02_321_1,8,1
Brats18_TCIA02_322_1,8,2
Brats18_TCIA02_331_1,8,1
Brats18_TCIA02_368_1,8,2
Brats18_TCIA02_377_1,8,4
Brats18_TCIA02_394_1,8,3
Brats18_TCIA02_430_1,8,3
Brats18_TCIA02_455_1,8,2
Brats18_TCIA02_471_1,8,2
Brats18_TCIA02_473_1,8,1
Brats18_TCIA02_491_1,8,0
Brats18_TCIA03_121_1,8,0
Brats18_TCIA03_133_1,8,0
Brats18_TCIA03_138_1,8,1
Brats18_TCIA03_199_1,8,1
Brats18_TCIA03_257_1,8,3
Brats18_TCIA03_265_1,8,2
Brats18_TCIA03_296_1,8,0
Brats18_TCIA03_338_1,8,0
Brats18_TCIA03_375_1,8,0
Brats18_TCIA03_419_1,8,3
Brats18_TCIA03_474_1,8,0
Brats18_TCIA03_498_1,8,4
Brats18_TCIA04_111_1,8,3
Brats18_TCIA04_149_1,8,2
Brats18_TCIA04_192_1,8,1
Brats18_TCIA04_343_1,8,3
Brats18_TCIA04_361_1,8,0
Brats18_TCIA04_437_1,8,1
Brats18_TCIA04_479_1,8,0
Brats18_TCIA05_277_1,8,3
Brats18_TCIA05_478_1,8,1
Brats18_TCIA06_165_1,8,0
Brats18_TCIA06_184_1,8,4
Brats18_TCIA06_247_1,8,3
Brats18_TCIA06_372_1,8,2
Brats18_TCIA06_409_1,8,0
Brats18_TCIA08_105_1,8,3
Brats18_TCIA08_167_1,8,4
Brats18_TCIA08_218_1,8,0
Brats18_TCIA08_242_1,8,1
Brats18_TCIA08_278_1,8,1
Brats18_TCIA08_280_1,8,3
Brats18_TCIA08_319_1,8,2
Brats18_TCIA08_406_1,8,0
Brats18_TCIA08_469_1,8,2
Brats18_2013_11_1,9,0
Brats18_2013_27_1,9,0
Brats18_CBICA_AAB_1,9,0
Brats18_CBICA_AAG_1,9,3
Brats18_CBICA_AAL_1,9,4
Brats18_CBICA_AAP_1,9,1
Brats18_CBICA_ABB_1,9,1
Brats18_CBICA_ABE_1,9,0
Brats18_CBICA_ABM_1,9,1
Brats18_CBICA_ABN_1,9,4
Brats18_CBICA_ABO_1,9,4
Brats18_CBICA_ABY_1,9,0
Brats18_CBICA_ALN_1,9,2
Brats18_CBICA_ALU_1,9,2
Brats18_CBICA_ALX_1,9,3
Brats18_CBICA_AME_1,9,4
Brats18_CBICA_AMH_1,9,0
Brats18_CBICA_ANG_1,9,0
Brats18_CBICA_ANI_1,9,4
Brats18_CBICA_ANP_1,9,1
Brats18_CBICA_ANZ_1,9,1
Brats18_CBICA_AOD_1,9,2
Brats18_CBICA_AOH_1,9,2
Brats18_CBICA_AOO_1,9,3
Brats18_CBICA_AOP_1,9,0
Brats18_CBICA_AOZ_1,9,4
Brats18_CBICA_APR_1,9,2
Brats18_CBICA_APY_1,9,1
Brats18_CBICA_APZ_1,9,4
Brats18_CBICA_AQA_1,9,4
Brats18_CBICA_AQD_1,9,3
Brats18_CBICA_AQG_1,9,2
Brats18_CBICA_AQJ_1,9,2
Brats18_CBICA_AQN_1,9,0
Brats18_CBICA_AQO_1,9,4
Brats18_CBICA_AQP_1,9,0
Brats18_CBICA_AQQ_1,9,1
Brats18_CBICA_AQR_1,9,1
Brats18_CBICA_AQT_1,9,2
Brats18_CBICA_AQU_1,9,0
Brats18_CBICA_AQV_1,9,3
Brats18_CBICA_AQY_1,9,2
Brats18_CBICA_AQZ_1,9,0
Brats18_CBICA_ARF_1,9,2
Brats18_CBICA_ARW_1,9,3
Brats18_CBICA_ARZ_1,9,3
Brats18_CBICA_ASA_1,9,1
Brats18_CBICA_ASE_1,9,2
Brats18_CBICA_ASG_1,9,3
Brats18_CBICA_ASH_1,9,2
Brats18_CBICA_ASK_1,9,0
Brats18_CBICA_ASN_1,9,3
Brats18_CBICA_ASO_1,9,1
Brats18_CBICA_ASU_1,9,4
Brats18_CBICA_ASV_1,9,4
Brats18_CBICA_ASW_1,9,0
Brats18_CBICA_ASY_1,9,1
Brats18_CBICA_ATB_1,9,0
Brats18_CBICA_ATD_1,9,3
Brats18_CBICA_ATF_1,9,3
Brats18_CBICA_ATP_1,9,3
Brats18_CBICA_ATV_1,9,3
Brats18_CBICA_ATX_1,9,1
Brats18_CBICA_AUN_1,9,2
Brats18_CBICA_AUQ_1,9,2
Brats18_CBICA_AUR_1,9,3
Brats18_CBICA_AVG_1,9,2
Brats18_CBICA_AVJ_1,9,0
Brats18_CBICA_AVV_1,9,3
Brats18_CBICA_AWG_1,9,3
Brats18_CBICA_AWH_1,9,4
Brats18_CBICA_AWI_1,9,2
Brats18_CBICA_AXJ_1,9,4
Brats18_CBICA_AXL_1,9,4
Brats18_CBICA_AXM_1,9,2
Brats18_CBICA_AXN_1,9,2
Brats18_CBICA_AXO_1,9,1
Brats18_CBICA_AXQ_1,9,3
Brats18_CBICA_AXW_1,9,2
Brats18_CBICA_AYA_1,9,4
Brats18_CBICA_AYI_1,9,0
Brats18_CBICA_AYU_1,9,1
Brats18_CBICA_AYW_1,9,4
Brats18_CBICA_AZD_1,9,0
Brats18_CBICA_AZH_1,9,2
Brats18_CBICA_BHB_1,9,0
Brats18_CBICA_BHM_1,9,2
Brats18_TCIA01_147_1,9,0
Brats18_TCIA01_150_1,9,1
Brats18_TCIA01_186_1,9,0
Brats18_TCIA01_190_1,9,1
Brats18_TCIA01_201_1,9,0
Brats18_TCIA01_203_1,9,4
Brats18_TCIA01_231_1,9,0
Brats18_TCIA01_235_1,9,1
Brats18_TCIA01_335_1,9,4
Brats18_TCIA01_378_1,9,1
Brats18_TCIA01_390_1,9,1
Brats18_TCIA01_401_1,9,4
Brats18_TCIA01_411_1,9,3
Brats18_TCIA01_412_1,9,1
Brats18_TCIA01_425_1,9,2
Brats18_TCIA01_429_1,9,3
Brats18_TCIA01_448_1,9,1
Brats18_TCIA01_460_1,9,1
Brats18_TCIA01_499_1,9,3
Brats18_TCIA02_118_1,9,0
Brats18_TCIA02_135_1,9,4
Brats18_TCIA02_151_1,9,4
Brats18_TCIA02_179_1,9,1
Brats18_TCIA02_198_1,9,1
Brats18_TCIA02_226_1,9,4
Brats18_TCIA02_274_1,9,2
Brats18_TCIA02_283_1,9,1
Brats18_TCIA02_290_1,9,4
Brats18_TCIA02_300_1,9,1
Brats18_TCIA02_314_1,9,3
Brats18_TCIA02_321_1,9,1
Brats18_TCIA02_322_1,9,0
Brats18_TCIA02_331_1,9,3
Brats18_TCIA02_368_1,9,3
Brats18_TCIA02_377_1,9,3
Brats18_TCIA02_394_1,9,0
Brats18_TCIA02_430_1,9,4
Brats18_TCIA02_455_1,9,1
Brats18_TCIA02_471_1,9,4
Brats18_TCIA02_473_1,9,1
Brats18_TCIA02_491_1,9,1
Brats18_TCIA03_121_1,9,1
Brats18_TCIA03_133_1,9,3
Brats18_TCIA03_138_1,9,4
Brats18_TCIA03_199_1,9,3
Brats18_TCIA03_257_1,9,2
Brats18_TCIA03_265_1,9,0
Brats18_TCIA03_296_1,9,2
Brats18_TCIA03_338_1,9,3
Brats18_TCIA03_375_1,9,4
Brats18_TCIA03_419_1,9,0
Brats18_TCIA03_474_1,9,2
Brats18_TCIA03_498_1,9,3
Brats18_TCIA04_111_1,9,0
Brats18_TCIA04_149_1,9,3
Brats18_TCIA04_192_1,9,0
Brats18_TCIA04_343_1,9,4
Brats18_TCIA04_361_1,9,0
Brats18_TCIA04_437_1,9,1
Brats18_TCIA04_479_1,9,0
Brats18_TCIA05_277_1,9,4
Brats18_TCIA05_478_1,9,2
Brats18_TCIA06_165_1,9,3
Brats18_TCIA06_184_1,9,1
Brats18_TCIA06_247_1,9,4
Brats18_TCIA06_372_1,9,2
Brats18_TCIA06_409_1,9,3
Brats18_TCIA08_105_1,9,4
Brats18_TCIA08_167_1,9,0
Brats18_TCIA08_218_1,9,4
Brats18_TCIA08_242_1,9,2
Brats18_TCIA08_278_1,9,3
Brats18_TCIA08_280_1,9,2
Brats18_TCIA08_319_1,9,2
Brats18_TCIA08_406_1,9,2
Brats18_TCIA08_469_1,9,2
