repeticion,fold,brazo,n_test,semilla,cindex,exactitud,spearman,mse,k,segundos,alpha,c_interna,brecha,aptitud_interna,n_representantes,evaluaciones
0,0,edad,32,0,0.6411290322580645,0.5,0.3988269794721407,75657.6875,0,0.1,,,,,,
0,0,coxnet,32,0,0.6411290322580645,0.5,0.38453079178885624,69117.75,4,7.2,0.45963934602978124,0.6286433507992467,-0.012485681458817788,,,
0,0,genetico,32,0,0.5866935483870968,0.53125,0.25659824046920815,204577.0625,9,186.1,1.0,0.7058891014804923,0.11919555309339558,0.6878891014804923,340.0,939.0
0,1,edad,32,1,0.597165991902834,0.4375,0.26544455074800916,93306.3125,0,0.1,,,,,,
0,1,coxnet,32,1,0.597165991902834,0.4375,0.26544455074800916,93306.3125,1,8.7,0.5988695285427299,0.6320586498229557,0.03489265792012164,,,
0,1,genetico,32,1,0.6275303643724697,0.53125,0.3737855241541371,90980.4375,5,193.7,1.0,0.687039871608734,0.05950950723626436,0.677039871608734,340.0,939.0
0,2,edad,33,2,0.5920303605313093,0.3333333333333333,0.28027074552604253,70643.81818181818,0,0.1,,,,,,
0,2,coxnet,33,2,0.5996204933586338,0.5151515151515151,0.26439375040083435,67218.54545454546,18,9.8,0.300657293464325,0.6395640180929956,0.0399435247343618,,,
0,2,genetico,33,2,0.5313092979127134,0.42424242424242425,0.06150246532712203,92782.51515151515,8,214.8,1.0,0.7127717269657025,0.18146242905298904,0.6967717269657024,339.0,935.0
0,3,edad,33,3,0.6404174573055028,0.3939393939393939,0.40932642487046633,162483.45454545456,0,0.1,,,,,,
0,3,coxnet,33,3,0.6404174573055028,0.3939393939393939,0.40932642487046633,162483.45454545456,0,8.5,0.6434448969950027,0.6240996068757338,-0.016317850429768965,,,
0,3,genetico,33,3,0.5180265654648957,0.2727272727272727,0.0382719145649754,230867.87878787878,9,188.4,0.1,0.7049523308967508,0.18692576543185513,0.6869523308967508,331.0,923.0
0,4,edad,33,4,0.6304761904761905,0.5151515151515151,0.3587429154030086,159956.12121212122,0,0.1,,,,,,
0,4,coxnet,33,4,0.6152380952380953,0.48484848484848486,0.3263122883814878,155684.33333333334,12,10.1,0.35904423983171546,0.6341880099907634,0.018949914752668162,,,
0,4,genetico,33,4,0.5961904761904762,0.45454545454545453,0.2704781160867046,188382.57575757575,6,182.6,1.0,0.688181167445975,0.09199069125549886,0.676181167445975,336.0,928.0
1,0,edad,33,1000,0.6527514231499051,0.48484848484848486,0.4410462119518343,213818.51515151514,0,0.2,,,,,,
1,0,coxnet,33,1000,0.6546489563567363,0.5757575757575758,0.45943010104418064,215120.69696969696,13,8.1,0.3953753553454913,0.6429687954802169,-0.011680160876519352,,,
1,0,genetico,33,1000,0.5502846299810247,0.36363636363636365,0.14389571371372845,277500.0,7,184.7,0.01,0.72256310212199,0.17227847214096537,0.70856310212199,341.0,903.0
1,1,edad,33,1001,0.6072106261859582,0.48484848484848486,0.32188518538053545,65442.09090909091,0,0.2,,,,,,
1,1,coxnet,33,1001,0.6148007590132827,0.48484848484848486,0.3543076806888552,64712.0,7,8.2,0.41886960531239814,0.6458853952179399,0.03108463620465718,,,
1,1,genetico,33,1001,0.6166982922201139,0.36363636363636365,0.32171805911605955,65768.09090909091,7,178.4,1.0,0.6922979078995003,0.07559961567938644,0.6782979078995003,342.0,906.0
1,2,edad,33,1002,0.5313092979127134,0.30303030303030304,0.09877162230524218,113995.90909090909,0,0.1,,,,,,
1,2,coxnet,33,1002,0.5313092979127134,0.30303030303030304,0.09877162230524218,113995.90909090909,1,7.9,0.6625268168823212,0.6465843966836681,0.11527509877095465,,,
1,2,genetico,33,1002,0.6110056925996205,0.45454545454545453,0.3101863468672242,126465.72727272728,6,196.5,1.0,0.7046040487724001,0.09359835617277967,0.6926040487724001,328.0,954.0
1,3,edad,32,1003,0.6975806451612904,0.53125,0.5359237536656891,82785.125,0,0.2,,,,,,
1,3,coxnet,32,1003,0.6975806451612904,0.5,0.5425219941348973,82966.96875,2,8.9,0.4436761626739965,0.6074057035644244,-0.09017494159686601,,,
1,3,genetico,32,1003,0.6794354838709677,0.5,0.5227272727272727,65771.90625,10,214.1,1.0,0.6886306314561632,0.009195147585195462,0.6686306314561632,339.0,930.0
1,4,edad,32,1004,0.6653225806451613,0.4375,0.468841642228739,86538.28125,0,0.2,,,,,,
1,4,coxnet,32,1004,0.6491935483870968,0.5,0.44868035190615835,78545.40625,20,8.1,0.25721902966310284,0.6327819629425376,-0.016411585444559118,,,
1,4,genetico,32,1004,0.5665322580645161,0.375,0.22030791788856302,161643.03125,10,230.6,1.0,0.7134276528516171,0.146895394787101,0.6934276528516171,332.0,962.0
2,0,edad,33,2000,0.6628787878787878,0.5454545454545454,0.48161764705882354,75214.24242424243,0,0.1,,,,,,
2,0,coxnet,33,2000,0.6856060606060606,0.5454545454545454,0.5203877005347595,70869.69696969698,16,6.0,0.3149477432968696,0.6383414634295727,-0.0472645971764879,,,
2,0,genetico,33,2000,0.625,0.42424242424242425,0.36564171122994654,76035.87878787878,8,217.6,0.01,0.7058817274998158,0.08088172749981581,0.6898817274998158,347.0,975.0
2,1,edad,33,2001,0.6306818181818182,0.5454545454545454,0.3703208556149733,135472.60606060605,0,0.1,,,,,,
2,1,coxnet,33,2001,0.6306818181818182,0.5454545454545454,0.3703208556149733,135472.60606060605,0,7.4,0.5648757810036826,0.6185526032548153,-0.012129214927002918,,,
2,1,genetico,33,2001,0.6704545454545454,0.5454545454545454,0.502005347593583,98177.87878787878,5,184.8,0.01,0.6880733302467089,0.0176187847921635,0.6780733302467089,332.0,908.0
2,2,edad,33,2002,0.553030303030303,0.3939393939393939,0.17546791443850268,74049.69696969698,0,0.1,,,,,,
2,2,coxnet,33,2002,0.553030303030303,0.3939393939393939,0.17546791443850268,74049.69696969698,0,7.8,0.5178061195217506,0.6362694207645019,0.0832391177341989,,,
2,2,genetico,33,2002,0.5492424242424242,0.48484848484848486,0.1534090909090909,80710.18181818182,9,186.9,1.0,0.7060670171451155,0.15682459290269135,0.6880670171451155,325.0,941.0
2,3,edad,32,2003,0.6108870967741935,0.4375,0.3570381231671554,143147.25,0,0.1,,,,,,
2,3,coxnet,32,2003,0.6512096774193549,0.46875,0.4604105571847507,138012.53125,10,6.3,0.35594364052533173,0.6337515372871773,-0.017458140132177613,,,
2,3,genetico,32,2003,0.6653225806451613,0.5625,0.47470674486803516,193485.90625,9,222.1,1.0,0.6972044905019001,0.03188190985673889,0.6792044905019001,332.0,914.0
2,4,edad,32,2004,0.6222222222222222,0.375,0.34643937456472307,128654.125,0,0.1,,,,,,
2,4,coxnet,32,2004,0.6343434343434343,0.40625,0.38713225348184926,127172.125,13,7.4,0.4154584300053062,0.6378591742626387,0.003515739919204397,,,
2,4,genetico,32,2004,0.597979797979798,0.34375,0.27238566698580874,242951.75,8,196.9,1.0,0.7143580030660588,0.11637820508626084,0.6983580030660588,343.0,913.0
3,0,edad,33,3000,0.7077798861480076,0.48484848484848486,0.6043285723447643,80698.72727272728,0,0.1,,,,,,
3,0,coxnet,33,3000,0.6907020872865275,0.5757575757575758,0.528453248272717,83370.45454545454,19,5.2,0.3090707215955376,0.6375492459080357,-0.053152841378491744,,,
3,0,genetico,33,3000,0.6072106261859582,0.5151515151515151,0.28545165972479464,204134.27272727274,10,191.1,1.0,0.7099782525974879,0.1027676264115297,0.6899782525974879,343.0,979.0
3,1,edad,33,3001,0.6003787878787878,0.42424242424242425,0.26838235294117646,167545.24242424243,0,0.1,,,,,,
3,1,coxnet,33,3001,0.5984848484848485,0.36363636363636365,0.2620320855614973,171432.0909090909,7,5.4,0.482402529719965,0.6496659029580648,0.0511810544732163,,,
3,1,genetico,33,3001,0.5965909090909091,0.45454545454545453,0.2804144385026738,150768.39393939395,5,207.6,10.0,0.7042021404271651,0.10761123133625605,0.6942021404271651,335.0,893.0
3,2,edad,33,3002,0.5654648956356736,0.42424242424242425,0.20673518915665748,102271.90909090909,0,0.1,,,,,,
3,2,coxnet,33,3002,0.5787476280834914,0.42424242424242425,0.24517422998610874,100926.72727272728,2,4.9,0.4284402049666839,0.6287378695458078,0.04999024146231634,,,
3,2,genetico,33,3002,0.6129032258064516,0.48484848484848486,0.31369599842121754,105610.72727272728,6,213.0,1.0,0.6826882353551741,0.06978500954872247,0.6706882353551741,332.0,940.0
3,3,edad,32,3003,0.6545454545454545,0.46875,0.44285583542241846,44376.40625,0,0.1,,,,,,
3,3,coxnet,32,3003,0.6707070707070707,0.5,0.46595179372673334,42031.5625,31,5.2,0.24666566571495846,0.6487901050861913,-0.021916965620879414,,,
3,3,genetico,32,3003,0.6303030303030303,0.46875,0.38493263840524783,82092.1875,9,211.5,1.0,0.7281126819791974,0.09780965167616718,0.7101126819791974,335.0,965.0
3,4,edad,32,3004,0.6129032258064516,0.40625,0.3416422287390029,166258.75,0,0.1,,,,,,
3,4,coxnet,32,3004,0.5967741935483871,0.375,0.3049853372434017,170479.375,6,4.5,0.38324682483841244,0.6468647134890565,0.050090519940669376,,,
3,4,genetico,32,3004,0.5887096774193549,0.4375,0.22397360703812316,180102.875,8,230.2,10.0,0.7151788110397291,0.12646913362037426,0.6991788110397291,336.0,945.0
4,0,edad,33,4000,0.6571969696969697,0.5757575757575758,0.4324866310160428,152719.0909090909,0,0.1,,,,,,
4,0,coxnet,33,4000,0.6553030303030303,0.6060606060606061,0.43516042780748665,159269.72727272726,14,5.4,0.3185718714888726,0.6272705207052129,-0.028032509597817334,,,
4,0,genetico,33,4000,0.7026515151515151,0.5454545454545454,0.5407754010695187,108833.0303030303,8,222.7,1.0,0.7037955910981962,0.001144075946681089,0.6877955910981962,329.0,925.0
4,1,edad,33,4001,0.7083333333333334,0.42424242424242425,0.5882352941176471,99042.33333333333,0,0.0,,,,,,
4,1,coxnet,33,4001,0.7272727272727273,0.5454545454545454,0.6059491978609626,97155.21212121213,12,5.4,0.34325466874138316,0.6098757130070961,-0.1173970142656312,,,
4,1,genetico,33,4001,0.6609848484848485,0.5454545454545454,0.42413101604278075,97046.0,8,211.2,0.01,0.6922994802145852,0.0313146317297367,0.6762994802145852,336.0,870.0
4,2,edad,33,4002,0.5521821631878557,0.36363636363636365,0.11782401645549194,89931.51515151515,0,0.1,,,,,,
4,2,coxnet,33,4002,0.5768500948766604,0.36363636363636365,0.24350296734135002,81353.57575757576,16,5.7,0.3033384333110534,0.6548778042775699,0.07802770940090953,,,
4,2,genetico,33,4002,0.5370018975332068,0.36363636363636365,0.11966240536472655,112093.72727272728,9,220.9,0.1,0.7212804385886163,0.18427854105540953,0.7032804385886163,333.0,942.0
4,3,edad,32,4003,0.6209677419354839,0.5,0.3702346041055718,148320.53125,0,0.1,,,,,,
4,3,coxnet,32,4003,0.6290322580645161,0.5,0.3885630498533724,148073.5,4,5.2,0.4297230042192409,0.6380296790237511,0.008997420959234947,,,
4,3,genetico,32,4003,0.6270161290322581,0.46875,0.3687683284457478,170055.6875,7,227.2,0.1,0.7052641653739488,0.07824803634169064,0.6912641653739487,337.0,970.0
4,4,edad,32,4004,0.6068548387096774,0.40625,0.3119501466275659,59126.125,0,0.1,,,,,,
4,4,coxnet,32,4004,0.6028225806451613,0.375,0.3192815249266862,58060.53125,11,4.1,0.409165389670795,0.6462637131835907,0.043441132538429406,,,
4,4,genetico,32,4004,0.5705645161290323,0.4375,0.2346041055718475,75214.8125,8,210.8,1.0,0.7339255739361898,0.1633610578071576,0.7179255739361898,337.0,913.0
5,0,edad,33,5000,0.6496212121212122,0.48484848484848486,0.44685828877005357,111947.42424242424,0,0.1,,,,,,
5,0,coxnet,33,5000,0.6685606060606061,0.48484848484848486,0.48462566844919786,107454.72727272728,4,6.1,0.3769258378750633,0.6252101364599002,-0.043350469600705877,,,
5,0,genetico,33,5000,0.5625,0.48484848484848486,0.20889037433155083,126371.21212121213,6,202.6,1.0,0.689850876209356,0.12735087620935603,0.677850876209356,337.0,897.0
5,1,edad,33,5001,0.6231060606060606,0.3939393939393939,0.37466577540106955,107200.0,0,0.1,,,,,,
5,1,coxnet,33,5001,0.6003787878787878,0.3939393939393939,0.31183155080213903,115747.48484848485,13,5.1,0.3136146528997582,0.6714036186066599,0.07102483072787202,,,
5,1,genetico,33,5001,0.5303030303030303,0.3939393939393939,0.10828877005347595,125000.57575757576,8,216.4,10.0,0.7193936520720244,0.18909062176899416,0.7033936520720244,332.0,930.0
5,2,edad,33,5002,0.571969696969697,0.3939393939393939,0.22159090909090912,131977.57575757575,0,0.2,,,,,,
5,2,coxnet,33,5002,0.6022727272727273,0.48484848484848486,0.2911096256684492,138495.66666666666,12,7.2,0.3998917748946609,0.6497647084529622,0.0474919811802349,,,
5,2,genetico,33,5002,0.5928030303030303,0.45454545454545453,0.27139037433155083,144505.24242424243,8,201.0,0.1,0.7145512615684506,0.12174823126542034,0.6985512615684506,334.0,895.0
5,3,edad,32,5003,0.6262626262626263,0.46875,0.3673357177924365,122500.84375,0,0.2,,,,,,
5,3,coxnet,32,5003,0.6343434343434343,0.4375,0.38493263840524783,121730.25,2,7.6,0.5690563450807138,0.6364215446745226,0.00207811033108829,,,
5,3,genetico,32,5003,0.6262626262626263,0.40625,0.3352579979253325,237873.875,8,214.1,1.0,0.6882210403197359,0.061958414057109557,0.6722210403197358,331.0,904.0
5,4,edad,32,5004,0.6270161290322581,0.5625,0.3665689149560117,70275.4375,0,0.1,,,,,,
5,4,coxnet,32,5004,0.6290322580645161,0.53125,0.37573313782991197,47302.03125,26,6.9,0.2659516949646446,0.6442504904177636,0.015218232353247485,,,
5,4,genetico,32,5004,0.5987903225806451,0.40625,0.30645161290322576,210066.25,7,183.9,0.1,0.709507412901169,0.1107170903205239,0.695507412901169,341.0,917.0
6,0,edad,33,6000,0.603415559772296,0.42424242424242425,0.29949026594076816,80956.45454545454,0,0.1,,,,,,
6,0,coxnet,33,6000,0.5502846299810247,0.36363636363636365,0.15141639561514283,95812.27272727272,25,4.5,0.24713763509491607,0.6673166397071423,0.1170320097261176,,,
6,0,genetico,33,6000,0.5123339658444023,0.30303030303030304,0.05782568750865278,97944.72727272728,5,159.7,0.1,0.7276740171948126,0.21534005135041034,0.7176740171948126,340.0,924.0
6,1,edad,33,6001,0.6553030303030303,0.5454545454545454,0.45120320855614976,104773.75757575757,0,0.1,,,,,,
6,1,coxnet,33,6001,0.6439393939393939,0.5757575757575758,0.4445187165775401,105603.24242424243,9,5.9,0.43677339447699415,0.638363759570255,-0.005575634369138882,,,
6,1,genetico,33,6001,0.5890151515151515,0.45454545454545453,0.29612299465240643,142513.0909090909,9,164.6,10.0,0.7019642641261674,0.11294911261101592,0.6839642641261674,340.0,962.0
6,2,edad,33,6002,0.6287878787878788,0.42424242424242425,0.39271390374331555,158576.66666666666,0,0.1,,,,,,
6,2,coxnet,33,6002,0.6458333333333334,0.3939393939393939,0.4217914438502674,157012.72727272726,7,4.1,0.38435062289339145,0.626870797860459,-0.01896253547287441,,,
6,2,genetico,33,6002,0.6212121212121212,0.45454545454545453,0.3462566844919786,135811.24242424243,6,174.3,1.0,0.6970115052426381,0.07579938403051689,0.6850115052426381,337.0,959.0
6,3,edad,32,6003,0.657258064516129,0.5,0.4255865102639296,85736.5,0,0.0,,,,,,
6,3,coxnet,32,6003,0.655241935483871,0.46875,0.4211876832844574,85287.625,18,4.7,0.31164172061942513,0.651490845596737,-0.003751089887134018,,,
6,3,genetico,32,6003,0.6330645161290323,0.4375,0.375366568914956,74904.78125,6,143.3,1.0,0.7023977236640793,0.06933320753504701,0.6903977236640793,337.0,848.0
6,4,edad,32,6004,0.602020202020202,0.375,0.2685363406017562,119885.6875,0,0.1,,,,,,
6,4,coxnet,32,6004,0.6404040404040404,0.5,0.376500780611609,113840.4375,18,4.2,0.32806009696557126,0.6444896599031719,0.004085619499131443,,,
6,4,genetico,32,6004,0.6464646464646465,0.4375,0.40271286027444264,129295.46875,6,143.0,1.0,0.6937237390447448,0.047259092580098305,0.6817237390447448,333.0,881.0
7,0,edad,33,7000,0.6174242424242424,0.5757575757575758,0.33923796791443855,115723.48484848485,0,0.1,,,,,,
7,0,coxnet,33,7000,0.615530303030303,0.5757575757575758,0.3415775401069519,115186.12121212122,2,3.6,0.5677683036186422,0.634646325675421,0.019116022645118025,,,
7,0,genetico,33,7000,0.6363636363636364,0.45454545454545453,0.38469251336898397,114061.69696969698,2,134.5,1.0,0.660078202072245,0.023714565708608637,0.656078202072245,344.0,845.0
7,1,edad,33,7001,0.6553030303030303,0.3939393939393939,0.42546791443850274,120419.84848484848,0,0.1,,,,,,
7,1,coxnet,33,7001,0.6742424242424242,0.42424242424242425,0.4889705882352942,117589.21212121213,12,4.6,0.36936192010311397,0.6268824026598572,-0.047360021582567025,,,
7,1,genetico,33,7001,0.6818181818181818,0.36363636363636365,0.5297459893048129,115717.36363636363,7,153.6,10.0,0.6908861482217176,0.009067966403535799,0.6768861482217176,334.0,937.0
7,2,edad,33,7002,0.6555977229601518,0.48484848484848486,0.45161290322580655,133232.9090909091,0,0.1,,,,,,
7,2,coxnet,33,7002,0.6679316888045541,0.48484848484848486,0.45358068178752503,128731.42424242424,21,4.7,0.33254455049369813,0.6395199462414437,-0.02841174256311041,,,
7,2,genetico,33,7002,0.6470588235294118,0.45454545454545453,0.4166457773383566,110365.33333333333,9,171.4,10.0,0.7078529808251872,0.06079415729577542,0.6898529808251872,340.0,960.0
7,3,edad,32,7003,0.6212121212121212,0.53125,0.34060494958753446,105206.8125,0,0.1,,,,,,
7,3,coxnet,32,7003,0.6404040404040404,0.59375,0.4160938519904345,98018.9375,5,4.8,0.40272600186902413,0.6260906156160458,-0.014313424787994578,,,
7,3,genetico,32,7003,0.6787878787878788,0.5625,0.5422051163822491,74967.28125,6,137.8,1.0,0.7054158389666046,0.026627960178725818,0.6934158389666046,324.0,869.0
7,4,edad,32,7004,0.5665322580645161,0.34375,0.22507331378299117,86861.25,0,0.1,,,,,,
7,4,coxnet,32,7004,0.5645161290322581,0.40625,0.18255131964809382,89400.34375,23,4.2,0.24798032718265248,0.6633459064286747,0.09882977739641663,,,
7,4,genetico,32,7004,0.4717741935483871,0.34375,-0.03042521994134897,121417.375,6,140.5,0.1,0.7136000809012498,0.2418258873528627,0.7016000809012498,331.0,878.0
8,0,edad,33,8000,0.6223908918406073,0.45454545454545453,0.35046377660591005,124409.21212121213,0,0.1,,,,,,
8,0,coxnet,33,8000,0.6451612903225806,0.5151515151515151,0.42132531274368107,123140.09090909091,23,4.3,0.3086952986317317,0.6348688001006187,-0.01029249022196188,,,
8,0,genetico,33,8000,0.6337760910815939,0.45454545454545453,0.38205064059185045,112444.0303030303,9,182.2,1.0,0.7078200137512134,0.07404392266961946,0.6898200137512134,344.0,939.0
8,1,edad,33,8001,0.6489563567362429,0.45454545454545453,0.40695245399875585,123355.87878787878,0,0.1,,,,,,
8,1,coxnet,33,8001,0.6584440227703985,0.5151515151515151,0.4387064442491721,106292.09090909091,36,5.1,0.17154114532511025,0.6441029701916798,-0.01434105257871865,,,
8,1,genetico,33,8001,0.683111954459203,0.5151515151515151,0.5209325663713026,111530.15151515152,10,169.2,0.01,0.7031436874922684,0.02003173303306538,0.6831436874922684,334.0,917.0
8,2,edad,33,8002,0.7476280834914611,0.5757575757575758,0.6641597750271276,76848.9696969697,0,0.1,,,,,,
8,2,coxnet,33,8002,0.7514231499051234,0.6666666666666666,0.6798696438878599,71700.09090909091,12,3.9,0.3729291487195519,0.611542929458954,-0.13988022044616932,,,
8,2,genetico,33,8002,0.7400379506641366,0.6060606060606061,0.6586446082994237,48467.969696969696,4,163.0,1.0,0.6656890226967767,-0.07434892796735992,0.6576890226967766,335.0,887.0
8,3,edad,32,8003,0.6058467741935484,0.5,0.305013290622063,125334.5625,0,0.1,,,,,,
8,3,coxnet,32,8003,0.6229838709677419,0.5,0.3713343108504399,122272.90625,14,4.2,0.3466482605430207,0.6412048404330185,0.018220969465276626,,,
8,3,genetico,32,8003,0.6108870967741935,0.5625,0.3288123167155425,194686.84375,5,174.3,0.01,0.7039123058096459,0.09302520903545242,0.6939123058096459,330.0,938.0
8,4,edad,32,8004,0.5131313131313131,0.3125,0.047841627916080806,98440.15625,0,0.1,,,,,,
8,4,coxnet,32,8004,0.5292929292929293,0.3125,0.07057098370762878,96767.75,5,4.4,0.5010754599349259,0.6471193413771127,0.11782641208418343,,,
8,4,genetico,32,8004,0.604040404040404,0.40625,0.3059297969039803,144195.125,9,179.6,1.0,0.7089487161878574,0.10490831214745333,0.6909487161878574,327.0,964.0
9,0,edad,33,9000,0.5681818181818182,0.3939393939393939,0.15508021390374332,108444.09090909091,0,0.1,,,,,,
9,0,coxnet,33,9000,0.5435606060606061,0.45454545454545453,0.1106283422459893,108250.78787878787,18,3.7,0.31819844577365397,0.6554119720242412,0.1118513659636351,,,
9,0,genetico,33,9000,0.5492424242424242,0.36363636363636365,0.15675133689839574,99865.93939393939,7,165.8,0.01,0.7154654933817449,0.16622306913932072,0.7014654933817449,324.0,913.0
9,1,edad,33,9001,0.6850094876660342,0.48484848484848486,0.5528536828861949,103432.78787878787,0,0.0,,,,,,
9,1,coxnet,33,9001,0.6774193548387096,0.5151515151515151,0.5282861220082412,101569.15151515152,6,3.8,0.4198766520097366,0.6169865226747023,-0.0604328321640073,,,
9,1,genetico,33,9001,0.6432637571157496,0.5151515151515151,0.4144731359001702,182433.84848484848,5,164.8,0.1,0.6835968005787237,0.04033304346297417,0.6735968005787237,340.0,935.0
9,2,edad,33,9002,0.5738636363636364,0.3939393939393939,0.21457219251336898,65441.969696969696,0,0.1,,,,,,
9,2,coxnet,33,9002,0.6003787878787878,0.3939393939393939,0.2971256684491979,64431.030303030304,4,3.8,0.42685704416302495,0.6467429693403207,0.04636418146153287,,,
9,2,genetico,33,9002,0.5700757575757576,0.36363636363636365,0.20320855614973263,126590.33333333333,8,155.7,0.1,0.7182226164506863,0.14814685887492873,0.7022226164506863,332.0,872.0
9,3,edad,32,9003,0.6199596774193549,0.46875,0.3819998183031126,104263.21875,0,0.1,,,,,,
9,3,coxnet,32,9003,0.6270161290322581,0.46875,0.405425219941349,102339.96875,7,5.9,0.41840305748317685,0.6379205945415763,0.010904465509318229,,,
9,3,genetico,32,9003,0.6048387096774194,0.46875,0.31561583577712604,123831.71875,8,160.1,1.0,0.7052151543487915,0.10037644467137208,0.6892151543487914,336.0,939.0
9,4,edad,32,9004,0.6491935483870968,0.5625,0.43731671554252194,182746.28125,0,0.1,,,,,,
9,4,coxnet,32,9004,0.6048387096774194,0.4375,0.32991202346041054,198887.0,16,7.7,0.29963772326472343,0.6299246309189396,0.025085921241520204,,,
9,4,genetico,32,9004,0.6088709677419355,0.5,0.3244134897360703,288194.5625,6,160.3,1.0,0.7066209764822132,0.09775000874027773,0.6946209764822132,339.0,1001.0
