paciente_id,region,voxeles_real,voxeles_pred,dice,hd95_mm,sensibilidad,especificidad,grupo
Brats18_2013_10_1,WT,111724,135556,0.8880378518278874,4.358898943540674,0.9827521392001719,0.9970782448280884,HGG_sin_superv
Brats18_2013_10_1,TC,58674,61259,0.9593189530821375,1.4142135623730951,0.9804513072229608,0.99957922394554,HGG_sin_superv
Brats18_2013_10_1,ET,31485,35814,0.8862836000534926,1.4142135623730951,0.9472129585516913,0.999326590243483,HGG_sin_superv
Brats18_2013_11_1,WT,139257,133534,0.9237328210974702,5.385164807134504,0.9047516462368139,0.9991419705866925,HGG_superv
Brats18_2013_11_1,TC,65516,74516,0.6493658592321755,11.661903789690601,0.6939678857073082,0.9967221379468781,HGG_superv
Brats18_2013_11_1,ET,19677,2426,0.21110256526263405,22.984775410306465,0.11856482187325304,0.9999895603246537,HGG_superv
Brats18_2013_12_1,WT,210327,201330,0.9409678445890632,3.1622776601683795,0.9208423074545826,0.9991222428278739,HGG_sin_superv
Brats18_2013_12_1,TC,76709,54701,0.8129670496918042,11.180339887498949,0.6963459307252082,0.9998548234376206,HGG_sin_superv
Brats18_2013_12_1,ET,42366,38906,0.9177576533123339,2.0,0.8802813576924893,0.9998185835698387,HGG_sin_superv
Brats18_2013_13_1,WT,20487,20142,0.8807994289793005,3.0,0.8733831210035632,0.9997475165065715,HGG_sin_superv
Brats18_2013_13_1,TC,4880,5015,0.9388580090955028,1.0,0.951844262295082,0.999958534682936,HGG_sin_superv
Brats18_2013_13_1,ET,4467,4331,0.9052057285746761,1.4142135623730951,0.8914260129841056,0.9999608899300311,HGG_sin_superv
Brats18_2013_14_1,WT,187570,199671,0.9313321678231385,3.3166247903554,0.9613744202164525,0.9977866077527078,HGG_sin_superv
Brats18_2013_14_1,TC,57699,62758,0.9425770191852695,2.8284271247461903,0.9838992010260144,0.9993249383532757,HGG_sin_superv
Brats18_2013_14_1,ET,36577,42493,0.8850638674592134,2.0,0.9566394182136315,0.9991562655381484,HGG_sin_superv
Brats18_2013_17_1,WT,198692,204207,0.9433034085465588,3.0,0.9563948221367745,0.9983757017165622,HGG_sin_superv
Brats18_2013_17_1,TC,72689,71550,0.9407303156566532,4.242640687119285,0.9333599306635116,0.9995816070152703,HGG_sin_superv
Brats18_2013_17_1,ET,60991,61037,0.9429639099223129,2.23606797749979,0.9433195061566461,0.999604940064908,HGG_sin_superv
Brats18_2013_18_1,WT,173928,164635,0.9187359516544926,16.30950643030009,0.8941918495009429,0.9989593414356199,HGG_sin_superv
Brats18_2013_18_1,TC,25664,24547,0.9298360916930553,2.449489742783178,0.9096009975062345,0.9998648669293093,HGG_sin_superv
Brats18_2013_18_1,ET,21250,23397,0.913342441821399,3.3166247903554,0.9594823529411765,0.9996622786089202,HGG_sin_superv
Brats18_2013_19_1,WT,80682,73440,0.8976006021203982,15.524174696260024,0.8573163778785851,0.9995173678622155,HGG_sin_superv
Brats18_2013_19_1,TC,45266,43944,0.918193027687479,10.04987562112089,0.9047850483806831,0.9996636170800567,HGG_sin_superv
Brats18_2013_19_1,ET,18354,17071,0.8108398023994354,8.774964387392123,0.7824997275798191,0.9996959475157599,HGG_sin_superv
Brats18_2013_20_1,WT,217380,217881,0.9449870307700438,3.0,0.9460759959517895,0.9985967703791464,HGG_sin_superv
Brats18_2013_20_1,TC,107445,107870,0.8803009544156236,8.306623862918075,0.882041974963935,0.9985149460549818,HGG_sin_superv
Brats18_2013_20_1,ET,43379,51205,0.8788378584115707,3.0,0.9581133728301713,0.998914641378625,HGG_sin_superv
Brats18_2013_21_1,WT,120674,110395,0.9404636710246723,4.0,0.9004093673865124,0.9998025507401452,HGG_sin_superv
Brats18_2013_21_1,TC,75471,35906,0.6321771999604945,23.366642891095847,0.46647056485272487,0.9999208135889756,HGG_sin_superv
Brats18_2013_21_1,ET,17816,15395,0.8643521724729758,2.0,0.8056241580601706,0.9998830551647419,HGG_sin_superv
Brats18_2013_22_1,WT,256875,248405,0.9236383787207093,3.7416573867739413,0.908410705596107,0.9982635471175886,HGG_sin_superv
Brats18_2013_22_1,TC,115940,95943,0.8787585601487613,5.656854249492381,0.8029756770743488,0.9996770335199715,HGG_sin_superv
Brats18_2013_22_1,ET,67135,51664,0.8215894073182434,4.0,0.7269233633723096,0.9996770067030701,HGG_sin_superv
Brats18_2013_23_1,WT,147786,152189,0.9397116426368864,3.0,0.9537100943255788,0.9987193933997508,HGG_sin_superv
Brats18_2013_23_1,TC,124097,118431,0.9569451774640454,2.23606797749979,0.9350991563051484,0.9997287566662195,HGG_sin_superv
Brats18_2013_23_1,ET,72360,47477,0.7548253043717716,3.4641016151377544,0.6250414593698176,0.9997460375534688,HGG_sin_superv
Brats18_2013_25_1,WT,21615,20762,0.9263515586285013,2.23606797749979,0.9080730973860744,0.9998726756141801,HGG_sin_superv
Brats18_2013_25_1,TC,9121,9442,0.8340246727360879,3.0,0.8487008003508387,0.9998092809645697,HGG_sin_superv
Brats18_2013_25_1,ET,708,0,0.0,373.13,0.0,1.0,HGG_sin_superv
Brats18_2013_26_1,WT,12969,13691,0.9307576894223556,1.7320508075688772,0.9566658955971933,0.9998559735799012,HGG_sin_superv
Brats18_2013_26_1,TC,4988,5114,0.949712928133043,1.0,0.9617080994386528,0.9999644738794479,HGG_sin_superv
Brats18_2013_26_1,ET,4678,4654,0.9288469781397343,1.0,0.9264643009833262,0.9999641389159777,HGG_sin_superv
Brats18_2013_27_1,WT,82735,86072,0.9315608949865823,2.449489742783178,0.950347495014202,0.9991583067324721,HGG_superv
Brats18_2013_27_1,TC,32164,32981,0.924614321897306,3.4641016151377544,0.9363574182315633,0.9996780516187573,HGG_superv
Brats18_2013_27_1,ET,20437,19361,0.8210462837328509,2.0,0.7994324020159514,0.9996606254707376,HGG_superv
Brats18_2013_2_1,WT,61085,61522,0.9050217361162087,3.0,0.9082589833838094,0.9993187032919567,HGG_sin_superv
Brats18_2013_2_1,TC,26191,23366,0.9032023730250015,2.8284271247461903,0.8544920010690695,0.9998892359968631,HGG_sin_superv
Brats18_2013_2_1,ET,21677,18500,0.8384399034273341,3.0,0.7769986621765005,0.9998139524021304,HGG_sin_superv
Brats18_2013_3_1,WT,100886,87652,0.9023114703667166,3.1622776601683795,0.8431298693574926,0.9997063592925162,HGG_sin_superv
Brats18_2013_3_1,TC,33617,32766,0.9519907205157947,1.7320508075688772,0.9399411012285451,0.9998686811665295,HGG_sin_superv
Brats18_2013_3_1,ET,23187,22476,0.8735737905963252,1.7320508075688772,0.8601802734290767,0.9997157716843689,HGG_sin_superv
Brats18_2013_4_1,WT,149347,146946,0.9108686334135467,3.605551275463989,0.9035467736211641,0.9986325920388925,HGG_sin_superv
Brats18_2013_4_1,TC,36252,64367,0.6923742036792256,8.593577038783883,0.9608573320092685,0.9966784933626099,HGG_sin_superv
Brats18_2013_4_1,ET,19840,23348,0.7761415207928128,4.123105625617661,0.844758064516129,0.9992604533371651,HGG_sin_superv
Brats18_2013_5_1,WT,63061,64608,0.9337583908388097,2.0,0.9452117790710581,0.9994357547186732,HGG_sin_superv
Brats18_2013_5_1,TC,9325,9903,0.8777824006656959,2.23606797749979,0.9049865951742627,0.9998358500562023,HGG_sin_superv
Brats18_2013_5_1,ET,8219,7747,0.8956532631842665,2.0,0.8699355152694975,0.9999330701056449,HGG_sin_superv
Brats18_2013_7_1,WT,137301,136505,0.9557423869455015,2.0,0.9529719375678254,0.9993560239066314,HGG_sin_superv
Brats18_2013_7_1,TC,46495,45067,0.9535396780323715,2.23606797749979,0.9388966555543606,0.9998409053420563,HGG_sin_superv
Brats18_2013_7_1,ET,26264,27462,0.9073074489074191,1.0,0.9280003045994517,0.9996529890349478,HGG_sin_superv
Brats18_CBICA_AAB_1,WT,211979,190279,0.925898304073505,7.0710678118654755,0.8785068332240458,0.9995348795052238,HGG_superv
Brats18_CBICA_AAB_1,TC,43185,47296,0.9361302372873863,2.23606797749979,0.9806877387981938,0.9994434324181202,HGG_superv
Brats18_CBICA_AAB_1,ET,27742,29049,0.8973252804141502,1.0,0.9184629803186504,0.9995990003885281,HGG_superv
Brats18_CBICA_AAG_1,WT,67008,69240,0.9099876695437731,6.557438524302,0.9251432664756447,0.9991820328920283,HGG_superv
Brats18_CBICA_AAG_1,TC,15709,16567,0.9525963564258273,1.4142135623730951,0.9786109873321026,0.9998660277138617,HGG_superv
Brats18_CBICA_AAG_1,ET,6549,6879,0.861185582365207,1.0,0.8828828828828829,0.9998770379392321,HGG_superv
Brats18_CBICA_AAL_1,WT,29807,32170,0.7866789292802169,7.0710678118654755,0.8178615761398329,0.9991243165887725,HGG_superv
Brats18_CBICA_AAL_1,TC,3731,3363,0.9109106287003101,4.242640687119285,0.8659876708657196,0.9999852088725698,HGG_superv
Brats18_CBICA_AAL_1,ET,2998,2523,0.8313711284187647,1.7320508075688772,0.7655103402268179,0.9999744537872373,HGG_superv
Brats18_CBICA_AAP_1,WT,103496,101614,0.9548144897859685,1.4142135623730951,0.9461331838911649,0.9995815062240325,HGG_superv
Brats18_CBICA_AAP_1,TC,26400,24606,0.921224953926989,3.0,0.8899242424242424,0.9998750786375483,HGG_superv
Brats18_CBICA_AAP_1,ET,15498,16474,0.8862129363192793,2.23606797749979,0.9141179507033166,0.9997411501282132,HGG_superv
Brats18_CBICA_ABB_1,WT,21963,17662,0.8522397476340694,5.0990195135927845,0.7687929699949916,0.9999127558082231,HGG_superv
Brats18_CBICA_ABB_1,TC,14410,13818,0.92907751169052,1.52545659819159,0.9099930603747398,0.9999209072887579,HGG_superv
Brats18_CBICA_ABB_1,ET,10786,10953,0.8290169741018446,1.4142135623730951,0.8354348229185982,0.999782218975568,HGG_superv
Brats18_CBICA_ABE_1,WT,139230,130952,0.9396332842306298,4.242640687119285,0.9117000646412411,0.9995430532372562,HGG_superv
Brats18_CBICA_ABE_1,TC,44774,43113,0.932037730267275,2.8284271247461903,0.9147496314825568,0.9997572953789535,HGG_superv
Brats18_CBICA_ABE_1,ET,24947,31214,0.804437242926586,1.7320508075688772,0.9054796167875897,0.9990312311967592,HGG_superv
Brats18_CBICA_ABM_1,WT,39772,39681,0.9209469749411602,3.0,0.9198933923363171,0.9996517866103345,HGG_superv
Brats18_CBICA_ABM_1,TC,9557,9325,0.9336934646753522,17.963841572345046,0.9223605734016951,0.9999428151303988,HGG_superv
Brats18_CBICA_ABM_1,ET,6159,5936,0.8912773873501447,1.0,0.8751420685176164,0.9999388018683588,HGG_superv
Brats18_CBICA_ABN_1,WT,33446,37196,0.8466634579994904,8.17922133514878,0.8941278478741852,0.9991802849249102,HGG_superv
Brats18_CBICA_ABN_1,TC,1368,1280,0.8640483383685801,11.045361017187261,0.8362573099415205,0.999984764690647,HGG_superv
Brats18_CBICA_ABN_1,ET,1211,1001,0.8508137432188065,11.224972160321824,0.7770437654830719,0.9999932786582051,HGG_superv
Brats18_CBICA_ABO_1,WT,183094,166599,0.9009159462728736,4.123105625617661,0.8603340360689045,0.9989620242916276,HGG_superv
Brats18_CBICA_ABO_1,TC,76260,66898,0.8621662778189134,8.94427190999916,0.8092446892210857,0.9994142394602643,HGG_superv
Brats18_CBICA_ABO_1,ET,50901,31286,0.6904984973292613,6.164414002968976,0.5574546669024184,0.9996720775559673,HGG_superv
Brats18_CBICA_ABY_1,WT,44582,40408,0.8404753500411813,5.0990195135927845,0.8011305010990983,0.9994718249214435,HGG_superv
Brats18_CBICA_ABY_1,TC,6994,6078,0.8974908200734394,3.3166247903554,0.8387189019159279,0.9999762358639822,HGG_superv
Brats18_CBICA_ABY_1,ET,6473,4744,0.8205402514041188,3.0,0.7109531901745713,0.9999840834422179,HGG_superv
Brats18_CBICA_ALN_1,WT,55130,59526,0.9176667596985766,15.165750888103101,0.9542535824415019,0.999220319919034,HGG_superv
Brats18_CBICA_ALN_1,TC,10377,10807,0.9206948640483383,2.23606797749979,0.9397706466223379,0.9998816949314857,HGG_superv
Brats18_CBICA_ALN_1,ET,5774,8512,0.7967240655186896,2.23606797749979,0.9856252164877035,0.9996838232970113,HGG_superv
Brats18_CBICA_ALU_1,WT,32051,26533,0.8565820019117848,21.42428528562855,0.7828460890455836,0.9998379037469751,HGG_superv
Brats18_CBICA_ALU_1,TC,8280,7845,0.9312248062015503,1.7320508075688772,0.9067632850241546,0.9999622185449768,HGG_superv
Brats18_CBICA_ALU_1,ET,5973,5024,0.8373192688915159,1.4142135623730951,0.7708019420726603,0.999952925495518,HGG_superv
Brats18_CBICA_ALX_1,WT,46339,46097,0.9059890086113636,6.708203932499369,0.9036232978700447,0.9995244132826056,HGG_superv
Brats18_CBICA_ALX_1,TC,14535,14089,0.9242593627724986,2.0,0.9100791193670451,0.9999034045682571,HGG_superv
Brats18_CBICA_ALX_1,ET,4039,5007,0.709927039575503,2.0,0.7949987620698192,0.999798744077882,HGG_superv
Brats18_CBICA_AME_1,WT,80396,85295,0.9182876559378602,3.605551275463989,0.9462659833822579,0.9989580229856581,HGG_superv
Brats18_CBICA_AME_1,TC,27568,29829,0.9110580692370681,5.196152422706632,0.9484184561810796,0.9995861998608607,HGG_superv
Brats18_CBICA_AME_1,ET,18255,20944,0.8407867547641521,1.7320508075688772,0.9027115858668858,0.9994988633232489,HGG_superv
Brats18_CBICA_AMH_1,WT,125287,121879,0.9455912220936536,3.1622776601683795,0.9327304508847686,0.9994297212688861,HGG_superv
Brats18_CBICA_AMH_1,TC,17677,11859,0.7883938244853738,8.826081218434254,0.6586524862816089,0.9999757584545476,HGG_superv
Brats18_CBICA_AMH_1,ET,9002,8191,0.862095038678532,1.4142135623730951,0.8232614974450122,0.9999125462299688,HGG_superv
Brats18_CBICA_ANG_1,WT,127189,133348,0.9088843427229146,4.69041575982343,0.9308902499429982,0.998301406540829,HGG_superv
Brats18_CBICA_ANG_1,TC,41082,30090,0.8221491597819367,5.656854249492381,0.7121610437661263,0.9999062667169878,HGG_superv
Brats18_CBICA_ANG_1,ET,13031,26327,0.6565374256821993,3.0,0.991481850970762,0.9984961248883759,HGG_superv
Brats18_CBICA_ANI_1,WT,100758,109660,0.9267077911585511,3.0,0.9676452490124854,0.9986222197148328,HGG_superv
Brats18_CBICA_ANI_1,TC,14713,14885,0.8680991958916143,8.774964387392123,0.8731733840821042,0.9997713525885569,HGG_superv
Brats18_CBICA_ANI_1,ET,7222,9086,0.8431444689722836,1.4142135623730951,0.951952367765162,0.9997521516621084,HGG_superv
Brats18_CBICA_ANP_1,WT,45118,61331,0.762336893723755,8.774964387392123,0.899308479985815,0.9976633709645135,HGG_superv
Brats18_CBICA_ANP_1,TC,2036,3403,0.7291781577495863,13.152946437965905,0.9739685658153242,0.9998409135416634,HGG_superv
Brats18_CBICA_ANP_1,ET,1695,2601,0.7402234636871509,13.152946437965905,0.9380530973451328,0.9998867392498912,HGG_superv
Brats18_CBICA_ANZ_1,WT,43797,39629,0.9071752211540767,5.744562646538029,0.8640089503847296,0.999798743905334,HGG_superv
Brats18_CBICA_ANZ_1,TC,20547,18090,0.918704868390403,2.8284271247461903,0.8637757336837495,0.999961605186129,HGG_superv
Brats18_CBICA_ANZ_1,ET,9813,11671,0.8094395829454478,1.7320508075688772,0.8860694996433303,0.9996662998880826,HGG_superv
Brats18_CBICA_AOD_1,WT,175675,165444,0.9098760256684617,4.242640687119285,0.8833812437740145,0.9988281970790619,HGG_superv
Brats18_CBICA_AOD_1,TC,118709,98449,0.8829147441033718,6.324555320336759,0.8075714562501579,0.9997067868458427,HGG_superv
Brats18_CBICA_AOD_1,ET,27410,36194,0.7261492987862399,2.0,0.8425027362276541,0.9985280751051335,HGG_superv
Brats18_CBICA_AOH_1,WT,36858,35539,0.8005304087185933,4.69041575982343,0.7862065223289381,0.9992620745456545,HGG_superv
Brats18_CBICA_AOH_1,TC,5669,5665,0.899947061937533,1.4142135623730951,0.8996295642970542,0.9999366757409023,HGG_superv
Brats18_CBICA_AOH_1,ET,3003,4827,0.7427841634738186,2.23606797749979,0.9683649683649683,0.9997849859221242,HGG_superv
Brats18_CBICA_AOO_1,WT,68118,69037,0.9498888119281105,2.18885438199966,0.9562964267888077,0.9995602650238457,HGG_superv
Brats18_CBICA_AOO_1,TC,30637,27251,0.9299682144831398,3.0,0.8785781897705389,0.9999624607875389,HGG_superv
Brats18_CBICA_AOO_1,ET,18221,16934,0.8645711847532357,2.23606797749979,0.8340376488666923,0.9998050456694829,HGG_superv
Brats18_CBICA_AOP_1,WT,41124,38107,0.9125720993045652,1.7320508075688772,0.879097364069643,0.9997800126838723,HGG_superv
Brats18_CBICA_AOP_1,TC,17526,16147,0.9490095922549223,1.4142135623730951,0.9116740842177337,0.9999810335566884,HGG_superv
Brats18_CBICA_AOP_1,ET,10937,10491,0.8620496546574575,1.4142135623730951,0.8444728901892657,0.9998592585922069,HGG_superv
Brats18_CBICA_AOZ_1,WT,95627,87289,0.8695029412407881,8.54400374531753,0.8315956790446213,0.9991207345975991,HGG_superv
Brats18_CBICA_AOZ_1,TC,28472,22582,0.874916754808634,3.7416573867739413,0.7844197808373139,0.9999721333535891,HGG_superv
Brats18_CBICA_AOZ_1,ET,23272,16230,0.8105918687661384,3.1622776601683795,0.6879511859745617,0.9999752940235794,HGG_superv
Brats18_CBICA_APR_1,WT,73437,80533,0.9208417224134572,2.8284271247461903,0.9653308277843594,0.9989110699195431,HGG_superv
Brats18_CBICA_APR_1,TC,36909,38298,0.9681811533500871,1.0,0.986398981278279,0.9997873151900031,HGG_superv
Brats18_CBICA_APR_1,ET,17433,18445,0.9038407938012152,1.0,0.9300751448402456,0.999749623116015,HGG_superv
Brats18_CBICA_APY_1,WT,180618,192786,0.9263532259965078,4.69041575982343,0.957556832652338,0.9977325787304133,HGG_superv
Brats18_CBICA_APY_1,TC,34913,49354,0.7975838703169686,4.898979485566356,0.9625354452496205,0.9982290738862669,HGG_superv
Brats18_CBICA_APY_1,ET,23676,28626,0.7118274635769186,5.385164807134504,0.7862392295995946,0.9988757147650962,HGG_superv
Brats18_CBICA_APZ_1,WT,66648,112873,0.7391670055313863,14.317821063276353,0.9954987396471012,0.9947496725104702,HGG_superv
Brats18_CBICA_APZ_1,TC,25413,24924,0.9256014462522598,5.477225575051661,0.9166961791209224,0.9998171318067434,HGG_superv
Brats18_CBICA_APZ_1,ET,16760,13080,0.8235924932975871,1.4142135623730951,0.7331742243436754,0.9999111234800095,HGG_superv
Brats18_CBICA_AQA_1,WT,20935,23759,0.862979370832774,5.916079783099616,0.9211846190589921,0.9994977021050144,HGG_superv
Brats18_CBICA_AQA_1,TC,15027,16498,0.8581760507533703,3.605551275463989,0.9001796765821521,0.9996666656569025,HGG_superv
Brats18_CBICA_AQA_1,ET,9281,9202,0.6788941189200888,2.0,0.6760047408684409,0.9996717017320537,HGG_superv
Brats18_CBICA_AQD_1,WT,62354,58870,0.934039464132515,2.0,0.9079449594252174,0.9997455346175563,HGG_superv
Brats18_CBICA_AQD_1,TC,7394,7025,0.944587003259588,1.4142135623730951,0.9210170408439275,0.9999758984983755,HGG_superv
Brats18_CBICA_AQD_1,ET,5701,5171,0.8809786607799853,1.4142135623730951,0.8400280652517103,0.9999571859225969,HGG_superv
Brats18_CBICA_AQG_1,WT,99909,100714,0.8570602572985151,4.69041575982343,0.8605130668908707,0.9983302165779668,HGG_superv
Brats18_CBICA_AQG_1,TC,7897,8179,0.8350335904453844,16.822603841260722,0.8499430163353172,0.9998355400156254,HGG_superv
Brats18_CBICA_AQG_1,ET,6149,6741,0.8273079906904577,15.0996688705415,0.8671328671328671,0.9998420731303403,HGG_superv
Brats18_CBICA_AQJ_1,WT,87609,84360,0.9060470201024603,8.602325267042627,0.8892465385976327,0.9992699417932985,HGG_superv
Brats18_CBICA_AQJ_1,TC,28727,27624,0.9143759649340739,2.8284271247461903,0.8968218052703032,0.9997908817945016,HGG_superv
Brats18_CBICA_AQJ_1,ET,22108,18770,0.8546406379959881,2.0,0.7901212230866654,0.9998538046497757,HGG_superv
Brats18_CBICA_AQN_1,WT,26500,29569,0.9093795145267438,2.8284271247461903,0.9620377358490566,0.9995422119867438,HGG_superv
Brats18_CBICA_AQN_1,TC,17430,16894,0.8947092413471623,3.3166247903554,0.8809523809523809,0.9998272837764588,HGG_superv
Brats18_CBICA_AQN_1,ET,9563,10714,0.7915372096463974,2.0,0.8391718080100387,0.9996984897690032,HGG_superv
Brats18_CBICA_AQO_1,WT,122656,120472,0.9553321707084335,1.7320508075688772,0.9468268979911296,0.9995073446307151,HGG_superv
Brats18_CBICA_AQO_1,TC,24355,22774,0.9551231725689067,1.4142135623730951,0.9241223568055841,0.999970012281487,HGG_superv
Brats18_CBICA_AQO_1,ET,16009,16568,0.9154311323940203,1.0,0.931413579861328,0.9998140707278542,HGG_superv
Brats18_CBICA_AQP_1,WT,91573,93465,0.9478269328462262,2.0,0.9576185120068142,0.999346681639536,HGG_superv
Brats18_CBICA_AQP_1,TC,44985,42048,0.9420794411315249,3.605551275463989,0.9113259975547404,0.9998815717411261,HGG_superv
Brats18_CBICA_AQP_1,ET,24430,20888,0.8382541153625491,2.23606797749979,0.7774866966844044,0.9997872763397154,HGG_superv
Brats18_CBICA_AQQ_1,WT,78815,82139,0.8748586552679648,4.898979485566356,0.8933071115904333,0.9986741151868788,HGG_superv
Brats18_CBICA_AQQ_1,TC,48208,45859,0.8652981385608131,5.0,0.8442167275141056,0.9994187926924415,HGG_superv
Brats18_CBICA_AQQ_1,ET,24262,31887,0.8026144722078755,1.7320508075688772,0.928736295441431,0.9989494300034435,HGG_superv
Brats18_CBICA_AQR_1,WT,14830,17132,0.8774169326074713,2.8284271247461903,0.945515846257586,0.9996510781237203,HGG_superv
Brats18_CBICA_AQR_1,TC,5751,5749,0.8871304347826087,2.449489742783178,0.8869761780559903,0.9999273725716464,HGG_superv
Brats18_CBICA_AQR_1,ET,5166,3937,0.7801823574645721,2.23606797749979,0.6873790166473094,0.9999567402015996,HGG_superv
Brats18_CBICA_AQT_1,WT,189011,145842,0.8633221144800853,5.0990195135927845,0.7647332694922517,0.9998513558032857,HGG_superv
Brats18_CBICA_AQT_1,TC,24963,24719,0.9341411376353609,2.449489742783178,0.9295757721427713,0.9998299456691014,HGG_superv
Brats18_CBICA_AQT_1,ET,15211,13821,0.843345274180215,1.7320508075688772,0.8048123068831766,0.999822838844272,HGG_superv
Brats18_CBICA_AQU_1,WT,100879,101523,0.9088250116105572,3.7416573867739413,0.9117259290833573,0.9989182203348068,HGG_superv
Brats18_CBICA_AQU_1,TC,37230,39024,0.8815799826894327,4.123105625617661,0.9028203062046737,0.9993912788206196,HGG_superv
Brats18_CBICA_AQU_1,ET,26254,24333,0.8014311977385494,2.23606797749979,0.7721109164317819,0.9995436850253872,HGG_superv
Brats18_CBICA_AQV_1,WT,51853,59257,0.9176131761317613,4.58257569495584,0.9831253736524406,0.9990672754743697,HGG_superv
Brats18_CBICA_AQV_1,TC,19018,19328,0.9342825848849945,2.0,0.9418971500683563,0.9998411715277907,HGG_superv
Brats18_CBICA_AQV_1,ET,12826,12708,0.8743635936398527,1.4142135623730951,0.8703414938406362,0.9998266999612122,HGG_superv
Brats18_CBICA_AQY_1,WT,171454,165526,0.934720161433913,2.23606797749979,0.918561246748399,0.9990824007548181,HGG_superv
Brats18_CBICA_AQY_1,TC,48395,46456,0.9566583378140452,2.0,0.9374935427213555,0.9998776972624346,HGG_superv
Brats18_CBICA_AQY_1,ET,28203,25353,0.8828142505041452,1.4142135623730951,0.8382087012019998,0.9998075236996978,HGG_superv
Brats18_CBICA_AQZ_1,WT,101416,106882,0.9437248557355328,2.0,0.9691567405537588,0.9990263503978436,HGG_superv
Brats18_CBICA_AQZ_1,TC,34327,35307,0.8999052187149955,4.47213595499958,0.912750895796312,0.999553053052434,HGG_superv
Brats18_CBICA_AQZ_1,ET,15158,20177,0.774755907740201,2.8284271247461903,0.9030215067950917,0.9992719493961634,HGG_superv
Brats18_CBICA_ARF_1,WT,75949,78490,0.9556523935016414,1.4142135623730951,0.9716388629211707,0.9994696144430257,HGG_superv
Brats18_CBICA_ARF_1,TC,40795,39523,0.9604322816803207,1.4142135623730951,0.9454590023287167,0.9998927671860838,HGG_superv
Brats18_CBICA_ARF_1,ET,20908,19418,0.8635123741506721,1.4142135623730951,0.8327434474842166,0.9997746739339843,HGG_superv
Brats18_CBICA_ARW_1,WT,37429,38333,0.8479448800190069,4.123105625617661,0.8581848299446952,0.9993012822236053,HGG_superv
Brats18_CBICA_ARW_1,TC,7706,6582,0.8681410974244121,3.7416573867739413,0.804827407215157,0.999957400507203,HGG_superv
Brats18_CBICA_ARW_1,ET,2624,2950,0.6063867958378184,4.0,0.6440548780487805,0.9998588294767637,HGG_superv
Brats18_CBICA_ARZ_1,WT,19150,19807,0.8105860307518546,7.874007874011811,0.8244908616187989,0.999548987804262,HGG_superv
Brats18_CBICA_ARZ_1,TC,1814,1702,0.745164960182025,5.744562646538029,0.7221609702315325,0.9999560842671215,HGG_superv
Brats18_CBICA_ARZ_1,ET,1412,1271,0.7707789787551249,5.916079783099616,0.7322946175637394,0.9999734501020995,HGG_superv
Brats18_CBICA_ASA_1,WT,97205,100605,0.941458975784844,2.449489742783178,0.9579239751041613,0.9991518317433481,HGG_superv
Brats18_CBICA_ASA_1,TC,56666,57796,0.9587286610403453,2.23606797749979,0.9682878622101436,0.9996700608950131,HGG_superv
Brats18_CBICA_ASA_1,ET,40108,41844,0.8980866848887153,1.4142135623730951,0.9175226887404009,0.9994324863533445,HGG_superv
Brats18_CBICA_ASE_1,WT,36342,21003,0.6177696398988578,19.672315572906,0.4873975015134005,0.9996299902672819,HGG_superv
Brats18_CBICA_ASE_1,TC,1520,1607,0.8525743524144548,11.317963332216921,0.8769736842105263,0.9999693048099587,HGG_superv
Brats18_CBICA_ASE_1,ET,1357,1437,0.8167501789549033,10.8621977685614,0.840825350036846,0.9999668408381516,HGG_superv
Brats18_CBICA_ASG_1,WT,132682,115452,0.8930577832945102,11.575836902790225,0.8350718258693719,0.9994709685312118,HGG_superv
Brats18_CBICA_ASG_1,TC,62246,62538,0.9444800615463521,3.605551275463989,0.9466953699836134,0.9995928152303797,HGG_superv
Brats18_CBICA_ASG_1,ET,32001,35548,0.8626330515625694,1.4142135623730951,0.9104402987406643,0.9992791141275983,HGG_superv
Brats18_CBICA_ASH_1,WT,29239,17475,0.7150747099370638,17.11724276862369,0.5712233660521906,0.9999131339744938,HGG_superv
Brats18_CBICA_ASH_1,TC,3461,3451,0.9039351851851852,2.0,0.9026292978907831,0.999963359451956,HGG_superv
Brats18_CBICA_ASH_1,ET,2041,1260,0.704634959103302,2.8284271247461903,0.5698187163155316,0.9999891328203502,HGG_superv
Brats18_CBICA_ASK_1,WT,83418,75816,0.9117525151663589,2.449489742783178,0.8702078688052938,0.9996353699926124,HGG_superv
Brats18_CBICA_ASK_1,TC,7635,7654,0.9559814245536006,1.0,0.9571709233791749,0.9999612123494946,HGG_superv
Brats18_CBICA_ASK_1,ET,6047,6788,0.8730814179976626,2.23606797749979,0.926575161236977,0.9998671815464618,HGG_superv
Brats18_CBICA_ASN_1,WT,82780,89165,0.9393468841780802,2.0,0.9755738100990577,0.9990495431430761,HGG_superv
Brats18_CBICA_ASN_1,TC,68033,68241,0.964013678324552,1.4142135623730951,0.9654873370276189,0.9997115113408436,HGG_superv
Brats18_CBICA_ASN_1,ET,32372,37701,0.8495140781756169,1.4142135623730951,0.919436550105029,0.9991077639487622,HGG_superv
Brats18_CBICA_ASO_1,WT,121570,125067,0.9402887644595094,2.23606797749979,0.9538126182446327,0.998965301489934,HGG_superv
Brats18_CBICA_ASO_1,TC,17554,16167,0.9420242578808458,1.4142135623730951,0.9048080209638829,0.9999681272968828,HGG_superv
Brats18_CBICA_ASO_1,ET,13105,11689,0.8723884810841332,1.4142135623730951,0.8252575352918733,0.9999019618290512,HGG_superv
Brats18_CBICA_ASU_1,WT,45951,52671,0.9114193587637647,2.23606797749979,0.9780635894757459,0.9991299304923897,HGG_superv
Brats18_CBICA_ASU_1,TC,16886,15833,0.944344264800269,1.4142135623730951,0.9148999170910813,0.9999569077446434,HGG_superv
Brats18_CBICA_ASU_1,ET,10897,10103,0.8598095238095238,1.4142135623730951,0.8284849041020464,0.9998794451516373,HGG_superv
Brats18_CBICA_ASV_1,WT,149897,148720,0.9560272857874803,1.7320508075688772,0.9522738947410555,0.9993191011770994,HGG_superv
Brats18_CBICA_ASV_1,TC,21470,18259,0.88046515140074,5.0,0.8146250582207731,0.9999136588547953,HGG_superv
Brats18_CBICA_ASV_1,ET,9075,9225,0.8542076502732241,1.0,0.861267217630854,0.9998420213198339,HGG_superv
Brats18_CBICA_ASW_1,WT,80574,69955,0.9111865487713331,4.123105625617661,0.8511430486261077,0.9998445875670505,HGG_superv
Brats18_CBICA_ASW_1,TC,37646,34376,0.9287439948904501,7.810249675906654,0.888407798969346,0.9998952797605135,HGG_superv
Brats18_CBICA_ASW_1,ET,30995,25873,0.8717732292326088,4.721700318684793,0.7997418938538474,0.9998780488490228,HGG_superv
Brats18_CBICA_ASY_1,WT,118394,113441,0.9453965104492419,4.123105625617661,0.9256212308056152,0.9995626365129155,HGG_superv
Brats18_CBICA_ASY_1,TC,15167,14778,0.949006511938554,1.4142135623730951,0.9368365530427902,0.9999361594680389,HGG_superv
Brats18_CBICA_ASY_1,ET,8577,9674,0.8991288148594597,1.0,0.956628191675411,0.9998353032477549,HGG_superv
Brats18_CBICA_ATB_1,WT,55364,47140,0.8766877390150628,8.06225774829855,0.8115743082147243,0.9997511449810406,HGG_superv
Brats18_CBICA_ATB_1,TC,34000,31974,0.9283657198290236,3.605551275463989,0.9007058823529411,0.9998482122779402,HGG_superv
Brats18_CBICA_ATB_1,ET,25128,22678,0.8691796008869179,2.23606797749979,0.8268067494428526,0.9997863610753923,HGG_superv
Brats18_CBICA_ATD_1,WT,91132,82346,0.9178685481732554,3.4641016151377544,0.8736228767063161,0.9996909538537863,HGG_superv
Brats18_CBICA_ATD_1,TC,11762,12417,0.9279126514744199,1.4142135623730951,0.9537493623533413,0.9998655262454861,HGG_superv
Brats18_CBICA_ATD_1,ET,8613,8091,0.8664990421455939,1.4142135623730951,0.8402414954139092,0.9999042535097984,HGG_superv
Brats18_CBICA_ATF_1,WT,91646,70130,0.6911902878053605,18.49324200890693,0.6100539030617812,0.9983906258169376,HGG_superv
Brats18_CBICA_ATF_1,TC,17190,12804,0.5915183036607321,19.22367895445358,0.5160558464223386,0.9995586259834964,HGG_superv
Brats18_CBICA_ATF_1,ET,6708,4506,0.6622079543427858,16.217245432755284,0.5535181872391175,0.9999111115295857,HGG_superv
Brats18_CBICA_ATP_1,WT,25918,23191,0.8164694862448838,5.830951894845301,0.7735164750366541,0.9996469365256352,HGG_superv
Brats18_CBICA_ATP_1,TC,2073,2203,0.9036482694106641,1.4142135623730951,0.9319826338639653,0.9999696390078028,HGG_superv
Brats18_CBICA_ATP_1,ET,1172,1417,0.8505214368482039,1.0,0.939419795221843,0.9999646010878668,HGG_superv
Brats18_CBICA_ATV_1,WT,87324,83581,0.9238933910652116,5.385164807134504,0.9040928038110944,0.9994760581656877,HGG_superv
Brats18_CBICA_ATV_1,TC,34530,37165,0.9491596345630797,1.7320508075688772,0.9853750362004055,0.9996469319624398,HGG_superv
Brats18_CBICA_ATV_1,ET,16172,18708,0.8477637614678899,1.0,0.9142344793470195,0.9995597985059855,HGG_superv
Brats18_CBICA_ATX_1,WT,20876,21385,0.9067461725941175,13.74772708486752,0.9178003448936578,0.9997501999523078,HGG_superv
Brats18_CBICA_ATX_1,TC,13410,12798,0.9314713064713065,2.0,0.9102162565249814,0.9999335920104009,HGG_superv
Brats18_CBICA_ATX_1,ET,6532,7560,0.8120919670735169,1.4142135623730951,0.8759951010410287,0.999793980093859,HGG_superv
Brats18_CBICA_AUN_1,WT,142132,150972,0.9452958676783667,2.23606797749979,0.9746925393296373,0.9985844312707635,HGG_superv
Brats18_CBICA_AUN_1,TC,50151,54110,0.9577118961068856,1.4142135623730951,0.995513549081773,0.9995287146695107,HGG_superv
Brats18_CBICA_AUN_1,ET,30143,35483,0.9041538414652729,1.4142135623730951,0.9842417808446405,0.9993464718527169,HGG_superv
Brats18_CBICA_AUQ_1,WT,13459,15064,0.8485082214353329,5.0990195135927845,0.8991009733263987,0.9996676216980773,HGG_superv
Brats18_CBICA_AUQ_1,TC,3069,1648,0.6529573881704474,8.907468476480323,0.5017921146953405,0.9999878990661104,HGG_superv
Brats18_CBICA_AUQ_1,ET,2287,1324,0.6408197175297702,9.1104335791443,0.5059029296020988,0.999981290010109,HGG_superv
Brats18_CBICA_AUR_1,WT,95815,97525,0.8510499637943519,8.06225774829855,0.8586442623806293,0.9982729075534537,HGG_superv
Brats18_CBICA_AUR_1,TC,79911,67528,0.9042926227117656,14.560219778561036,0.8342280787375955,0.9999023517959641,HGG_superv
Brats18_CBICA_AUR_1,ET,35310,30353,0.7482143672996969,5.830951894845301,0.6956952704616256,0.9993491283289984,HGG_superv
Brats18_CBICA_AVG_1,WT,24955,30416,0.783984396164057,22.847319317591726,0.8697655780404728,0.9990215707097965,HGG_superv
Brats18_CBICA_AVG_1,TC,3864,4283,0.9254940468884252,1.0,0.9756728778467909,0.9999425154435119,HGG_superv
Brats18_CBICA_AVG_1,ET,2830,3186,0.8863031914893617,1.0,0.9420494699646643,0.999941737804434,HGG_superv
Brats18_CBICA_AVJ_1,WT,59246,56991,0.9435721844163218,19.1049731745428,0.9256152314080276,0.9997573503560928,HGG_superv
Brats18_CBICA_AVJ_1,TC,15461,16016,0.923150236680751,2.8284271247461903,0.939719293706746,0.9998331564103113,HGG_superv
Brats18_CBICA_AVJ_1,ET,8665,8749,0.8282990697140232,2.0,0.8323139065204848,0.9998276777360644,HGG_superv
Brats18_CBICA_AVV_1,WT,130505,127027,0.9516487271484708,2.0,0.938967855637715,0.9994899684512466,HGG_superv
Brats18_CBICA_AVV_1,TC,44565,47701,0.9537207638783517,1.4142135623730951,0.9872770111073712,0.9995831567406077,HGG_superv
Brats18_CBICA_AVV_1,ET,30709,37926,0.8888176586289794,2.23606797749979,0.9932593050897132,0.9991655887168353,HGG_superv
Brats18_CBICA_AWG_1,WT,63159,61989,0.941461309809186,2.8284271247461903,0.932741177029402,0.9996527856506394,HGG_superv
Brats18_CBICA_AWG_1,TC,34016,30732,0.910730833384815,4.123105625617661,0.8667685794920038,0.9998596804311769,HGG_superv
Brats18_CBICA_AWG_1,ET,14186,14887,0.8416744058060743,1.0,0.8624700408853799,0.9997024842564586,HGG_superv
Brats18_CBICA_AWH_1,WT,160010,112865,0.7884562528630326,24.372115213907882,0.6723017311418036,0.9993966690199236,HGG_superv
Brats18_CBICA_AWH_1,TC,34929,35670,0.9506650235839035,2.0,0.9607489478656703,0.99976251173526,HGG_superv
Brats18_CBICA_AWH_1,ET,15631,17810,0.8501540025716934,1.0,0.9094107862580769,0.9995966280121481,HGG_superv
Brats18_CBICA_AWI_1,WT,57830,56704,0.9319154137635985,3.1622776601683795,0.9228428151478472,0.9996239079972538,HGG_superv
Brats18_CBICA_AWI_1,TC,35286,35066,0.8888162383443257,3.605551275463989,0.8860454571218047,0.999572571433198,HGG_superv
Brats18_CBICA_AWI_1,ET,12743,15614,0.7634799167753994,1.7320508075688772,0.8494859923095033,0.9994628309649403,HGG_superv
Brats18_CBICA_AXJ_1,WT,154279,169418,0.9181672984303222,10.63014581273465,0.9632159918070509,0.9976276884117924,HGG_superv
Brats18_CBICA_AXJ_1,TC,19017,13487,0.7656288456805316,13.049892416470323,0.6543093022032918,0.999882814907156,HGG_superv
Brats18_CBICA_AXJ_1,ET,13041,9582,0.816337355788357,5.477225575051661,0.7080745341614907,0.9999609644867689,HGG_superv
Brats18_CBICA_AXL_1,WT,89189,119442,0.7770657284871376,8.94427190999916,0.9088564733319131,0.9956575607284736,HGG_superv
Brats18_CBICA_AXL_1,TC,48415,44733,0.9377764417915575,3.0,0.9021171124651451,0.999880962905361,HGG_superv
Brats18_CBICA_AXL_1,ET,37598,33569,0.8799022018632231,2.23606797749979,0.832757061545827,0.9997459057531931,HGG_superv
Brats18_CBICA_AXM_1,WT,44519,42572,0.9220470542306324,2.23606797749979,0.9018845886026191,0.9997274716971871,HGG_superv
Brats18_CBICA_AXM_1,TC,16929,17048,0.9559407834711717,1.0,0.9593006084234155,0.999909326275147,HGG_superv
Brats18_CBICA_AXM_1,ET,9460,9400,0.8466595970307529,1.4142135623730951,0.8439746300211417,0.9998412296183008,HGG_superv
Brats18_CBICA_AXN_1,WT,76789,68456,0.8818754518227822,7.0,0.8340257068069645,0.9995015371342972,HGG_superv
Brats18_CBICA_AXN_1,TC,38451,15322,0.5348780986740558,33.28663056496084,0.3740084783230605,0.9998941453610302,HGG_superv
Brats18_CBICA_AXN_1,ET,22496,5759,0.34776145814900017,37.289393616718684,0.2183943812233286,0.9999050025691977,HGG_superv
Brats18_CBICA_AXO_1,WT,185137,178747,0.9582064613997867,3.1622776601683795,0.9416702225919185,0.9994957029522251,HGG_superv
Brats18_CBICA_AXO_1,TC,115876,117715,0.9594975833829215,2.0,0.967111394939418,0.999358837891977,HGG_superv
Brats18_CBICA_AXO_1,ET,35387,46578,0.7667663026901727,1.7320508075688772,0.8880097210840139,0.9982958889586222,HGG_superv
Brats18_CBICA_AXQ_1,WT,42204,42558,0.9082843727141879,3.3166247903554,0.9120936404132309,0.9995426408618879,HGG_superv
Brats18_CBICA_AXQ_1,TC,19027,14884,0.8245112205479048,7.681145747868608,0.7347453618542071,0.9998985292693109,HGG_superv
Brats18_CBICA_AXQ_1,ET,10595,10297,0.74593145701704,6.708203932499369,0.7354412458706937,0.9997190886810681,HGG_superv
Brats18_CBICA_AXW_1,WT,50183,49933,0.9389508170522194,1.7320508075688772,0.9366120000797082,0.9996698512708698,HGG_superv
Brats18_CBICA_AXW_1,TC,11695,12030,0.949799789251844,1.0,0.9634031637451903,0.9999144264356143,HGG_superv
Brats18_CBICA_AXW_1,ET,7959,8474,0.8905251627822065,1.0,0.9193366000753863,0.9998702920760117,HGG_superv
Brats18_CBICA_AYA_1,WT,39411,48033,0.8502584511230045,4.242640687119285,0.9432645708051052,0.9987784337874099,HGG_superv
Brats18_CBICA_AYA_1,TC,7174,7264,0.934755506302812,1.4142135623730951,0.9406189015890717,0.9999421578226052,HGG_superv
Brats18_CBICA_AYA_1,ET,4321,5674,0.8178089044522261,1.5572403227111393,0.9458458690118028,0.9998221585514225,HGG_superv
Brats18_CBICA_AYI_1,WT,7285,5277,0.8329883776468715,3.7416573867739413,0.7181880576527111,0.9999949555612975,HGG_superv
Brats18_CBICA_AYI_1,TC,3609,3187,0.8746321365509123,2.0,0.8234968135217512,0.9999759087202701,HGG_superv
Brats18_CBICA_AYI_1,ET,1470,2800,0.6819672131147541,4.242640687119285,0.9904761904761905,0.9998494375754072,HGG_superv
Brats18_CBICA_AYU_1,WT,43464,44267,0.8985193375203748,2.8284271247461903,0.9068194367752623,0.9994537700111745,HGG_superv
Brats18_CBICA_AYU_1,TC,10560,9464,0.851078705553336,4.58257569495584,0.8069128787878788,0.9998942521620555,HGG_superv
Brats18_CBICA_AYU_1,ET,6688,6774,0.8370227306492349,2.23606797749979,0.8424043062200957,0.9998722161045371,HGG_superv
Brats18_CBICA_AYW_1,WT,31532,33720,0.9370440752773861,2.449489742783178,0.9695547380438919,0.9996461517087455,HGG_superv
Brats18_CBICA_AYW_1,TC,17680,18508,0.9321874654581629,1.7320508075688772,0.9540158371040725,0.9998158315301807,HGG_superv
Brats18_CBICA_AYW_1,ET,8450,8235,0.8075516931375487,1.4142135623730951,0.7972781065088758,0.9998320543076725,HGG_superv
Brats18_CBICA_AZD_1,WT,10101,11452,0.8001670301118173,7.526552553667722,0.8536778536778536,0.9996827728145385,HGG_superv
Brats18_CBICA_AZD_1,TC,6295,6230,0.92375249500998,1.4142135623730951,0.9189833200953137,0.9999501216415472,HGG_superv
Brats18_CBICA_AZD_1,ET,4518,4205,0.8288432878596813,1.4142135623730951,0.800132802124834,0.9999338823118599,HGG_superv
Brats18_CBICA_AZH_1,WT,73658,76210,0.940707822884138,2.0,0.9570039914198051,0.9993541022020609,HGG_superv
Brats18_CBICA_AZH_1,TC,10558,10643,0.9521248997688788,1.0,0.9559575677211594,0.9999383231200158,HGG_superv
Brats18_CBICA_AZH_1,ET,7167,7211,0.882737515648908,1.0,0.8854471885028603,0.9999030359608795,HGG_superv
Brats18_CBICA_BFB_1,WT,57075,58178,0.9386306647115477,3.7416573867739413,0.947700394218134,0.9995391686887218,HGG_sin_superv
Brats18_CBICA_BFB_1,TC,27561,28932,0.9323633016479917,3.1622776601683795,0.9555531366786401,0.9997083289936598,HGG_sin_superv
Brats18_CBICA_BFB_1,ET,17506,22628,0.8460656799720935,2.23606797749979,0.9698389123729008,0.9993659161882608,HGG_sin_superv
Brats18_CBICA_BFP_1,WT,36221,35915,0.8997726516579794,2.449489742783178,0.8959719499737722,0.9996106515917681,HGG_sin_superv
Brats18_CBICA_BFP_1,TC,7813,7431,0.8905799002886382,3.0,0.8688083962626392,0.9999279163093778,HGG_sin_superv
Brats18_CBICA_BFP_1,ET,3691,5433,0.7799210872424376,3.1622776601683795,0.9639664047683555,0.9997898996997975,HGG_sin_superv
Brats18_CBICA_BHB_1,WT,20752,24830,0.7696459128603396,91.68069585923526,0.8452679259830378,0.999181677662955,HGG_superv
Brats18_CBICA_BHB_1,TC,561,703,0.33069620253164556,109.07795377618706,0.37254901960784315,0.9999446649817489,HGG_superv
Brats18_CBICA_BHB_1,ET,106,528,0.2870662460567823,111.08307699638867,0.8584905660377359,0.999951052286239,HGG_superv
Brats18_CBICA_BHK_1,WT,26806,18234,0.7378774422735347,73.57988855658861,0.6198985301798104,0.9998183389778944,HGG_sin_superv
Brats18_CBICA_BHK_1,TC,7516,12031,0.6779556965263211,7.0,0.8815859499733901,0.9993940911726314,HGG_sin_superv
Brats18_CBICA_BHK_1,ET,406,0,0.0,373.13,0.0,1.0,HGG_sin_superv
Brats18_CBICA_BHM_1,WT,30654,24842,0.8615395704194897,7.810249675906654,0.7798655966594897,0.9998948000898246,HGG_superv
Brats18_CBICA_BHM_1,TC,11929,10874,0.922685611542341,2.0,0.8818844831922207,0.9999602964130725,HGG_superv
Brats18_CBICA_BHM_1,ET,9619,7378,0.8357945519797612,2.0,0.7384343486848944,0.9999691648069308,HGG_superv
Brats18_TCIA01_131_1,WT,37828,38639,0.9543463193272915,1.4142135623730951,0.9645765041768003,0.9997580474258541,HGG_sin_superv
Brats18_TCIA01_131_1,TC,12163,12515,0.9662857605964827,1.4142135623730951,0.9802680259804325,0.9999336012984535,HGG_sin_superv
Brats18_TCIA01_131_1,ET,8994,9235,0.961544791266663,1.0,0.9744273960418056,0.9999471914246947,HGG_sin_superv
Brats18_TCIA01_147_1,WT,143759,147663,0.9647384205722286,1.4142135623730951,0.9778379092787234,0.999192872782065,HGG_superv
Brats18_TCIA01_147_1,TC,39933,37552,0.9522617280764019,1.4142135623730951,0.9238724864147447,0.9999258556444275,HGG_superv
Brats18_TCIA01_147_1,ET,35721,31214,0.9176663927691043,1.4142135623730951,0.859774362419865,0.9999435465306475,HGG_superv
Brats18_TCIA01_150_1,WT,66802,70182,0.944154061788238,3.1622776601683795,0.9680398790455376,0.9993776236576589,HGG_superv
Brats18_TCIA01_150_1,TC,36684,40275,0.9295858833924557,3.0,0.9750845055064878,0.9994933258473774,HGG_superv
Brats18_TCIA01_150_1,ET,35019,33893,0.8744195495704666,3.605551275463989,0.8603615180330678,0.9995767448507986,HGG_superv
Brats18_TCIA01_180_1,WT,146494,129594,0.9103691576598766,7.3484692283495345,0.8578576596993733,0.9995532656926955,HGG_sin_superv
Brats18_TCIA01_180_1,TC,70168,70807,0.8181734350062068,9.0,0.8218988712803558,0.9985170186113261,HGG_sin_superv
Brats18_TCIA01_180_1,ET,16944,20457,0.7539370605064035,4.69041575982343,0.8320939565627951,0.9992865043155379,HGG_sin_superv
Brats18_TCIA01_186_1,WT,53787,51403,0.9567639509459074,2.23606797749979,0.9355606373287225,0.9998780736950984,HGG_superv
Brats18_TCIA01_186_1,TC,19701,22094,0.9279578896997248,2.23606797749979,0.9843155169788336,0.9996966873249316,HGG_superv
Brats18_TCIA01_186_1,ET,12114,15069,0.868042526579112,1.4142135623730951,0.9739144791150735,0.999633126758238,HGG_superv
Brats18_TCIA01_190_1,WT,24434,19169,0.8467765979405086,21.18962010041709,0.7555455512810019,0.9999204812992907,HGG_superv
Brats18_TCIA01_190_1,TC,8711,8347,0.909368038457029,1.7320508075688772,0.8903684995982092,0.9999337391130616,HGG_superv
Brats18_TCIA01_190_1,ET,4362,7605,0.6924041113060918,4.182873156368473,0.9497936726272352,0.9996120416359336,HGG_superv
Brats18_TCIA01_201_1,WT,154508,152387,0.9710813144560844,1.0,0.9644160820151707,0.9996150905477545,HGG_superv
Brats18_TCIA01_201_1,TC,70505,71951,0.9422418150165666,2.8284271247461903,0.9519041202751578,0.999453908808303,HGG_superv
Brats18_TCIA01_201_1,ET,45111,47868,0.8699383731810408,2.23606797749979,0.8965219126155484,0.9991641232936717,HGG_superv
Brats18_TCIA01_203_1,WT,186689,176975,0.945664129526156,12.041594578792296,0.921061230174247,0.9994253722353547,HGG_superv
Brats18_TCIA01_203_1,TC,95022,100365,0.9315154027647694,5.830951894845301,0.95770453158216,0.998940108307753,HGG_superv
Brats18_TCIA01_203_1,ET,79009,80701,0.9079456514933316,3.0,0.9176676074877546,0.9990736796997534,HGG_superv
Brats18_TCIA01_221_1,WT,105852,103183,0.967464778625589,2.449489742783178,0.9552677323054831,0.9997658166695911,HGG_sin_superv
Brats18_TCIA01_221_1,TC,46728,52378,0.9082194821706052,3.7416573867739413,0.9631270330422873,0.9991698261240056,HGG_sin_superv
Brats18_TCIA01_221_1,ET,3852,6374,0.7420301193037355,2.0,0.9849428868120457,0.9997108967713221,HGG_sin_superv
Brats18_TCIA01_231_1,WT,95391,96453,0.9781384875211109,1.0,0.9835833569204642,0.9997024661682635,HGG_superv
Brats18_TCIA01_231_1,TC,28513,28420,0.9535418825637152,2.0,0.9519868130326518,0.9998566209490503,HGG_superv
Brats18_TCIA01_231_1,ET,25236,24716,0.9359385009609225,2.23606797749979,0.9262957679505468,0.9998494849464729,HGG_superv
Brats18_TCIA01_235_1,WT,99859,90416,0.9431086585205624,2.23606797749979,0.8985169088414665,0.9999217275754885,HGG_superv
Brats18_TCIA01_235_1,TC,25202,24562,0.9537416606382123,1.4142135623730951,0.94163161653837,0.9999066585583544,HGG_superv
Brats18_TCIA01_235_1,ET,13224,14700,0.9226471852170176,1.0,0.9741379310344828,0.9997960689085177,HGG_superv
Brats18_TCIA01_335_1,WT,92661,97545,0.9673196429134727,1.4142135623730951,0.9928125101175251,0.9993718407409156,HGG_superv
Brats18_TCIA01_335_1,TC,59531,59884,0.9711677762425156,1.0,0.9740471351060792,0.9997859833529328,HGG_superv
Brats18_TCIA01_335_1,ET,46904,46511,0.9449446020446395,1.4142135623730951,0.9409858434248678,0.9997325780511774,HGG_superv
Brats18_TCIA01_378_1,WT,125370,79968,0.7661611586749651,12.36931687685298,0.6274308048177395,0.9998515216475076,HGG_superv
Brats18_TCIA01_378_1,TC,56563,56407,0.9604850845357175,1.7320508075688772,0.9591605820059049,0.999757198298314,HGG_superv
Brats18_TCIA01_378_1,ET,43375,43821,0.9372677645763567,1.4142135623730951,0.9420864553314121,0.9996670652953838,HGG_superv
Brats18_TCIA01_390_1,WT,134271,108736,0.8898756002913496,3.1622776601683795,0.805259512478495,0.9999302912336735,HGG_superv
Brats18_TCIA01_390_1,TC,39718,29356,0.8465992993021977,4.242640687119285,0.736164962989073,0.999986836601269,HGG_superv
Brats18_TCIA01_390_1,ET,13892,13476,0.8750365390236773,8.246211251235321,0.8619349265764469,0.9998315030511186,HGG_superv
Brats18_TCIA01_401_1,WT,222999,216882,0.9576726432830698,1.7320508075688772,0.9445378678828156,0.9992819070325207,HGG_superv
Brats18_TCIA01_401_1,TC,62318,61230,0.9708291514229287,1.0,0.9623543759427453,0.9998581045428879,HGG_superv
Brats18_TCIA01_401_1,ET,50410,46629,0.9380146126814992,1.4142135623730951,0.9028367387423131,0.999874177563956,HGG_superv
Brats18_TCIA01_411_1,WT,12952,15163,0.819277965498844,14.060546555900114,0.8892063001852996,0.9995910285620447,HGG_superv
Brats18_TCIA01_411_1,TC,1241,2852,0.5111165404348889,11.029484661171718,0.8428686543110395,0.9997976869320657,HGG_superv
Brats18_TCIA01_411_1,ET,1037,1926,0.47384407694903813,11.045361017187261,0.6769527483124397,0.9998628872999697,HGG_superv
Brats18_TCIA01_412_1,WT,163378,148709,0.9337204048870988,4.69041575982343,0.8918030579392574,0.9996568020845622,HGG_superv
Brats18_TCIA01_412_1,TC,101553,97989,0.9359533331328743,2.8284271247461903,0.9195297037015154,0.9994779326267976,HGG_superv
Brats18_TCIA01_412_1,ET,74539,69668,0.8766009971776683,2.449489742783178,0.8479587866754317,0.9992701159467468,HGG_superv
Brats18_TCIA01_425_1,WT,38314,28636,0.8218073188946975,8.246211251235321,0.7180143028657932,0.999873336358562,HGG_superv
Brats18_TCIA01_425_1,TC,2046,4410,0.5861214374225526,7.3484692283495345,0.9247311827956989,0.9997179013022025,HGG_superv
Brats18_TCIA01_425_1,ET,1662,916,0.664856477889837,2.23606797749979,0.5156438026474127,0.9999933903466348,HGG_superv
Brats18_TCIA01_429_1,WT,107328,99359,0.954128706691761,1.7320508075688772,0.9187071407274896,0.9999142922444004,HGG_superv
Brats18_TCIA01_429_1,TC,41675,41246,0.975289733601862,1.0,0.9702699460107979,0.9999088487085493,HGG_superv
Brats18_TCIA01_429_1,ET,34538,32406,0.9459548279158699,1.0,0.9167583531183044,0.9999164554815662,HGG_superv
Brats18_TCIA01_448_1,WT,80769,75120,0.9246066111143185,3.3166247903554,0.8922730255419777,0.999655033309292,HGG_superv
Brats18_TCIA01_448_1,TC,26245,21761,0.8651001958088572,11.0,0.7911983234901886,0.999888111950958,HGG_superv
Brats18_TCIA01_448_1,ET,17276,19948,0.8282290995056952,18.16590212458495,0.8922783051632323,0.999491287127735,HGG_superv
Brats18_TCIA01_460_1,WT,127812,114041,0.9293496462727359,13.601470508735444,0.8792836353394048,0.9998115949341082,HGG_superv
Brats18_TCIA01_460_1,TC,82014,82957,0.8929811906335052,8.12403840463596,0.8981149559831249,0.9989487887500613,HGG_superv
Brats18_TCIA01_460_1,ET,33404,42395,0.8323328803810076,2.23606797749979,0.9443479822775716,0.998780158199428,HGG_superv
Brats18_TCIA01_499_1,WT,55781,56756,0.9613371602228601,1.4142135623730951,0.9697387999498037,0.9996998496092128,HGG_superv
Brats18_TCIA01_499_1,TC,36146,35083,0.9633716604192113,1.4142135623730951,0.949205997897416,0.9999130664988426,HGG_superv
Brats18_TCIA01_499_1,ET,26241,25023,0.9426888264669163,1.0,0.9208109447048511,0.9999033898805842,HGG_superv
Brats18_TCIA02_117_1,WT,80218,85129,0.929947322902744,2.8284271247461903,0.9584133236929367,0.9990679019894477,HGG_sin_superv
Brats18_TCIA02_117_1,TC,30663,32225,0.9605966162065895,1.4142135623730951,0.9850634314972443,0.9997729657761643,HGG_sin_superv
Brats18_TCIA02_117_1,ET,18881,20341,0.9052062617918515,1.4142135623730951,0.9402044383242413,0.9997093988754668,HGG_sin_superv
Brats18_TCIA02_118_1,WT,150805,173362,0.9130787526182492,5.0990195135927845,0.9813666655614867,0.9971098967266877,HGG_superv
Brats18_TCIA02_118_1,TC,103704,106279,0.9365805803326936,4.0,0.9482083622618221,0.9990995315660309,HGG_superv
Brats18_TCIA02_118_1,ET,87753,84478,0.939888870180165,1.4142135623730951,0.9223502330404658,0.9995996718191245,HGG_superv
Brats18_TCIA02_135_1,WT,81847,87308,0.9594986846383494,1.7320508075688772,0.9915085464342004,0.9993041042812622,HGG_superv
Brats18_TCIA02_135_1,TC,37146,34890,0.9404186795491143,3.0,0.911861304043504,0.9998855003130183,HGG_superv
Brats18_TCIA02_135_1,ET,33532,29991,0.915479432646443,2.23606797749979,0.8671418346653943,0.9998972394976293,HGG_superv
Brats18_TCIA02_151_1,WT,110151,99557,0.9437503576401473,1.4142135623730951,0.8983667874100099,0.999931842788417,HGG_superv
Brats18_TCIA02_151_1,TC,37263,35965,0.973043098268422,1.0,0.956095859163245,0.9999619829042294,HGG_superv
Brats18_TCIA02_151_1,ET,19875,18578,0.9296023717265233,1.0,0.8992704402515723,0.9999208587665754,HGG_superv
Brats18_TCIA02_168_1,WT,130288,142643,0.9374677116194203,27.147743920996454,0.981916983912563,0.998327860698327,HGG_sin_superv
Brats18_TCIA02_168_1,TC,53790,50975,0.9413830954994512,2.449489742783178,0.9167503253392824,0.9998126030373408,HGG_sin_superv
Brats18_TCIA02_168_1,ET,29915,17226,0.7160645722407246,11.045361017187261,0.5641985625940164,0.9999608904612621,HGG_sin_superv
Brats18_TCIA02_171_1,WT,44798,47387,0.9493735423333514,2.23606797749979,0.976807000312514,0.999591588708666,HGG_sin_superv
Brats18_TCIA02_171_1,TC,4664,4951,0.9054602184087364,1.4142135623730951,0.9333190394511149,0.9999329847043751,HGG_sin_superv
Brats18_TCIA02_171_1,ET,4539,4332,0.8975312817044302,2.23606797749979,0.8770654329147389,0.999960665486183,HGG_sin_superv
Brats18_TCIA02_179_1,WT,89516,78770,0.9171291729555637,42.05948168962618,0.8620805219178694,0.9998189734800674,HGG_superv
Brats18_TCIA02_179_1,TC,13311,13959,0.9264393105977264,6.708203932499369,0.9489895575088273,0.9998511445547904,HGG_superv
Brats18_TCIA02_179_1,ET,9371,10429,0.8992929292929293,4.358898943540674,0.9500586917084622,0.9998288974684337,HGG_superv
Brats18_TCIA02_198_1,WT,42233,36166,0.9154963711271827,4.58257569495584,0.8497383562616911,0.9999686014724446,HGG_superv
Brats18_TCIA02_198_1,TC,11281,10804,0.9368349558523885,2.23606797749979,0.9170286322134562,0.9999485236666088,HGG_superv
Brats18_TCIA02_198_1,ET,9134,7940,0.9069930889071103,1.4142135623730951,0.8477118458506678,0.9999779119901566,HGG_superv
Brats18_TCIA02_208_1,WT,31109,34595,0.9280409107512481,1.4142135623730951,0.9800379311453277,0.9995383780693727,HGG_sin_superv
Brats18_TCIA02_208_1,TC,4782,4180,0.9221155991966079,1.0,0.8640736093684651,0.9999946207747026,HGG_sin_superv
Brats18_TCIA02_208_1,ET,4439,3834,0.9126072766831863,1.0,0.8504167605316513,0.9999933882897197,HGG_sin_superv
Brats18_TCIA02_222_1,WT,166140,175655,0.951424099240773,3.605551275463989,0.9786685927530998,0.9985095630379851,HGG_sin_superv
Brats18_TCIA02_222_1,TC,67394,72188,0.9223538851714405,3.4641016151377544,0.9551592129863192,0.99911789329082,HGG_sin_superv
Brats18_TCIA02_222_1,ET,36506,42234,0.9081026162052324,1.4142135623730951,0.9793458609543637,0.999270988655,HGG_sin_superv
Brats18_TCIA02_226_1,WT,45281,59670,0.8462044192051529,25.764313774158936,0.9806541374969634,0.998281494663965,HGG_superv
Brats18_TCIA02_226_1,TC,10095,20770,0.6198606836222258,33.1481517371136,0.9475978207033184,0.9987436511153684,HGG_superv
Brats18_TCIA02_226_1,ET,9769,18445,0.6370596157935776,32.802438933713454,0.9199508649810626,0.9989394757772029,HGG_superv
Brats18_TCIA02_274_1,WT,175646,195470,0.9398678580282176,3.1622776601683795,0.9929061863065484,0.9975926476465645,HGG_superv
Brats18_TCIA02_274_1,TC,63343,69515,0.9413810233482365,3.0,0.987244052223608,0.9992126034882116,HGG_superv
Brats18_TCIA02_274_1,ET,47361,54359,0.9189539913488006,2.0,0.9868457169400984,0.9991418410319347,HGG_superv
Brats18_TCIA02_283_1,WT,67704,66347,0.8059171509350919,8.831760866327848,0.7978406002599551,0.9986083986358921,HGG_superv
Brats18_TCIA02_283_1,TC,8648,10315,0.8875177978168012,2.23606797749979,0.9730573543015726,0.9997869800407025,HGG_superv
Brats18_TCIA02_283_1,ET,6929,8027,0.8380583043594544,2.0,0.9044595179679608,0.9998027142705175,HGG_superv
Brats18_TCIA02_290_1,WT,122929,137614,0.9267721642876607,3.605551275463989,0.9821278949637595,0.9980826957556617,HGG_superv
Brats18_TCIA02_290_1,TC,42503,44200,0.9656182600371382,1.4142135623730951,0.9848951838693739,0.9997367620516894,HGG_superv
Brats18_TCIA02_290_1,ET,26938,28652,0.9455297715416442,1.0,0.9756106615190437,0.999733627290766,HGG_superv
Brats18_TCIA02_300_1,WT,99624,96770,0.9585017872236423,2.23606797749979,0.9447723440134908,0.9997000580854282,HGG_superv
Brats18_TCIA02_300_1,TC,77990,74896,0.9732611226665621,1.0,0.9539556353378639,0.9999438418713651,HGG_superv
Brats18_TCIA02_300_1,ET,38724,35610,0.9338122528049075,1.0,0.8962658816237992,0.999898416923943,HGG_superv
Brats18_TCIA02_309_1,WT,59206,57345,0.9253116661375707,5.0990195135927845,0.910769178799446,0.9996141527247109,HGG_sin_superv
Brats18_TCIA02_309_1,TC,27493,30567,0.8791594901825698,3.605551275463989,0.9283090241152293,0.9994331783571431,HGG_sin_superv
Brats18_TCIA02_309_1,ET,25463,26472,0.8759025705208434,4.123105625617661,0.8932568825354436,0.9995813552923173,HGG_sin_superv
Brats18_TCIA02_314_1,WT,88649,88542,0.9468200980862459,3.0,0.9462486886484901,0.9994730382354994,HGG_superv
Brats18_TCIA02_314_1,TC,50042,49156,0.9433053085747697,2.23606797749979,0.9349546381039926,0.9997331593593932,HGG_superv
Brats18_TCIA02_314_1,ET,31255,35050,0.913173968780635,1.4142135623730951,0.9686130219164933,0.9994631744531286,HGG_superv
Brats18_TCIA02_321_1,WT,129841,145776,0.9326783181008428,3.0,0.9899107369783042,0.9980399308537161,HGG_superv
Brats18_TCIA02_321_1,TC,58843,57400,0.9601266312810234,1.4142135623730951,0.948354094794623,0.9998200505414437,HGG_superv
Brats18_TCIA02_321_1,ET,50084,47497,0.9423350857236552,1.0,0.9179977637568885,0.9998287886481467,HGG_superv
Brats18_TCIA02_322_1,WT,19075,14430,0.8265035069392628,4.067708094089736,0.7258715596330275,0.9999344477588485,HGG_superv
Brats18_TCIA02_322_1,TC,9318,8713,0.947035660806389,1.7320508075688772,0.9162910495814552,0.9999803782666542,HGG_superv
Brats18_TCIA02_322_1,ET,8858,8048,0.9322134153554951,1.7320508075688772,0.8895913298713027,0.9999811641074893,HGG_superv
Brats18_TCIA02_331_1,WT,66816,68595,0.9406325926254144,2.23606797749979,0.9531549329501916,0.9994460108265442,HGG_superv
Brats18_TCIA02_331_1,TC,18677,18954,0.9672876086205522,1.0,0.9744605664721315,0.9999153695516483,HGG_superv
Brats18_TCIA02_331_1,ET,17941,17651,0.9551022701730726,1.0,0.9473830890139903,0.9999265998126388,HGG_superv
Brats18_TCIA02_368_1,WT,175302,164686,0.96155746673412,1.4142135623730951,0.9324422995744487,0.9998598146537216,HGG_superv
Brats18_TCIA02_368_1,TC,42239,38955,0.9543562332192034,1.4142135623730951,0.917256563839106,0.9999762541441302,HGG_superv
Brats18_TCIA02_368_1,ET,36248,29433,0.8917038412935248,2.449489742783178,0.8078790553961598,0.9999832428974628,HGG_superv
Brats18_TCIA02_370_1,WT,107194,104358,0.965568749054606,2.0,0.9527958654402299,0.9997478688455455,HGG_sin_superv
Brats18_TCIA02_370_1,TC,55342,52921,0.9132760038055476,4.123105625617661,0.8932998446026525,0.9996073329998745,HGG_sin_superv
Brats18_TCIA02_370_1,ET,30381,33962,0.875184557760751,1.7320508075688772,0.9267634376748626,0.999347465878231,HGG_sin_superv
Brats18_TCIA02_374_1,WT,131589,140282,0.9550117518970394,2.8284271247461903,0.9865566270736915,0.9988106512985807,HGG_sin_superv
Brats18_TCIA02_374_1,TC,72106,71619,0.9364132892676987,5.0,0.9332510470695919,0.9995115117683206,HGG_sin_superv
Brats18_TCIA02_374_1,ET,54064,49463,0.9089416287538516,2.449489742783178,0.8702648712636875,0.9997280800763043,HGG_sin_superv
Brats18_TCIA02_377_1,WT,186261,174198,0.9515256936295112,1.7320508075688772,0.9207134075302935,0.999690565000854,HGG_superv
Brats18_TCIA02_377_1,TC,56943,59428,0.96333278909694,1.4142135623730951,0.984352773826458,0.9996194365564329,HGG_superv
Brats18_TCIA02_377_1,ET,49748,51173,0.9567285302365216,1.4142135623730951,0.9704309720993809,0.9996738096643348,HGG_superv
Brats18_TCIA02_394_1,WT,50735,49343,0.9393273246867443,3.0,0.926441312703262,0.9997364053005064,HGG_superv
Brats18_TCIA02_394_1,TC,32325,28278,0.9177763477055592,3.3166247903554,0.8603248259860788,0.9999473901643214,HGG_superv
Brats18_TCIA02_394_1,ET,21184,14396,0.7930860033726813,3.0,0.6660215256797583,0.9999677774863655,HGG_superv
Brats18_TCIA02_430_1,WT,91560,86593,0.9434587124550247,5.830951894845301,0.9178680646570555,0.9997110827437293,HGG_superv
Brats18_TCIA02_430_1,TC,56625,46479,0.8911778398510242,7.3484692283495345,0.8113377483443709,0.9999394682335039,HGG_superv
Brats18_TCIA02_430_1,ET,39514,36346,0.8646453994199842,5.748882108953329,0.8299843093587083,0.9996006068975076,HGG_superv
Brats18_TCIA02_455_1,WT,97135,86584,0.9384440368170957,2.8284271247461903,0.8874761929273691,0.9999570823469728,HGG_superv
Brats18_TCIA02_455_1,TC,28526,26773,0.9616810430568364,1.4142135623730951,0.9321320900231368,0.99997943698695,HGG_superv
Brats18_TCIA02_455_1,ET,22125,19882,0.9420334706120409,1.0,0.8942824858757062,0.999989220598762,HGG_superv
Brats18_TCIA02_471_1,WT,168187,151707,0.9308333385433925,2.449489742783178,0.8852289415947725,0.9996777328465801,HGG_superv
Brats18_TCIA02_471_1,TC,45124,46001,0.9528230452674897,1.7320508075688772,0.962082262210797,0.9997086529182666,HGG_superv
Brats18_TCIA02_471_1,ET,38840,39276,0.9449536586614778,1.4142135623730951,0.9502574665293512,0.9997336081249522,HGG_superv
Brats18_TCIA02_473_1,WT,23456,28518,0.850617616500558,9.1104335791443,0.9424027967257844,0.9992798059058386,HGG_superv
Brats18_TCIA02_473_1,TC,5415,5210,0.9345882352941176,1.4142135623730951,0.9168975069252078,0.9999725415896851,HGG_superv
Brats18_TCIA02_473_1,ET,5096,4850,0.9215765131711241,1.7320508075688772,0.8993328100470958,0.9999700770063199,HGG_superv
Brats18_TCIA02_491_1,WT,162623,220920,0.8077738350067659,51.43928459844674,0.9525589861212743,0.992469006181936,HGG_superv
Brats18_TCIA02_491_1,TC,79535,81843,0.9571564897321816,2.23606797749979,0.9710441943798328,0.9994788926666942,HGG_superv
Brats18_TCIA02_491_1,ET,63709,65299,0.9401587498449708,1.7320508075688772,0.9518906276978135,0.9994748592978276,HGG_superv
Brats18_TCIA02_605_1,WT,57168,56722,0.9343928351918518,17.535672121359738,0.9307479708928071,0.9996039830311294,HGG_sin_superv
Brats18_TCIA02_605_1,TC,19273,21562,0.9087792335006735,4.47213595499958,0.9627458102007991,0.9996624658045982,HGG_sin_superv
Brats18_TCIA02_605_1,ET,15114,17382,0.9193746922698178,1.4142135623730951,0.9883551673944687,0.9997257902771336,HGG_sin_superv
Brats18_TCIA02_606_1,WT,184720,189918,0.9446452308628596,8.06225774829855,0.9579363360762235,0.9985168037624325,HGG_sin_superv
Brats18_TCIA02_606_1,TC,100041,108597,0.8753918269922066,7.615773105863909,0.9128257414460071,0.9980429224920505,HGG_sin_superv
Brats18_TCIA02_606_1,ET,27851,39525,0.6895927333175018,5.0,0.8341172668844925,0.9981692441328791,HGG_sin_superv
Brats18_TCIA02_607_1,WT,64347,67511,0.9382214200124376,2.449489742783178,0.9612880165353475,0.9993620011974746,HGG_sin_superv
Brats18_TCIA02_607_1,TC,44191,47618,0.954721214695727,1.7320508075688772,0.9917403996288837,0.9995731560640262,HGG_sin_superv
Brats18_TCIA02_607_1,ET,19458,23443,0.8855271438894198,1.0,0.9762051598314319,0.9995007039311259,HGG_sin_superv
Brats18_TCIA02_608_1,WT,97212,98121,0.9591518074262926,1.7320508075688772,0.9636361766037115,0.9994967606514843,HGG_sin_superv
Brats18_TCIA02_608_1,TC,46231,40880,0.933475680453674,2.449489742783178,0.8794531807661525,0.9999750049793008,HGG_sin_superv
Brats18_TCIA02_608_1,ET,28207,20461,0.8394427549930139,1.7320508075688772,0.7241819406530294,0.9999961796864264,HGG_sin_superv
Brats18_TCIA03_121_1,WT,110210,115996,0.9647401041528518,1.4142135623730951,0.9900644224662009,0.9992196457388983,HGG_superv
Brats18_TCIA03_121_1,TC,33808,33720,0.9432827863997156,2.23606797749979,0.9420551348793185,0.9997896380019681,HGG_superv
Brats18_TCIA03_121_1,ET,29059,27939,0.9188041685673182,3.0,0.9010977666127533,0.9998028978953788,HGG_superv
Brats18_TCIA03_133_1,WT,30490,33185,0.9268943855516294,2.23606797749979,0.9678583142013775,0.9995869630941691,HGG_superv
Brats18_TCIA03_133_1,TC,10896,9074,0.8989484226339509,3.0,0.8237885462555066,0.9999890098848236,HGG_superv
Brats18_TCIA03_133_1,ET,8609,7497,0.923382590339004,2.23606797749979,0.8637472412591474,0.9999931609680527,HGG_superv
Brats18_TCIA03_138_1,WT,111312,116498,0.9487731003906764,2.449489742783178,0.9708746586172201,0.9990440854887913,HGG_superv
Brats18_TCIA03_138_1,TC,82517,91780,0.936057419232689,2.8284271247461903,0.988596289249488,0.9988464168660999,HGG_superv
Brats18_TCIA03_138_1,ET,61113,77216,0.8623209883683103,2.23606797749979,0.9759298348960123,0.9980180191762904,HGG_superv
Brats18_TCIA03_199_1,WT,159632,166433,0.9737444987962522,1.4142135623730951,0.9944873208379272,0.9991240103061367,HGG_superv
Brats18_TCIA03_199_1,TC,32983,34522,0.9579438560106659,1.4142135623730951,0.9802928781493496,0.9997539071594804,HGG_superv
Brats18_TCIA03_199_1,ET,30477,30006,0.9469437693236116,1.4142135623730951,0.93962660366834,0.9998461369529474,HGG_superv
Brats18_TCIA03_257_1,WT,117937,106959,0.8727856431417188,10.862780491200215,0.8321646302687028,0.9989993261115159,HGG_superv
Brats18_TCIA03_257_1,TC,27550,31351,0.8902395545067147,4.69041575982343,0.9516515426497277,0.9994232875865827,HGG_superv
Brats18_TCIA03_257_1,ET,18666,20825,0.8500671038970905,3.0,0.899228543876567,0.9995465429851434,HGG_superv
Brats18_TCIA03_265_1,WT,60356,57620,0.9529395809317149,10.816653826391969,0.931340711776791,0.9998412205090778,HGG_superv
Brats18_TCIA03_265_1,TC,39093,45116,0.892469926017409,3.0,0.9612206788939196,0.9991518642280767,HGG_superv
Brats18_TCIA03_265_1,ET,17097,23243,0.7727813584531482,2.8284271247461903,0.9116804117681464,0.9991408278150935,HGG_superv
Brats18_TCIA03_296_1,WT,161557,157163,0.9667858935742972,1.7320508075688772,0.9536386538497249,0.9996468350960589,HGG_superv
Brats18_TCIA03_296_1,TC,86271,75735,0.9239410886016567,2.23606797749979,0.8675221105585886,0.9998990016545406,HGG_superv
Brats18_TCIA03_296_1,ET,68592,56302,0.8882732557208513,2.23606797749979,0.8086948915325403,0.9999060885332293,HGG_superv
Brats18_TCIA03_338_1,WT,21984,22294,0.9322010930936356,3.605551275463989,0.93877365356623,0.9998140582725205,HGG_superv
Brats18_TCIA03_338_1,TC,11879,12030,0.9331214187126187,2.0,0.9390521087633639,0.9999018631532703,HGG_superv
Brats18_TCIA03_338_1,ET,8813,9163,0.9431464174454829,1.0,0.9618745035742653,0.9999230871602983,HGG_superv
Brats18_TCIA03_375_1,WT,66672,76377,0.9157701207278625,2.23606797749979,0.982421406287497,0.9987725316115147,HGG_superv
Brats18_TCIA03_375_1,TC,36002,33137,0.9315147745845326,3.0,0.8944503083162046,0.9998948492790934,HGG_superv
Brats18_TCIA03_375_1,ET,25944,23088,0.8988007831620166,1.4142135623730951,0.8493293246993524,0.9998817127189494,HGG_superv
Brats18_TCIA03_419_1,WT,148030,151624,0.965420117869276,1.4142135623730951,0.9771397689657502,0.9992052364643615,HGG_superv
Brats18_TCIA03_419_1,TC,93742,89068,0.9614244297357912,1.7320508075688772,0.9374559962450129,0.9998654103151617,HGG_superv
Brats18_TCIA03_419_1,ET,58416,55479,0.9306466482286316,1.4142135623730951,0.9072514379622021,0.999720280004113,HGG_superv
Brats18_TCIA03_474_1,WT,206134,209648,0.9673482738550491,1.7320508075688772,0.975593545945841,0.999020278458761,HGG_superv
Brats18_TCIA03_474_1,TC,120221,108902,0.9433099252366632,3.605551275463989,0.8989028539107144,0.9999051974396723,HGG_superv
Brats18_TCIA03_474_1,ET,111250,84176,0.8477991669481031,4.123105625617661,0.744638202247191,0.9998485836617801,HGG_superv
Brats18_TCIA03_498_1,WT,77278,65459,0.8964879463628912,13.906821704543518,0.8279329175185693,0.9998330079738128,HGG_superv
Brats18_TCIA03_498_1,TC,21485,21836,0.9616583181367004,2.23606797749979,0.9695136141494065,0.9998870489748235,HGG_superv
Brats18_TCIA03_498_1,ET,14157,12548,0.9142108219434563,1.0,0.8622589531680441,0.9999617448949909,HGG_superv
Brats18_TCIA04_111_1,WT,73827,73010,0.921525228654903,14.45683229480096,0.9164262397225947,0.9993954263148009,HGG_superv
Brats18_TCIA04_111_1,TC,14252,14649,0.9567143005432338,1.0,0.9700392927308448,0.999907558526447,HGG_superv
Brats18_TCIA04_111_1,ET,10910,10592,0.9384243326202214,1.0,0.9247479376718607,0.9999435914631343,HGG_superv
Brats18_TCIA04_149_1,WT,69628,68991,0.9564922557513761,2.0,0.9521169644395933,0.9996955422508786,HGG_superv
Brats18_TCIA04_149_1,TC,48390,45685,0.9509433962264151,2.0,0.9243645381277124,0.9998924502314854,HGG_superv
Brats18_TCIA04_149_1,ET,40616,37316,0.9216496432787559,2.0,0.8842081938152452,0.9998421357735865,HGG_superv
Brats18_TCIA04_192_1,WT,90740,86485,0.9695020454224855,1.0,0.9467709940489311,0.9999349345837963,HGG_superv
Brats18_TCIA04_192_1,TC,15664,15137,0.9701633063861563,1.0,0.9538432073544433,0.99997800801047,HGG_superv
Brats18_TCIA04_192_1,ET,15090,14656,0.9792913332885094,1.0,0.9652087475149106,0.9999897900910029,HGG_superv
Brats18_TCIA04_328_1,WT,91751,79881,0.9159480749510581,4.58257569495584,0.85669910954649,0.9998553684940296,HGG_sin_superv
Brats18_TCIA04_328_1,TC,16834,21174,0.7217954114923174,11.0,0.8148390162765831,0.9991631847055705,HGG_sin_superv
Brats18_TCIA04_328_1,ET,9523,14926,0.6895169536586363,26.870057685088806,0.8851202352199937,0.9992715123893912,HGG_sin_superv
Brats18_TCIA04_343_1,WT,52898,36163,0.7751091948215268,27.073972741361768,0.652501039736852,0.9998144246680207,HGG_superv
Brats18_TCIA04_343_1,TC,6118,4487,0.8186704384724187,4.69041575982343,0.7095456031382805,0.9999836357396343,HGG_superv
Brats18_TCIA04_343_1,ET,4951,3622,0.8137174851277266,3.7416573867739413,0.7045041405776611,0.999984982711627,HGG_superv
Brats18_TCIA04_361_1,WT,132171,133544,0.9806145682404079,1.4142135623730951,0.9857079086940403,0.9996291424037461,HGG_superv
Brats18_TCIA04_361_1,TC,45006,41929,0.944176683729223,2.23606797749979,0.9119006354708261,0.9999000337048523,HGG_superv
Brats18_TCIA04_361_1,ET,40450,34926,0.9091753343239227,2.23606797749979,0.8470951792336218,0.9999256262974611,HGG_superv
Brats18_TCIA04_437_1,WT,16748,17285,0.9438486175182911,1.4142135623730951,0.9589801767375209,0.99986264556316,HGG_superv
Brats18_TCIA04_437_1,TC,2702,3275,0.8940940271038983,2.0,0.9888971132494448,0.9999324392306005,HGG_superv
Brats18_TCIA04_437_1,ET,2642,2623,0.936372269705603,1.0,0.933005299015897,0.9999822976288458,HGG_superv
Brats18_TCIA04_479_1,WT,74986,74405,0.9657476019305045,1.4142135623730951,0.9620062411650174,0.9997438160608353,HGG_superv
Brats18_TCIA04_479_1,TC,35839,34361,0.9602279202279203,1.4142135623730951,0.9404280253355284,0.9999261146981032,HGG_superv
Brats18_TCIA04_479_1,ET,29516,29242,0.9518363456890977,1.4142135623730951,0.9474183493698333,0.999856380030576,HGG_superv
Brats18_TCIA05_277_1,WT,169918,124212,0.7981776765375854,10.04987562112089,0.6908273402464719,0.9992203772469817,HGG_superv
Brats18_TCIA05_277_1,TC,57508,16402,0.43214720606142604,13.379088160259652,0.2777004938443347,0.9999512992064026,HGG_superv
Brats18_TCIA05_277_1,ET,47182,9053,0.3122254823508491,13.038404810405298,0.18606672035945912,0.9999691469862348,HGG_superv
Brats18_TCIA05_396_1,WT,162397,148837,0.9509179588348317,6.6332495807108,0.9112175717531728,0.9999021174013927,HGG_sin_superv
Brats18_TCIA05_396_1,TC,26485,28719,0.901601333236722,3.0,0.9396262035114216,0.9995693991416068,HGG_sin_superv
Brats18_TCIA05_396_1,ET,16998,19694,0.8903848250299793,1.4142135623730951,0.96099541122485,0.9996230502473235,HGG_sin_superv
Brats18_TCIA05_444_1,WT,157749,144842,0.9272780750253643,3.1622776601683795,0.8893431971042606,0.9994813147309011,HGG_sin_superv
Brats18_TCIA05_444_1,TC,109824,91655,0.8777688989919545,7.010660171779795,0.8051609848484849,0.9996338245006677,HGG_sin_superv
Brats18_TCIA05_444_1,ET,11994,7945,0.7823862781483525,10.816653826391969,0.6503251625812907,0.9999837371127834,HGG_sin_superv
Brats18_TCIA05_478_1,WT,200621,198629,0.9652498434564809,2.449489742783178,0.9604577785974548,0.9993192687059883,HGG_superv
Brats18_TCIA05_478_1,TC,117104,118191,0.964907881595444,2.0,0.9693861866375187,0.9994697474581473,HGG_superv
Brats18_TCIA05_478_1,ET,65092,64401,0.9229688091248176,1.4142135623730951,0.9180698088858846,0.9994762441401851,HGG_superv
Brats18_TCIA06_165_1,WT,168746,135843,0.8893295555650401,4.0,0.8026264326265512,0.9999539915157158,HGG_superv
Brats18_TCIA06_165_1,TC,37504,33128,0.8615075319968286,6.48074069840786,0.8112468003412969,0.9996959674690816,HGG_superv
Brats18_TCIA06_165_1,ET,5899,9830,0.6496280755292771,5.0990195135927845,0.8660789964400746,0.9994708645418832,HGG_superv
Brats18_TCIA06_184_1,WT,176056,149003,0.9066846326359215,12.884098726725126,0.8370234470850184,0.9998126130605954,HGG_superv
Brats18_TCIA06_184_1,TC,115839,121367,0.9621510417105806,2.23606797749979,0.9851086421671458,0.999176932877191,HGG_superv
Brats18_TCIA06_184_1,ET,39005,117878,0.49208645933593825,10.80970519457354,0.9896167158056659,0.9910813314666056,HGG_superv
Brats18_TCIA06_211_1,WT,156762,125360,0.8822424341242441,12.96148139681572,0.7938786185427591,0.9998962518175883,HGG_sin_superv
Brats18_TCIA06_211_1,TC,77250,64087,0.8853732568258842,6.782329983125268,0.8099417475728156,0.999828376126317,HGG_sin_superv
Brats18_TCIA06_211_1,ET,69134,57160,0.8392322675661552,6.082762530298219,0.766554806607458,0.9995298495315315,HGG_sin_superv
Brats18_TCIA06_247_1,WT,54958,71275,0.8694556890828864,5.0,0.9985261472397103,0.998151930307554,HGG_superv
Brats18_TCIA06_247_1,TC,36247,41473,0.9091610910962429,14.142135623730951,0.9747013545948631,0.9993091351053048,HGG_superv
Brats18_TCIA06_247_1,ET,27478,32487,0.8688068039689819,7.6746084836681145,0.9479947594439188,0.9992766716379107,HGG_superv
Brats18_TCIA06_332_1,WT,154118,141694,0.9307465552445472,8.602325267042627,0.893231160539327,0.9995405682456181,HGG_sin_superv
Brats18_TCIA06_332_1,TC,20508,19627,0.848785349445621,52.483330038612465,0.8305539301735908,0.9997087844704211,HGG_sin_superv
Brats18_TCIA06_332_1,ET,14523,13073,0.7927235831279895,50.40238066185566,0.7531501755835571,0.9997604750648933,HGG_sin_superv
Brats18_TCIA06_372_1,WT,227126,226612,0.9642745372880385,1.7320508075688772,0.9631834312231977,0.9990980216470208,HGG_superv
Brats18_TCIA06_372_1,TC,71071,72700,0.9394801455091778,2.8284271247461903,0.9502469361624292,0.9994168407582358,HGG_superv
Brats18_TCIA06_372_1,ET,48062,53454,0.8725915126679539,2.449489742783178,0.9215388456576922,0.998968123426087,HGG_superv
Brats18_TCIA06_409_1,WT,75085,65984,0.9064216801706966,9.433981132056603,0.851488313244989,0.9997684378535205,HGG_superv
Brats18_TCIA06_409_1,TC,17927,12157,0.7636617471080973,12.041594578792296,0.6407653260445139,0.9999248042075525,HGG_superv
Brats18_TCIA06_409_1,ET,7337,8263,0.6946153846153846,10.344080432788601,0.7384489573395121,0.9996810775163236,HGG_superv
Brats18_TCIA06_603_1,WT,149604,153420,0.9624650192724009,1.7320508075688772,0.9747399802144328,0.9991348077712603,HGG_sin_superv
Brats18_TCIA06_603_1,TC,62554,64316,0.9459131394340664,2.714745910157218,0.9592352207692554,0.9995136172506155,HGG_sin_superv
Brats18_TCIA06_603_1,ET,26937,29117,0.7716844471402576,3.0,0.8029104948583733,0.9991586398163904,HGG_sin_superv
Brats18_TCIA08_105_1,WT,138051,120166,0.9248113021218587,11.357816691600547,0.8649049988772265,0.9999129687783171,HGG_superv
Brats18_TCIA08_105_1,TC,84354,78196,0.9510058443555829,2.23606797749979,0.9162932403916827,0.999897892792181,HGG_superv
Brats18_TCIA08_105_1,ET,52126,49462,0.9244005197464268,1.4142135623730951,0.9007788819399148,0.9997174362772613,HGG_superv
Brats18_TCIA08_113_1,WT,119314,126191,0.9550355389910592,47.767142475835215,0.9825586268166351,0.9989830492311793,HGG_sin_superv
Brats18_TCIA08_113_1,TC,13550,78166,0.2952592786427668,24.919871588754223,0.9992619926199262,0.992750422067542,HGG_sin_superv
Brats18_TCIA08_113_1,ET,10957,16345,0.8008937074207018,3.0,0.9978096194213745,0.9993930723447223,HGG_sin_superv
Brats18_TCIA08_162_1,WT,87193,88485,0.9472899281640274,2.449489742783178,0.9543082586904912,0.9994032219004442,HGG_sin_superv
Brats18_TCIA08_162_1,TC,65926,65328,0.9613878434181053,1.7320508075688772,0.9570275763735097,0.9997478016996925,HGG_sin_superv
Brats18_TCIA08_162_1,ET,36345,36699,0.8913531570012595,1.4142135623730951,0.8956940431971385,0.9995338325654786,HGG_sin_superv
Brats18_TCIA08_167_1,WT,163612,173742,0.9629825050243958,1.4142135623730951,0.992793927095812,0.9987096646109233,HGG_superv
Brats18_TCIA08_167_1,TC,106214,109768,0.9632561972756989,1.7320508075688772,0.9793718342214774,0.9993487713258971,HGG_superv
Brats18_TCIA08_167_1,ET,79560,85816,0.9200367647058824,1.7320508075688772,0.9562091503267974,0.998899240996153,HGG_superv
Brats18_TCIA08_205_1,WT,172673,176785,0.9377149757624664,4.0,0.9488802534269979,0.9985221568537646,HGG_sin_superv
Brats18_TCIA08_205_1,TC,126716,121250,0.9169402256761008,5.0,0.8971637362290477,0.9991404663228683,HGG_sin_superv
Brats18_TCIA08_205_1,ET,77776,58428,0.782825761357963,5.385164807134504,0.6854556675581156,0.999421935535191,HGG_sin_superv
Brats18_TCIA08_218_1,WT,82921,76893,0.9573379053149286,1.4142135623730951,0.9225407315396582,0.9999553423999944,HGG_superv
Brats18_TCIA08_218_1,TC,20900,19987,0.9486144740382029,1.4142135623730951,0.9278947368421052,0.9999333116278025,HGG_superv
Brats18_TCIA08_218_1,ET,17626,16190,0.939318665720369,1.4142135623730951,0.9010552592760694,0.9999654335497028,HGG_superv
Brats18_TCIA08_234_1,WT,82023,77865,0.9586585609926949,1.4142135623730951,0.9343598746693,0.9998614059249759,HGG_sin_superv
Brats18_TCIA08_234_1,TC,12453,13266,0.95011470119367,1.4142135623730951,0.9811290452099896,0.9998824525292728,HGG_sin_superv
Brats18_TCIA08_234_1,ET,10930,11837,0.9538366934598322,1.4142135623730951,0.9934126258005489,0.9998902105736526,HGG_sin_superv
Brats18_TCIA08_242_1,WT,156606,154581,0.9750985741692294,1.4142135623730951,0.9687942990690012,0.999673712069028,HGG_superv
Brats18_TCIA08_242_1,TC,67643,64244,0.9595638690697339,3.1622776601683795,0.9354552577502476,0.9998908621853498,HGG_superv
Brats18_TCIA08_242_1,ET,58556,53622,0.9420028882668616,2.0,0.9023157319489036,0.9999113811418168,HGG_superv
Brats18_TCIA08_278_1,WT,70781,59149,0.9022088817055337,5.477225575051661,0.8280753309503963,0.9999393714889515,HGG_superv
Brats18_TCIA08_278_1,TC,49349,33632,0.8067870958412167,11.0,0.678311617256682,0.9999822045038148,HGG_superv
Brats18_TCIA08_278_1,ET,26417,16282,0.7623129347291505,6.0,0.6160805541885906,0.9999992136230151,HGG_superv
Brats18_TCIA08_280_1,WT,58817,46826,0.8812888691157956,9.9498743710662,0.7914548514885152,0.9999689937618832,HGG_superv
Brats18_TCIA08_280_1,TC,21750,18035,0.90340580620837,2.23606797749979,0.8262528735632184,0.9999928140350878,HGG_superv
Brats18_TCIA08_280_1,ET,20160,17020,0.8976869284561593,3.0,0.8277777777777777,0.9999627294607896,HGG_superv
Brats18_TCIA08_319_1,WT,43881,42879,0.9583218072844629,3.605551275463989,0.9473804152138738,0.999852883555477,HGG_superv
Brats18_TCIA08_319_1,TC,26393,25591,0.9419052016004925,2.0,0.9275944379191452,0.9998754157535825,HGG_superv
Brats18_TCIA08_319_1,ET,14699,20860,0.8036221491043055,2.23606797749979,0.9720389142118512,0.9992626749618351,HGG_superv
Brats18_TCIA08_406_1,WT,73791,85137,0.9013138024765932,5.0,0.9706061714843274,0.9984736072979529,HGG_superv
Brats18_TCIA08_406_1,TC,3265,4851,0.7171020206998522,3.605551275463989,0.891271056661562,0.9997825145508522,HGG_superv
Brats18_TCIA08_406_1,ET,3218,2640,0.7780812564015022,2.0,0.7082038533250467,0.9999595508327263,HGG_superv
Brats18_TCIA08_436_1,WT,122734,118686,0.9507165934885262,2.23606797749979,0.9350383756742223,0.9995542440171598,HGG_sin_superv
Brats18_TCIA08_436_1,TC,63849,58486,0.9408754649119222,2.23606797749979,0.9013610236652101,0.9998945189449051,HGG_sin_superv
Brats18_TCIA08_436_1,ET,26259,30747,0.8682243974318493,1.7320508075688772,0.9424197418028105,0.9993259745481249,HGG_sin_superv
Brats18_TCIA08_469_1,WT,204242,205268,0.9672193597225953,2.23606797749979,0.9696487500122404,0.9991718018771268,HGG_superv
Brats18_TCIA08_469_1,TC,73458,78155,0.9432964191724984,2.8284271247461903,0.9734542187372376,0.9992493118221134,HGG_superv
Brats18_TCIA08_469_1,ET,44531,37296,0.8766788468353967,3.0,0.8054613639936224,0.9998392519859077,HGG_superv
Brats18_2013_0_1,WT,49924,40459,0.8778642001261299,3.605551275463989,0.7946478647544267,0.9999113546673851,LGG
Brats18_2013_0_1,TC,39137,23955,0.7443098966588474,6.4031242374328485,0.599943787209035,0.9999465623443629,LGG
Brats18_2013_0_1,ET,17858,11719,0.7492984413564594,5.385164807134504,0.6205062157016463,0.9999283962028888,LGG
Brats18_2013_15_1,WT,30441,35115,0.8900176947952895,3.0,0.958345652245327,0.9993321763868045,LGG
Brats18_2013_15_1,TC,4487,18285,0.2683997892148252,16.401219466856727,0.6810786717182973,0.9982933851275837,LGG
Brats18_2013_15_1,ET,0,2320,0.0,373.13,,0.9997401433691756,LGG
Brats18_2013_16_1,WT,64107,73376,0.8896227169904642,4.123105625617661,0.953936387601978,0.9986211476153875,LGG
Brats18_2013_16_1,TC,5522,21363,0.410786684024549,16.401219466856727,1.0,0.9982245963509241,LGG
Brats18_2013_16_1,ET,0,0,1.0,0.0,,1.0,LGG
Brats18_2013_1_1,WT,18890,17145,0.8447897877063966,3.4641016151377544,0.8057702488088936,0.9997840412790953,LGG
Brats18_2013_1_1,TC,9329,10813,0.851454671830007,3.0,0.919176760638868,0.999749065752061,LGG
Brats18_2013_1_1,ET,0,0,1.0,0.0,,1.0,LGG
Brats18_2013_24_1,WT,61746,68934,0.9306703397612488,2.23606797749979,0.9848411233116315,0.9990837167534339,LGG
Brats18_2013_24_1,TC,43406,46622,0.9460167947749589,1.7320508075688772,0.9810625259180759,0.9995455053995714,LGG
Brats18_2013_24_1,ET,0,0,1.0,0.0,,1.0,LGG
Brats18_2013_28_1,WT,79625,67535,0.8734166893177494,4.0,0.8071083202511774,0.9996305536327291,LGG
Brats18_2013_28_1,TC,55297,9449,0.29160102554597966,24.186773244895647,0.17071450530770205,0.9999989856529627,LGG
Brats18_2013_28_1,ET,5256,4005,0.834251160781773,2.8284271247461903,0.7349695585996956,0.9999840856131252,LGG
Brats18_2013_29_1,WT,53274,51627,0.9468737190303238,2.0,0.9322371137890904,0.9997788100725589,LGG
Brats18_2013_29_1,TC,28736,19856,0.7723905169575239,7.0,0.6530484409799554,0.9998775179610359,LGG
Brats18_2013_29_1,ET,0,0,1.0,0.0,,1.0,LGG
Brats18_2013_6_1,WT,248267,255528,0.954479500590518,3.3166247903554,0.968437206716962,0.9982606607829987,LGG
Brats18_2013_6_1,TC,100648,143419,0.7772128145140473,11.0,0.942353549002464,0.9944974438540573,LGG
Brats18_2013_6_1,ET,9546,6879,0.6151598173515982,9.433981132056603,0.5292269013199246,0.9997951438668631,LGG
Brats18_2013_8_1,WT,25624,29949,0.9029204829683479,3.0,0.9791211364345925,0.9994540783269545,LGG
Brats18_2013_8_1,TC,16887,17376,0.8817091323001488,3.7416573867739413,0.8944750399715757,0.9997451496799558,LGG
Brats18_2013_8_1,ET,0,0,1.0,0.0,,1.0,LGG
Brats18_2013_9_1,WT,35439,41389,0.8895454782110689,3.1622776601683795,0.9642202093738537,0.9991883103191532,LGG
Brats18_2013_9_1,TC,20173,18193,0.7773028202053902,6.164414002968976,0.7391562980221088,0.9996315599752892,LGG
Brats18_2013_9_1,ET,0,412,0.0,373.13,,0.999953853046595,LGG
Brats18_TCIA09_141_1,WT,190251,156756,0.8780111064041936,9.9498743710662,0.8007211525826409,0.9994943777853998,LGG
Brats18_TCIA09_141_1,TC,182844,102485,0.7159524618948653,15.524174696260024,0.5586237448316598,0.9999606639378417,LGG
Brats18_TCIA09_141_1,ET,89546,56364,0.7673086148995957,7.0,0.6251423849194827,0.999956440345789,LGG
Brats18_TCIA09_177_1,WT,34700,78457,0.35904097846355065,65.05766661380743,0.5854178674351586,0.9934621569046361,LGG
Brats18_TCIA09_177_1,TC,10557,5717,0.0,92.65257109326818,0.0,0.9993588969394029,LGG
Brats18_TCIA09_177_1,ET,0,0,1.0,0.0,,1.0,LGG
Brats18_TCIA09_254_1,WT,195433,195721,0.9663610751775515,3.0,0.9670731145712341,0.9992301232844821,LGG
Brats18_TCIA09_254_1,TC,77985,87936,0.808493198570404,15.165750888103101,0.86007565557479,0.9976426028656449,LGG
Brats18_TCIA09_254_1,ET,0,0,1.0,0.0,,1.0,LGG
Brats18_TCIA09_255_1,WT,230882,203483,0.8788875715124377,23.194827009486403,0.8267383338675167,0.9985507842942916,LGG
Brats18_TCIA09_255_1,TC,112063,101309,0.8511426054027708,9.0,0.8103031330590829,0.998808521431131,LGG
Brats18_TCIA09_255_1,ET,1276,3333,0.5246257322629637,24.34312481697288,0.9474921630094044,0.9997620627679314,LGG
Brats18_TCIA09_312_1,WT,56512,51133,0.9262668958149473,7.810249675906654,0.8821843148357871,0.9998558302733431,LGG
Brats18_TCIA09_312_1,TC,4076,4240,0.905002405002405,1.4142135623730951,0.9232090284592738,0.999946548177685,LGG
Brats18_TCIA09_312_1,ET,2575,3307,0.8745324719483168,1.4142135623730951,0.9988349514563106,0.9999176509802055,LGG
Brats18_TCIA09_402_1,WT,162703,154136,0.9065550642439851,9.539392014169456,0.8826880881114669,0.9987998124878141,LGG
Brats18_TCIA09_402_1,TC,135025,113807,0.8770093878600823,10.44030650891055,0.8081022032956859,0.9994662784779895,LGG
Brats18_TCIA09_402_1,ET,0,0,1.0,0.0,,1.0,LGG
Brats18_TCIA09_428_1,WT,39237,41759,0.9536767247765322,3.3166247903554,0.9843260188087775,0.9996470825018059,LGG
Brats18_TCIA09_428_1,TC,826,20638,0.07389116660454714,20.493901531919196,0.9600484261501211,0.997777012075714,LGG
Brats18_TCIA09_428_1,ET,691,0,0.0,373.13,0.0,1.0,LGG
Brats18_TCIA09_451_1,WT,51173,50834,0.9578362269256031,3.1622776601683795,0.9546635921286616,0.99977683467302,LGG
Brats18_TCIA09_451_1,TC,23413,30217,0.8691031139287713,2.449489742783178,0.995387178063469,0.9992237708497879,LGG
Brats18_TCIA09_451_1,ET,224,0,0.0,373.13,0.0,1.0,LGG
Brats18_TCIA09_462_1,WT,143067,126950,0.9283341419243973,3.3166247903554,0.8760440912299832,0.9998159348511821,LGG
Brats18_TCIA09_462_1,TC,21802,58213,0.5447728550896707,21.585874420319143,0.9996789285386661,0.995910937529123,LGG
Brats18_TCIA09_462_1,ET,0,676,0.0,373.13,,0.9999242831541219,LGG
Brats18_TCIA09_493_1,WT,107864,105789,0.8910616747717093,5.385164807134504,0.8824909144849069,0.9987982044721306,LGG
Brats18_TCIA09_493_1,TC,59424,0,0.0,373.13,0.0,1.0,LGG
Brats18_TCIA09_493_1,ET,0,0,1.0,0.0,,1.0,LGG
Brats18_TCIA09_620_1,WT,30073,17453,0.687707781004082,18.601075237738275,0.5434110331526618,0.9998751394566397,LGG
Brats18_TCIA09_620_1,TC,2904,1906,0.7126819126819127,3.7416573867739413,0.5902203856749312,0.9999784876263516,LGG
Brats18_TCIA09_620_1,ET,1463,1308,0.9029231324431614,2.0224744871391382,0.8550922761449077,0.9999936145450358,LGG
Brats18_TCIA10_103_1,WT,220284,184273,0.8660831477393791,9.433981132056603,0.7952915327486336,0.998956902131397,LGG
Brats18_TCIA10_103_1,TC,6321,4991,0.8772984441301273,23.13537755599537,0.7850023730422402,0.9999967494907629,LGG
Brats18_TCIA10_103_1,ET,4085,4516,0.8882688059527962,24.020824298928627,0.9351285189718482,0.9999220073252603,LGG
Brats18_TCIA10_109_1,WT,218263,200463,0.9515769261999494,3.7416573867739413,0.9127749549854991,0.9998578602316006,LGG
Brats18_TCIA10_109_1,TC,57282,91221,0.7558769856501215,9.539392014169456,0.9798016829021333,0.9960436122532584,LGG
Brats18_TCIA10_109_1,ET,126,0,0.0,373.13,0.0,1.0,LGG
Brats18_TCIA10_130_1,WT,25293,28242,0.9283646212758009,1.7320508075688772,0.9824852726050686,0.9996189922907718,LGG
Brats18_TCIA10_130_1,TC,10768,15420,0.7666870322285017,4.898979485566356,0.9322994056463596,0.999396561623607,LGG
Brats18_TCIA10_130_1,ET,518,0,0.0,373.13,0.0,1.0,LGG
Brats18_TCIA10_152_1,WT,85121,87547,0.9683786225588992,1.7320508075688772,0.9821783108751072,0.9995541044947013,LGG
Brats18_TCIA10_152_1,TC,12609,12820,0.7957056903535333,7.0710678118654755,0.8023633912284875,0.9996968164380003,LGG
Brats18_TCIA10_152_1,ET,6642,9174,0.8399089529590288,2.563170957371978,1.0,0.9997161867061046,LGG
Brats18_TCIA10_175_1,WT,191547,198427,0.9589100811848995,5.656854249492381,0.9761311845134615,0.9986891705363722,LGG
Brats18_TCIA10_175_1,TC,42264,85727,0.6490612621199928,11.045361017187261,0.9827985992807117,0.9950268610276065,LGG
Brats18_TCIA10_175_1,ET,0,3621,0.0,373.13,,0.9995944220430107,LGG
Brats18_TCIA10_202_1,WT,147787,135491,0.9360345667506831,11.661903789690601,0.8970951436865218,0.9996683451756808,LGG
Brats18_TCIA10_202_1,TC,94205,103194,0.8930035106560823,4.58257569495584,0.9356085133485483,0.9982957494485666,LGG
Brats18_TCIA10_202_1,ET,32,0,0.0,373.13,0.0,1.0,LGG
Brats18_TCIA10_241_1,WT,162105,165996,0.9776014093221295,1.4142135623730951,0.9893340735942753,0.9993588789279361,LGG
Brats18_TCIA10_241_1,TC,89334,67860,0.8348155782027303,9.16515138991168,0.7344795934358699,0.9997458892552338,LGG
Brats18_TCIA10_241_1,ET,17176,5875,0.49108498546700796,10.954451150103322,0.3295295761527713,0.9999758720405655,LGG
Brats18_TCIA10_261_1,WT,202427,177869,0.9202252981887793,8.06225774829855,0.8644054399857727,0.9996687896600028,LGG
Brats18_TCIA10_261_1,TC,153111,78270,0.6472873745035245,21.400934559032695,0.48908961472395845,0.9996142401345476,LGG
Brats18_TCIA10_261_1,ET,7070,5047,0.7330197243542131,9.486832980505138,0.6281471004243282,0.9999320698626712,LGG
Brats18_TCIA10_266_1,WT,23844,21499,0.9201420285380323,8.602325267042627,0.8748951518201644,0.9999283480657796,LGG
Brats18_TCIA10_266_1,TC,21004,10363,0.6603117926483246,5.830951894845301,0.49304894305846503,0.9999992141009157,LGG
Brats18_TCIA10_266_1,ET,0,0,1.0,0.0,,1.0,LGG
Brats18_TCIA10_276_1,WT,45690,49128,0.9232846084076863,2.23606797749979,0.9580214488947253,0.999397003707369,LGG
Brats18_TCIA10_276_1,TC,14507,14295,0.7404346920352753,8.06225774829855,0.735024470945061,0.9995925278675823,LGG
Brats18_TCIA10_276_1,ET,94,0,0.0,373.13,0.0,1.0,LGG
Brats18_TCIA10_282_1,WT,173216,188283,0.9050315491882411,8.12403840463596,0.9443931276556439,0.9971787996140168,LGG
Brats18_TCIA10_282_1,TC,57430,85250,0.7302214746285394,11.661903789690601,0.907086888385861,0.9962622469582,LGG
Brats18_TCIA10_282_1,ET,3873,3854,0.778568655364307,7.0,0.7766589207332817,0.999905200811239,LGG
Brats18_TCIA10_299_1,WT,46436,44423,0.9543358390473151,2.0118033988748176,0.9336506159014558,0.9998797509087364,LGG
Brats18_TCIA10_299_1,TC,11428,9380,0.8224721261053441,3.605551275463989,0.7487749387469373,0.9999076999546462,LGG
Brats18_TCIA10_299_1,ET,11280,7595,0.7870728476821192,4.0,0.6585106382978724,0.9999812711400605,LGG
Brats18_TCIA10_307_1,WT,82814,89241,0.9392229229025603,4.0,0.9756683652522521,0.9990455825349518,LGG
Brats18_TCIA10_307_1,TC,36124,58966,0.7304238090230308,7.483314773547883,0.9613553316354778,0.9972741410249086,LGG
Brats18_TCIA10_307_1,ET,0,0,1.0,0.0,,1.0,LGG
Brats18_TCIA10_310_1,WT,31170,36358,0.8916597559530861,4.123105625617661,0.9658646134103305,0.9992972777944504,LGG
Brats18_TCIA10_310_1,TC,27850,24650,0.8225523809523809,6.4031242374328485,0.7752962298025134,0.9996564102852199,LGG
Brats18_TCIA10_310_1,ET,0,0,1.0,0.0,,1.0,LGG
Brats18_TCIA10_325_1,WT,125421,130620,0.9418101007260556,4.47213595499958,0.9613302397525135,0.9988584027476493,LGG
Brats18_TCIA10_325_1,TC,71627,79940,0.86516194158359,4.898979485566356,0.9153671101679535,0.9983768750480586,LGG
Brats18_TCIA10_325_1,ET,0,1106,0.0,373.13,,0.9998761200716846,LGG
Brats18_TCIA10_330_1,WT,77020,83388,0.937758715276046,3.3166247903554,0.9765255777720073,0.9990762604818901,LGG
Brats18_TCIA10_330_1,TC,53829,66385,0.8860532051175404,3.4641016151377544,0.9893923349867172,0.9985207632352363,LGG
Brats18_TCIA10_330_1,ET,3815,2192,0.6901947727651073,16.65230250438915,0.5433813892529489,0.9999866654490018,LGG
Brats18_TCIA10_346_1,WT,111018,118799,0.9559432069864283,2.0,0.9894431533625178,0.9989845731793486,LGG
Brats18_TCIA10_346_1,TC,87769,92856,0.9426269896193772,2.8284271247461903,0.9699438298260206,0.9991261540563816,LGG
Brats18_TCIA10_346_1,ET,659,0,0.0,373.13,0.0,1.0,LGG
Brats18_TCIA10_351_1,WT,180724,173287,0.9359087711963753,6.164414002968976,0.9166519112016113,0.9991281857346218,LGG
Brats18_TCIA10_351_1,TC,97103,83672,0.7463642649702669,24.596747752497688,0.6947468152374283,0.9981643993809463,LGG
Brats18_TCIA10_351_1,ET,0,0,1.0,0.0,,1.0,LGG
Brats18_TCIA10_387_1,WT,95449,89796,0.9243758266080057,3.4641016151377544,0.8970025877693847,0.9995269769741494,LGG
Brats18_TCIA10_387_1,TC,67018,31634,0.6276203219397478,17.67624965878996,0.4619355993912083,0.9999237104871672,LGG
Brats18_TCIA10_387_1,ET,1072,1043,0.8879432624113475,1.0,0.8759328358208955,0.9999883498556278,LGG
Brats18_TCIA10_393_1,WT,196181,182688,0.9484703155972117,5.830951894845301,0.915853217182092,0.999654711120329,LGG
Brats18_TCIA10_393_1,TC,141724,126608,0.8927448086698567,7.0710678118654755,0.8451356157037623,0.9992224236980491,LGG
Brats18_TCIA10_393_1,ET,3562,4451,0.5830525396231124,18.0,0.6558113419427288,0.9997630102870343,LGG
Brats18_TCIA10_408_1,WT,77001,78631,0.9259149789246427,7.14142842854285,0.9357151205828496,0.9992565810932754,LGG
Brats18_TCIA10_408_1,TC,37156,42529,0.7265608332810441,10.63014581273465,0.7790935515125417,0.9984724734794582,LGG
Brats18_TCIA10_408_1,ET,18283,15591,0.8728228139576076,2.449489742783178,0.8085653339167532,0.9999093124955596,LGG
Brats18_TCIA10_410_1,WT,298075,239828,0.8504804769633186,7.0,0.767384047639017,0.9987149366883258,LGG
Brats18_TCIA10_410_1,TC,119423,76466,0.6034948363614088,19.0,0.49495490818351573,0.9980295341687994,LGG
Brats18_TCIA10_410_1,ET,39301,32236,0.8756867075778968,16.278820596099706,0.7969771761532786,0.999897172803354,LGG
Brats18_TCIA10_413_1,WT,74866,51438,0.7891753230301495,11.704699910719626,0.6656960435978949,0.9998192730393554,LGG
Brats18_TCIA10_413_1,TC,24514,14343,0.7188408780914636,9.695359714832659,0.5697152647466753,0.9999576570345593,LGG
Brats18_TCIA10_413_1,ET,0,0,1.0,0.0,,1.0,LGG
Brats18_TCIA10_420_1,WT,35851,33526,0.8591608169854563,10.44030650891055,0.8313017767984157,0.9995813160575694,LGG
Brats18_TCIA10_420_1,TC,25198,20866,0.6784907954150747,17.233687939614086,0.6201682673228034,0.9994115335823486,LGG
Brats18_TCIA10_420_1,ET,1324,0,0.0,373.13,0.0,1.0,LGG
Brats18_TCIA10_442_1,WT,115617,89993,0.8743251787364428,5.656854249492381,0.7774375740591781,0.99998774451814,LGG
Brats18_TCIA10_442_1,TC,102423,70366,0.8136397571604674,6.804210970197751,0.6863106919344288,0.9999918418931703,LGG
Brats18_TCIA10_442_1,ET,2162,3810,0.7206965840589418,15.089723961374853,0.9953746530989824,0.9998142471328743,LGG
Brats18_TCIA10_449_1,WT,49010,49716,0.9732390656969795,1.0,0.9802489287900429,0.9998114650427582,LGG
Brats18_TCIA10_449_1,TC,29511,27003,0.9274162154510387,4.58257569495584,0.888007861475382,0.9999104342321489,LGG
Brats18_TCIA10_449_1,ET,27264,22112,0.8876782242384964,4.69041575982343,0.8038072183098591,0.9999778669988639,LGG
Brats18_TCIA10_490_1,WT,113289,104909,0.9497612260424019,7.211102550927978,0.9146342539875892,0.9998535402919052,LGG
Brats18_TCIA10_490_1,TC,82169,66918,0.8704984338003984,10.677078252031311,0.7897138823643953,0.999770739459074,LGG
Brats18_TCIA10_490_1,ET,7613,6813,0.8204630528212948,5.477225575051661,0.7773545251543412,0.9998996680300978,LGG
Brats18_TCIA10_625_1,WT,175367,163969,0.9316017162929957,5.0990195135927845,0.9013269315207536,0.999325231618874,LGG
Brats18_TCIA10_625_1,TC,93990,92291,0.8893768017135403,5.0,0.8813384402596021,0.9989298178290493,LGG
Brats18_TCIA10_625_1,ET,0,0,1.0,0.0,,1.0,LGG
Brats18_TCIA10_628_1,WT,157275,147509,0.9269843561341803,4.47213595499958,0.898203783182324,0.9992880862186422,LGG
Brats18_TCIA10_628_1,TC,105558,75702,0.8150171025046894,10.63014581273465,0.6997574793004794,0.9997917810057578,LGG
Brats18_TCIA10_628_1,ET,1976,2340,0.6223354958294718,38.2000968855268,0.6796558704453441,0.9998883041318285,LGG
Brats18_TCIA10_629_1,WT,27311,17238,0.7494219847808031,18.264706937655333,0.6112189227783676,0.999938768785203,LGG
Brats18_TCIA10_629_1,TC,3497,3752,0.775279348875707,13.17572215015011,0.8035458964826995,0.9998944479037096,LGG
Brats18_TCIA10_629_1,ET,2810,2626,0.8520971302428256,11.74734012447073,0.8241992882562278,0.9999652668458598,LGG
Brats18_TCIA10_632_1,WT,34226,36274,0.9666099290780141,1.0,0.9955297142523228,0.9997525235068937,LGG
Brats18_TCIA10_632_1,TC,22547,28038,0.8901057625778392,2.23606797749979,0.9984920388521754,0.9993795936040536,LGG
Brats18_TCIA10_632_1,ET,109,0,0.0,373.13,0.0,1.0,LGG
Brats18_TCIA10_637_1,WT,231951,211292,0.8922645140475992,7.3484692283495345,0.852529197977159,0.9984421660917504,LGG
Brats18_TCIA10_637_1,TC,92934,43872,0.48788795813049135,18.627936010197157,0.3591043105860073,0.9988116670548924,LGG
Brats18_TCIA10_637_1,ET,1585,1642,0.7598388596219399,15.297058540778355,0.7735015772870663,0.9999533967443817,LGG
Brats18_TCIA10_639_1,WT,171033,183498,0.9547937980035597,3.1622776601683795,0.9895868048856069,0.998373181034027,LGG
Brats18_TCIA10_639_1,TC,83612,91908,0.9112123974475843,5.0990195135927845,0.9564177390805148,0.9986499913843672,LGG
Brats18_TCIA10_639_1,ET,957,0,0.0,373.13,0.0,1.0,LGG
Brats18_TCIA10_640_1,WT,30323,22158,0.7942684018978297,7.0,0.6873330475216832,0.9998520962269141,LGG
Brats18_TCIA10_640_1,TC,7580,621,0.1514449457383246,19.209372712298546,0.08192612137203166,1.0,LGG
Brats18_TCIA10_640_1,ET,540,513,0.8414055080721747,1.4142135623730951,0.8203703703703704,0.9999921590239553,LGG
Brats18_TCIA10_644_1,WT,158539,192514,0.8895750784069641,4.242640687119285,0.9848933070096317,0.9958526527457047,LGG
Brats18_TCIA10_644_1,TC,65330,55713,0.7634807465115703,16.76305461424021,0.7072860860247971,0.9989274112654538,LGG
Brats18_TCIA10_644_1,ET,0,0,1.0,0.0,,1.0,LGG
Brats18_TCIA12_101_1,WT,37466,28549,0.8435658562447929,14.52583904633395,0.7431804836384989,0.9999207021760448,LGG
Brats18_TCIA12_101_1,TC,10330,9464,0.8994644841871274,2.449489742783178,0.8617618586640852,0.9999369790539457,LGG
Brats18_TCIA12_101_1,ET,8358,6494,0.862914085645031,3.1622776601683795,0.7666905958363245,0.9999903583574319,LGG
Brats18_TCIA12_249_1,WT,87527,92306,0.9625708296030205,3.0,0.9888491551178493,0.9993490167324758,LGG
Brats18_TCIA12_249_1,TC,62120,54930,0.9175395130286202,4.0,0.8644397939471989,0.9998611530947858,LGG
Brats18_TCIA12_249_1,ET,119,0,0.0,373.13,0.0,1.0,LGG
Brats18_TCIA12_298_1,WT,116994,113180,0.9569543041351326,4.58257569495584,0.9413559669726652,0.9996541825076501,LGG
Brats18_TCIA12_298_1,TC,83603,80495,0.9258004363246353,4.69041575982343,0.9085917969450857,0.9994873590590744,LGG
Brats18_TCIA12_298_1,ET,0,898,0.0,373.13,,0.999899417562724,LGG
Brats18_TCIA12_466_1,WT,65338,61480,0.9447397057200082,2.449489742783178,0.9168477761792525,0.9998222881567638,LGG
Brats18_TCIA12_466_1,TC,28605,40859,0.789790395024761,5.0990195135927845,0.9589582240866982,0.9984911333860336,LGG
Brats18_TCIA12_466_1,ET,0,0,1.0,0.0,,1.0,LGG
Brats18_TCIA12_470_1,WT,20725,21044,0.9410807057865881,1.7320508075688772,0.9483232810615199,0.999843947784255,LGG
Brats18_TCIA12_470_1,TC,6499,5184,0.8150303860309852,3.0,0.7325742421911063,0.9999525864537817,LGG
Brats18_TCIA12_470_1,ET,3794,4043,0.8817149419420697,1.4142135623730951,0.9106483921982077,0.999934111785407,LGG
Brats18_TCIA12_480_1,WT,212186,214975,0.9664318605865235,2.8284271247461903,0.9727833127539046,0.9990174182239319,LGG
Brats18_TCIA12_480_1,TC,159875,102324,0.7480120061480021,13.076696830622021,0.6133792025019547,0.9995141492622425,LGG
Brats18_TCIA12_480_1,ET,1855,0,0.0,373.13,0.0,1.0,LGG
Brats18_TCIA13_615_1,WT,125353,96415,0.8674200064932722,8.0,0.7672971528403788,0.9999736442913137,LGG
Brats18_TCIA13_615_1,TC,125353,42817,0.5092109175239341,19.1049731745428,0.3415714023597361,1.0,LGG
Brats18_TCIA13_615_1,ET,1194,5771,0.29921033740129216,13.490737563232042,0.8726968174204355,0.9994702472530489,LGG
Brats18_TCIA13_618_1,WT,68293,69743,0.9413196557419804,2.23606797749979,0.9513127260480576,0.9994610431247896,LGG
Brats18_TCIA13_618_1,TC,50291,3825,0.12639515115677433,26.43860813280457,0.06800421546598795,0.9999543801221689,LGG
Brats18_TCIA13_618_1,ET,0,0,1.0,0.0,,1.0,LGG
Brats18_TCIA13_621_1,WT,49858,65054,0.8664021164021164,3.605551275463989,0.9984355569818284,0.9982795949873295,LGG
Brats18_TCIA13_621_1,TC,10778,8016,0.627327870596999,12.529964086141668,0.5469474856188532,0.999762145654779,LGG
Brats18_TCIA13_621_1,ET,2093,1798,0.835260858391159,1.4142135623730951,0.7763975155279503,0.9999806182161656,LGG
Brats18_TCIA13_623_1,WT,232098,223445,0.9294753733456557,5.0990195135927845,0.9121491783643116,0.9986502837773471,LGG
Brats18_TCIA13_623_1,TC,104710,110920,0.8945044752585447,5.0990195135927845,0.9210295100754464,0.9983590021409248,LGG
Brats18_TCIA13_623_1,ET,4674,0,0.0,373.13,0.0,1.0,LGG
Brats18_TCIA13_624_1,WT,151508,140908,0.9552828846574742,4.0,0.9218655120521688,0.9998589413629044,LGG
Brats18_TCIA13_624_1,TC,12769,10864,0.9028053992298904,2.23606797749979,0.8354608818231655,0.9999780151518227,LGG
Brats18_TCIA13_624_1,ET,11757,9235,0.8688071646341463,2.449489742783178,0.7756230330866718,0.99998699003605,LGG
Brats18_TCIA13_630_1,WT,53625,51682,0.9566885392234135,3.0,0.9393566433566434,0.999852496654694,LGG
Brats18_TCIA13_630_1,TC,32724,24914,0.8514521669731774,4.69041575982343,0.7498472069429165,0.9999577303728406,LGG
Brats18_TCIA13_630_1,ET,0,0,1.0,0.0,,1.0,LGG
Brats18_TCIA13_633_1,WT,361783,248595,0.7753228327364354,45.608113194751766,0.6540384705749026,0.9986020666999214,LGG
Brats18_TCIA13_633_1,TC,190188,48269,0.24097426370372854,27.147743920996454,0.15106631333207143,0.9977639711177123,LGG
Brats18_TCIA13_633_1,ET,1036,1638,0.6881077038145101,37.54325464258721,0.888030888030888,0.9999195695199398,LGG
Brats18_TCIA13_634_1,WT,136334,128674,0.9276474672462718,4.123105625617661,0.9015872783018176,0.9993451753057953,LGG
Brats18_TCIA13_634_1,TC,60154,80368,0.7651043964646105,9.0,0.893656282208997,0.996999158532974,LGG
Brats18_TCIA13_634_1,ET,0,840,0.0,373.13,,0.9999059139784946,LGG
Brats18_TCIA13_642_1,WT,188686,184619,0.9684574275726283,2.8284271247461903,0.9580202028767371,0.9995590042879796,LGG
Brats18_TCIA13_642_1,TC,177361,91330,0.6786159566193136,18.367085546743326,0.5140307057357593,0.9999816013436276,LGG
Brats18_TCIA13_642_1,ET,8755,816,0.1667537352418765,12.884098726725126,0.09114791547687036,0.9999979818919651,LGG
Brats18_TCIA13_645_1,WT,62935,56982,0.9120975341277717,3.605551275463989,0.8689600381345833,0.9997412314517716,LGG
Brats18_TCIA13_645_1,TC,45782,29125,0.7545890237227495,10.677078252031311,0.6173168494168013,0.9999028395835364,LGG
Brats18_TCIA13_645_1,ET,0,0,1.0,0.0,,1.0,LGG
Brats18_TCIA13_650_1,WT,17082,13800,0.723593031539408,40.64171580225127,0.6540803184638802,0.999705193112539,LGG
Brats18_TCIA13_650_1,TC,9759,0,0.0,373.13,0.0,1.0,LGG
Brats18_TCIA13_650_1,ET,125,0,0.0,373.13,0.0,1.0,LGG
Brats18_TCIA13_653_1,WT,56445,62213,0.9503109777680392,1.7320508075688772,0.9988661528921959,0.9993426180641387,LGG
Brats18_TCIA13_653_1,TC,2366,38457,0.11586605589986038,25.019992006393608,0.9995773457311918,0.9959563656766567,LGG
Brats18_TCIA13_653_1,ET,1929,2227,0.870548604427334,2.0,0.937791601866252,0.9999531708856002,LGG
Brats18_TCIA13_654_1,WT,183843,182387,0.9710564399421129,2.0,0.9672111529946747,0.9994771365610201,LGG
Brats18_TCIA13_654_1,TC,151492,144406,0.8985258433649433,7.681145747868608,0.8775116837852824,0.9986931020857043,LGG
Brats18_TCIA13_654_1,ET,16868,6739,0.5650019062142585,7.483314773547883,0.39536400284562484,0.999992144656818,LGG
