paciente_id,fold,et_real,et_pred,umbral,dice_WT,dice_TC,dice_ET,dice_ET_nnunet
Brats18_2013_0_1,2,17858,11719,1000,0.8778642001261299,0.7443098966588474,0.7492984413564594,0.7492984413564594
Brats18_2013_10_1,2,31485,35814,1000,0.8880378518278874,0.9593189530821375,0.8862836000534926,0.8862836000534926
Brats18_2013_11_1,4,19677,2426,500,0.9237328210974702,0.6493658592321755,0.21110256526263405,0.21110256526263405
Brats18_2013_12_1,4,42366,38906,500,0.9409678445890632,0.8129670496918042,0.9177576533123339,0.9177576533123339
Brats18_2013_13_1,2,4467,4331,1000,0.8807994289793005,0.9388580090955028,0.9052057285746761,0.9052057285746761
Brats18_2013_14_1,4,36577,42493,500,0.9313321678231385,0.9425770191852695,0.8850638674592134,0.8850638674592134
Brats18_2013_15_1,1,0,2320,1000,0.8900176947952895,0.2683997892148252,0.0,0.0
Brats18_2013_16_1,0,0,161,400,0.8896227169904642,0.410786684024549,1.0,
Brats18_2013_17_1,2,60991,61037,1000,0.9433034085465588,0.9407303156566532,0.9429639099223129,0.9429639099223129
Brats18_2013_18_1,3,21250,23397,500,0.9187359516544926,0.9298360916930553,0.913342441821399,0.913342441821399
Brats18_2013_19_1,1,18354,17071,1000,0.8976006021203982,0.918193027687479,0.8108398023994354,0.8108398023994354
Brats18_2013_1_1,3,0,0,500,0.8447897877063966,0.851454671830007,1.0,
Brats18_2013_20_1,1,43379,51205,1000,0.9449870307700438,0.8803009544156236,0.8788378584115707,0.8788378584115707
Brats18_2013_21_1,0,17816,15395,400,0.9404636710246723,0.6321771999604945,0.8643521724729758,0.8643521724729758
Brats18_2013_22_1,2,67135,51664,1000,0.9236383787207093,0.8787585601487613,0.8215894073182434,0.8215894073182434
Brats18_2013_23_1,0,72360,47477,400,0.9397116426368864,0.9569451774640454,0.7548253043717716,0.7548253043717716
Brats18_2013_24_1,0,0,102,400,0.9306703397612488,0.9460167947749589,1.0,
Brats18_2013_25_1,0,708,119,400,0.9263515586285013,0.8340246727360879,0.0,0.0
Brats18_2013_26_1,0,4678,4654,400,0.9307576894223556,0.949712928133043,0.9288469781397343,0.9288469781397343
Brats18_2013_27_1,0,20437,19361,400,0.9315608949865823,0.924614321897306,0.8210462837328509,0.8210462837328509
Brats18_2013_28_1,1,5256,4005,1000,0.8734166893177494,0.29160102554597966,0.834251160781773,0.834251160781773
Brats18_2013_29_1,3,0,135,500,0.9468737190303238,0.7723905169575239,1.0,
Brats18_2013_2_1,4,21677,18500,500,0.9050217361162087,0.9032023730250015,0.8384399034273341,0.8384399034273341
Brats18_2013_3_1,3,23187,22476,500,0.9023114703667166,0.9519907205157947,0.8735737905963252,0.8735737905963252
Brats18_2013_4_1,1,19840,23348,1000,0.9108686334135467,0.6923742036792256,0.7761415207928128,0.7761415207928128
Brats18_2013_5_1,1,8219,7747,1000,0.9337583908388097,0.8777824006656959,0.8956532631842665,0.8956532631842665
Brats18_2013_6_1,0,9546,6879,400,0.954479500590518,0.7772128145140473,0.6151598173515982,0.6151598173515982
Brats18_2013_7_1,4,26264,27462,500,0.9557423869455015,0.9535396780323715,0.9073074489074191,0.9073074489074191
Brats18_2013_8_1,3,0,3,500,0.9029204829683479,0.8817091323001488,1.0,
Brats18_2013_9_1,0,0,412,400,0.8895454782110689,0.7773028202053902,0.0,0.0
Brats18_CBICA_AAB_1,2,27742,29049,1000,0.925898304073505,0.9361302372873863,0.8973252804141502,0.8973252804141502
Brats18_CBICA_AAG_1,2,6549,6879,1000,0.9099876695437731,0.9525963564258273,0.861185582365207,0.861185582365207
Brats18_CBICA_AAL_1,0,2998,2523,400,0.7866789292802169,0.9109106287003101,0.8313711284187647,0.8313711284187647
Brats18_CBICA_AAP_1,0,15498,16474,400,0.9548144897859685,0.921224953926989,0.8862129363192793,0.8862129363192793
Brats18_CBICA_ABB_1,3,10786,10953,500,0.8522397476340694,0.92907751169052,0.8290169741018446,0.8290169741018446
Brats18_CBICA_ABE_1,4,24947,31214,500,0.9396332842306298,0.932037730267275,0.804437242926586,0.804437242926586
Brats18_CBICA_ABM_1,0,6159,5936,400,0.9209469749411602,0.9336934646753522,0.8912773873501447,0.8912773873501447
Brats18_CBICA_ABN_1,4,1211,1001,500,0.8466634579994904,0.8640483383685801,0.8508137432188065,0.8508137432188065
Brats18_CBICA_ABO_1,1,50901,31286,1000,0.9009159462728736,0.8621662778189134,0.6904984973292613,0.6904984973292613
Brats18_CBICA_ABY_1,0,6473,4744,400,0.8404753500411813,0.8974908200734394,0.8205402514041188,0.8205402514041188
Brats18_CBICA_ALN_1,4,5774,8512,500,0.9176667596985766,0.9206948640483383,0.7967240655186896,0.7967240655186896
Brats18_CBICA_ALU_1,0,5973,5024,400,0.8565820019117848,0.9312248062015503,0.8373192688915159,0.8373192688915159
Brats18_CBICA_ALX_1,3,4039,5007,500,0.9059890086113636,0.9242593627724986,0.709927039575503,0.709927039575503
Brats18_CBICA_AME_1,2,18255,20944,1000,0.9182876559378602,0.9110580692370681,0.8407867547641521,0.8407867547641521
Brats18_CBICA_AMH_1,0,9002,8191,400,0.9455912220936536,0.7883938244853738,0.862095038678532,0.862095038678532
Brats18_CBICA_ANG_1,4,13031,26327,500,0.9088843427229146,0.8221491597819367,0.6565374256821993,0.6565374256821993
Brats18_CBICA_ANI_1,2,7222,9086,1000,0.9267077911585511,0.8680991958916143,0.8431444689722836,0.8431444689722836
Brats18_CBICA_ANP_1,2,1695,2601,1000,0.762336893723755,0.7291781577495863,0.7402234636871509,0.7402234636871509
Brats18_CBICA_ANZ_1,3,9813,11671,500,0.9071752211540767,0.918704868390403,0.8094395829454478,0.8094395829454478
Brats18_CBICA_AOD_1,1,27410,36194,1000,0.9098760256684617,0.8829147441033718,0.7261492987862399,0.7261492987862399
Brats18_CBICA_AOH_1,3,3003,4827,500,0.8005304087185933,0.899947061937533,0.7427841634738186,0.7427841634738186
Brats18_CBICA_AOO_1,3,18221,16934,500,0.9498888119281105,0.9299682144831398,0.8645711847532357,0.8645711847532357
Brats18_CBICA_AOP_1,2,10937,10491,1000,0.9125720993045652,0.9490095922549223,0.8620496546574575,0.8620496546574575
Brats18_CBICA_AOZ_1,0,23272,16230,400,0.8695029412407881,0.874916754808634,0.8105918687661384,0.8105918687661384
Brats18_CBICA_APR_1,2,17433,18445,1000,0.9208417224134572,0.9681811533500871,0.9038407938012152,0.9038407938012152
Brats18_CBICA_APY_1,0,23676,28626,400,0.9263532259965078,0.7975838703169686,0.7118274635769186,0.7118274635769186
Brats18_CBICA_APZ_1,4,16760,13080,500,0.7391670055313863,0.9256014462522598,0.8235924932975871,0.8235924932975871
Brats18_CBICA_AQA_1,1,9281,9202,1000,0.862979370832774,0.8581760507533703,0.6788941189200888,0.6788941189200888
Brats18_CBICA_AQD_1,4,5701,5171,500,0.934039464132515,0.944587003259588,0.8809786607799853,0.8809786607799853
Brats18_CBICA_AQG_1,2,6149,6741,1000,0.8570602572985151,0.8350335904453844,0.8273079906904577,0.8273079906904577
Brats18_CBICA_AQJ_1,2,22108,18770,1000,0.9060470201024603,0.9143759649340739,0.8546406379959881,0.8546406379959881
Brats18_CBICA_AQN_1,3,9563,10714,500,0.9093795145267438,0.8947092413471623,0.7915372096463974,0.7915372096463974
Brats18_CBICA_AQO_1,4,16009,16568,500,0.9553321707084335,0.9551231725689067,0.9154311323940203,0.9154311323940203
Brats18_CBICA_AQP_1,3,24430,20888,500,0.9478269328462262,0.9420794411315249,0.8382541153625491,0.8382541153625491
Brats18_CBICA_AQQ_1,4,24262,31887,500,0.8748586552679648,0.8652981385608131,0.8026144722078755,0.8026144722078755
Brats18_CBICA_AQR_1,4,5166,3937,500,0.8774169326074713,0.8871304347826087,0.7801823574645721,0.7801823574645721
Brats18_CBICA_AQT_1,1,15211,13821,1000,0.8633221144800853,0.9341411376353609,0.843345274180215,0.843345274180215
Brats18_CBICA_AQU_1,3,26254,24333,500,0.9088250116105572,0.8815799826894327,0.8014311977385494,0.8014311977385494
Brats18_CBICA_AQV_1,2,12826,12708,1000,0.9176131761317613,0.9342825848849945,0.8743635936398527,0.8743635936398527
Brats18_CBICA_AQY_1,1,28203,25353,1000,0.934720161433913,0.9566583378140452,0.8828142505041452,0.8828142505041452
Brats18_CBICA_AQZ_1,2,15158,20177,1000,0.9437248557355328,0.8999052187149955,0.774755907740201,0.774755907740201
Brats18_CBICA_ARF_1,3,20908,19418,500,0.9556523935016414,0.9604322816803207,0.8635123741506721,0.8635123741506721
Brats18_CBICA_ARW_1,2,2624,2950,1000,0.8479448800190069,0.8681410974244121,0.6063867958378184,0.6063867958378184
Brats18_CBICA_ARZ_1,2,1412,1271,1000,0.8105860307518546,0.745164960182025,0.7707789787551249,0.7707789787551249
Brats18_CBICA_ASA_1,2,40108,41844,1000,0.941458975784844,0.9587286610403453,0.8980866848887153,0.8980866848887153
Brats18_CBICA_ASE_1,3,1357,1437,500,0.6177696398988578,0.8525743524144548,0.8167501789549033,0.8167501789549033
Brats18_CBICA_ASG_1,1,32001,35548,1000,0.8930577832945102,0.9444800615463521,0.8626330515625694,0.8626330515625694
Brats18_CBICA_ASH_1,0,2041,1260,400,0.7150747099370638,0.9039351851851852,0.704634959103302,0.704634959103302
Brats18_CBICA_ASK_1,1,6047,6788,1000,0.9117525151663589,0.9559814245536006,0.8730814179976626,0.8730814179976626
Brats18_CBICA_ASN_1,3,32372,37701,500,0.9393468841780802,0.964013678324552,0.8495140781756169,0.8495140781756169
Brats18_CBICA_ASO_1,0,13105,11689,400,0.9402887644595094,0.9420242578808458,0.8723884810841332,0.8723884810841332
Brats18_CBICA_ASU_1,0,10897,10103,400,0.9114193587637647,0.944344264800269,0.8598095238095238,0.8598095238095238
Brats18_CBICA_ASV_1,1,9075,9225,1000,0.9560272857874803,0.88046515140074,0.8542076502732241,0.8542076502732241
Brats18_CBICA_ASW_1,2,30995,25873,1000,0.9111865487713331,0.9287439948904501,0.8717732292326088,0.8717732292326088
Brats18_CBICA_ASY_1,1,8577,9674,1000,0.9453965104492419,0.949006511938554,0.8991288148594597,0.8991288148594597
Brats18_CBICA_ATB_1,4,25128,22678,500,0.8766877390150628,0.9283657198290236,0.8691796008869179,0.8691796008869179
Brats18_CBICA_ATD_1,0,8613,8091,400,0.9178685481732554,0.9279126514744199,0.8664990421455939,0.8664990421455939
Brats18_CBICA_ATF_1,4,6708,4506,500,0.6911902878053605,0.5915183036607321,0.6622079543427858,0.6622079543427858
Brats18_CBICA_ATP_1,1,1172,1417,1000,0.8164694862448838,0.9036482694106641,0.8505214368482039,0.8505214368482039
Brats18_CBICA_ATV_1,3,16172,18708,500,0.9238933910652116,0.9491596345630797,0.8477637614678899,0.8477637614678899
Brats18_CBICA_ATX_1,3,6532,7560,500,0.9067461725941175,0.9314713064713065,0.8120919670735169,0.8120919670735169
Brats18_CBICA_AUN_1,4,30143,35483,500,0.9452958676783667,0.9577118961068856,0.9041538414652729,0.9041538414652729
Brats18_CBICA_AUQ_1,3,2287,1324,500,0.8485082214353329,0.6529573881704474,0.6408197175297702,0.6408197175297702
Brats18_CBICA_AUR_1,1,35310,30353,1000,0.8510499637943519,0.9042926227117656,0.7482143672996969,0.7482143672996969
Brats18_CBICA_AVG_1,0,2830,3186,400,0.783984396164057,0.9254940468884252,0.8863031914893617,0.8863031914893617
Brats18_CBICA_AVJ_1,0,8665,8749,400,0.9435721844163218,0.923150236680751,0.8282990697140232,0.8282990697140232
Brats18_CBICA_AVV_1,1,30709,37926,1000,0.9516487271484708,0.9537207638783517,0.8888176586289794,0.8888176586289794
Brats18_CBICA_AWG_1,0,14186,14887,400,0.941461309809186,0.910730833384815,0.8416744058060743,0.8416744058060743
Brats18_CBICA_AWH_1,1,15631,17810,1000,0.7884562528630326,0.9506650235839035,0.8501540025716934,0.8501540025716934
Brats18_CBICA_AWI_1,2,12743,15614,1000,0.9319154137635985,0.8888162383443257,0.7634799167753994,0.7634799167753994
Brats18_CBICA_AXJ_1,3,13041,9582,500,0.9181672984303222,0.7656288456805316,0.816337355788357,0.816337355788357
Brats18_CBICA_AXL_1,4,37598,33569,500,0.7770657284871376,0.9377764417915575,0.8799022018632231,0.8799022018632231
Brats18_CBICA_AXM_1,1,9460,9400,1000,0.9220470542306324,0.9559407834711717,0.8466595970307529,0.8466595970307529
Brats18_CBICA_AXN_1,3,22496,5759,500,0.8818754518227822,0.5348780986740558,0.34776145814900017,0.34776145814900017
Brats18_CBICA_AXO_1,1,35387,46578,1000,0.9582064613997867,0.9594975833829215,0.7667663026901727,0.7667663026901727
Brats18_CBICA_AXQ_1,2,10595,10297,1000,0.9082843727141879,0.8245112205479048,0.74593145701704,0.74593145701704
Brats18_CBICA_AXW_1,1,7959,8474,1000,0.9389508170522194,0.949799789251844,0.8905251627822065,0.8905251627822065
Brats18_CBICA_AYA_1,3,4321,5674,500,0.8502584511230045,0.934755506302812,0.8178089044522261,0.8178089044522261
Brats18_CBICA_AYI_1,2,1470,2800,1000,0.8329883776468715,0.8746321365509123,0.6819672131147541,0.6819672131147541
Brats18_CBICA_AYU_1,4,6688,6774,500,0.8985193375203748,0.851078705553336,0.8370227306492349,0.8370227306492349
Brats18_CBICA_AYW_1,0,8450,8235,400,0.9370440752773861,0.9321874654581629,0.8075516931375487,0.8075516931375487
Brats18_CBICA_AZD_1,4,4518,4205,500,0.8001670301118173,0.92375249500998,0.8288432878596813,0.8288432878596813
Brats18_CBICA_AZH_1,3,7167,7211,500,0.940707822884138,0.9521248997688788,0.882737515648908,0.882737515648908
Brats18_CBICA_BFB_1,1,17506,22628,1000,0.9386306647115477,0.9323633016479917,0.8460656799720935,0.8460656799720935
Brats18_CBICA_BFP_1,0,3691,5433,400,0.8997726516579794,0.8905799002886382,0.7799210872424376,0.7799210872424376
Brats18_CBICA_BHB_1,3,106,528,500,0.7696459128603396,0.33069620253164556,0.2870662460567823,0.2870662460567823
Brats18_CBICA_BHK_1,1,406,63,1000,0.7378774422735347,0.6779556965263211,0.0,0.0
Brats18_CBICA_BHM_1,0,9619,7378,400,0.8615395704194897,0.922685611542341,0.8357945519797612,0.8357945519797612
Brats18_TCIA01_131_1,3,8994,9235,500,0.9543463193272915,0.9662857605964827,0.961544791266663,0.961544791266663
Brats18_TCIA01_147_1,2,35721,31214,1000,0.9647384205722286,0.9522617280764019,0.9176663927691043,0.9176663927691043
Brats18_TCIA01_150_1,1,35019,33893,1000,0.944154061788238,0.9295858833924557,0.8744195495704666,0.8744195495704666
Brats18_TCIA01_180_1,3,16944,20457,500,0.9103691576598766,0.8181734350062068,0.7539370605064035,0.7539370605064035
Brats18_TCIA01_186_1,3,12114,15069,500,0.9567639509459074,0.9279578896997248,0.868042526579112,0.868042526579112
Brats18_TCIA01_190_1,3,4362,7605,500,0.8467765979405086,0.909368038457029,0.6924041113060918,0.6924041113060918
Brats18_TCIA01_201_1,2,45111,47868,1000,0.9710813144560844,0.9422418150165666,0.8699383731810408,0.8699383731810408
Brats18_TCIA01_203_1,2,79009,80701,1000,0.945664129526156,0.9315154027647694,0.9079456514933316,0.9079456514933316
Brats18_TCIA01_221_1,4,3852,6374,500,0.967464778625589,0.9082194821706052,0.7420301193037355,0.7420301193037355
Brats18_TCIA01_231_1,4,25236,24716,500,0.9781384875211109,0.9535418825637152,0.9359385009609225,0.9359385009609225
Brats18_TCIA01_235_1,1,13224,14700,1000,0.9431086585205624,0.9537416606382123,0.9226471852170176,0.9226471852170176
Brats18_TCIA01_335_1,3,46904,46511,500,0.9673196429134727,0.9711677762425156,0.9449446020446395,0.9449446020446395
Brats18_TCIA01_378_1,1,43375,43821,1000,0.7661611586749651,0.9604850845357175,0.9372677645763567,0.9372677645763567
Brats18_TCIA01_390_1,0,13892,13476,400,0.8898756002913496,0.8465992993021977,0.8750365390236773,0.8750365390236773
Brats18_TCIA01_401_1,4,50410,46629,500,0.9576726432830698,0.9708291514229287,0.9380146126814992,0.9380146126814992
Brats18_TCIA01_411_1,4,1037,1926,500,0.819277965498844,0.5111165404348889,0.47384407694903813,0.47384407694903813
Brats18_TCIA01_412_1,1,74539,69668,1000,0.9337204048870988,0.9359533331328743,0.8766009971776683,0.8766009971776683
Brats18_TCIA01_425_1,0,1662,916,400,0.8218073188946975,0.5861214374225526,0.664856477889837,0.664856477889837
Brats18_TCIA01_429_1,2,34538,32406,1000,0.954128706691761,0.975289733601862,0.9459548279158699,0.9459548279158699
Brats18_TCIA01_448_1,2,17276,19948,1000,0.9246066111143185,0.8651001958088572,0.8282290995056952,0.8282290995056952
Brats18_TCIA01_460_1,0,33404,42395,400,0.9293496462727359,0.8929811906335052,0.8323328803810076,0.8323328803810076
Brats18_TCIA01_499_1,0,26241,25023,400,0.9613371602228601,0.9633716604192113,0.9426888264669163,0.9426888264669163
Brats18_TCIA02_117_1,0,18881,20341,400,0.929947322902744,0.9605966162065895,0.9052062617918515,0.9052062617918515
Brats18_TCIA02_118_1,4,87753,84478,500,0.9130787526182492,0.9365805803326936,0.939888870180165,0.939888870180165
Brats18_TCIA02_135_1,3,33532,29991,500,0.9594986846383494,0.9404186795491143,0.915479432646443,0.915479432646443
Brats18_TCIA02_151_1,4,19875,18578,500,0.9437503576401473,0.973043098268422,0.9296023717265233,0.9296023717265233
Brats18_TCIA02_168_1,3,29915,17226,500,0.9374677116194203,0.9413830954994512,0.7160645722407246,0.7160645722407246
Brats18_TCIA02_171_1,3,4539,4332,500,0.9493735423333514,0.9054602184087364,0.8975312817044302,0.8975312817044302
Brats18_TCIA02_179_1,0,9371,10429,400,0.9171291729555637,0.9264393105977264,0.8992929292929293,0.8992929292929293
Brats18_TCIA02_198_1,1,9134,7940,1000,0.9154963711271827,0.9368349558523885,0.9069930889071103,0.9069930889071103
Brats18_TCIA02_208_1,0,4439,3834,400,0.9280409107512481,0.9221155991966079,0.9126072766831863,0.9126072766831863
Brats18_TCIA02_222_1,1,36506,42234,1000,0.951424099240773,0.9223538851714405,0.9081026162052324,0.9081026162052324
Brats18_TCIA02_226_1,3,9769,18445,500,0.8462044192051529,0.6198606836222258,0.6370596157935776,0.6370596157935776
Brats18_TCIA02_274_1,4,47361,54359,500,0.9398678580282176,0.9413810233482365,0.9189539913488006,0.9189539913488006
Brats18_TCIA02_283_1,3,6929,8027,500,0.8059171509350919,0.8875177978168012,0.8380583043594544,0.8380583043594544
Brats18_TCIA02_290_1,4,26938,28652,500,0.9267721642876607,0.9656182600371382,0.9455297715416442,0.9455297715416442
Brats18_TCIA02_300_1,3,38724,35610,500,0.9585017872236423,0.9732611226665621,0.9338122528049075,0.9338122528049075
Brats18_TCIA02_309_1,3,25463,26472,500,0.9253116661375707,0.8791594901825698,0.8759025705208434,0.8759025705208434
Brats18_TCIA02_314_1,0,31255,35050,400,0.9468200980862459,0.9433053085747697,0.913173968780635,0.913173968780635
Brats18_TCIA02_321_1,1,50084,47497,1000,0.9326783181008428,0.9601266312810234,0.9423350857236552,0.9423350857236552
Brats18_TCIA02_322_1,3,8858,8048,500,0.8265035069392628,0.947035660806389,0.9322134153554951,0.9322134153554951
Brats18_TCIA02_331_1,4,17941,17651,500,0.9406325926254144,0.9672876086205522,0.9551022701730726,0.9551022701730726
Brats18_TCIA02_368_1,3,36248,29433,500,0.96155746673412,0.9543562332192034,0.8917038412935248,0.8917038412935248
Brats18_TCIA02_370_1,0,30381,33962,400,0.965568749054606,0.9132760038055476,0.875184557760751,0.875184557760751
Brats18_TCIA02_374_1,4,54064,49463,500,0.9550117518970394,0.9364132892676987,0.9089416287538516,0.9089416287538516
Brats18_TCIA02_377_1,0,49748,51173,400,0.9515256936295112,0.96333278909694,0.9567285302365216,0.9567285302365216
Brats18_TCIA02_394_1,2,21184,14396,1000,0.9393273246867443,0.9177763477055592,0.7930860033726813,0.7930860033726813
Brats18_TCIA02_430_1,4,39514,36346,500,0.9434587124550247,0.8911778398510242,0.8646453994199842,0.8646453994199842
Brats18_TCIA02_455_1,2,22125,19882,1000,0.9384440368170957,0.9616810430568364,0.9420334706120409,0.9420334706120409
Brats18_TCIA02_471_1,4,38840,39276,500,0.9308333385433925,0.9528230452674897,0.9449536586614778,0.9449536586614778
Brats18_TCIA02_473_1,2,5096,4850,1000,0.850617616500558,0.9345882352941176,0.9215765131711241,0.9215765131711241
Brats18_TCIA02_491_1,1,63709,65299,1000,0.8077738350067659,0.9571564897321816,0.9401587498449708,0.9401587498449708
Brats18_TCIA02_605_1,2,15114,17382,1000,0.9343928351918518,0.9087792335006735,0.9193746922698178,0.9193746922698178
Brats18_TCIA02_606_1,0,27851,39525,400,0.9446452308628596,0.8753918269922066,0.6895927333175018,0.6895927333175018
Brats18_TCIA02_607_1,3,19458,23443,500,0.9382214200124376,0.954721214695727,0.8855271438894198,0.8855271438894198
Brats18_TCIA02_608_1,2,28207,20461,1000,0.9591518074262926,0.933475680453674,0.8394427549930139,0.8394427549930139
Brats18_TCIA03_121_1,4,29059,27939,500,0.9647401041528518,0.9432827863997156,0.9188041685673182,0.9188041685673182
Brats18_TCIA03_133_1,1,8609,7497,1000,0.9268943855516294,0.8989484226339509,0.923382590339004,0.923382590339004
Brats18_TCIA03_138_1,3,61113,77216,500,0.9487731003906764,0.936057419232689,0.8623209883683103,0.8623209883683103
Brats18_TCIA03_199_1,0,30477,30006,400,0.9737444987962522,0.9579438560106659,0.9469437693236116,0.9469437693236116
Brats18_TCIA03_257_1,4,18666,20825,500,0.8727856431417188,0.8902395545067147,0.8500671038970905,0.8500671038970905
Brats18_TCIA03_265_1,4,17097,23243,500,0.9529395809317149,0.892469926017409,0.7727813584531482,0.7727813584531482
Brats18_TCIA03_296_1,2,68592,56302,1000,0.9667858935742972,0.9239410886016567,0.8882732557208513,0.8882732557208513
Brats18_TCIA03_338_1,1,8813,9163,1000,0.9322010930936356,0.9331214187126187,0.9431464174454829,0.9431464174454829
Brats18_TCIA03_375_1,0,25944,23088,400,0.9157701207278625,0.9315147745845326,0.8988007831620166,0.8988007831620166
Brats18_TCIA03_419_1,1,58416,55479,1000,0.965420117869276,0.9614244297357912,0.9306466482286316,0.9306466482286316
Brats18_TCIA03_474_1,2,111250,84176,1000,0.9673482738550491,0.9433099252366632,0.8477991669481031,0.8477991669481031
Brats18_TCIA03_498_1,4,14157,12548,500,0.8964879463628912,0.9616583181367004,0.9142108219434563,0.9142108219434563
Brats18_TCIA04_111_1,1,10910,10592,1000,0.921525228654903,0.9567143005432338,0.9384243326202214,0.9384243326202214
Brats18_TCIA04_149_1,4,40616,37316,500,0.9564922557513761,0.9509433962264151,0.9216496432787559,0.9216496432787559
Brats18_TCIA04_192_1,0,15090,14656,400,0.9695020454224855,0.9701633063861563,0.9792913332885094,0.9792913332885094
Brats18_TCIA04_328_1,3,9523,14926,500,0.9159480749510581,0.7217954114923174,0.6895169536586363,0.6895169536586363
Brats18_TCIA04_343_1,3,4951,3622,500,0.7751091948215268,0.8186704384724187,0.8137174851277266,0.8137174851277266
Brats18_TCIA04_361_1,1,40450,34926,1000,0.9806145682404079,0.944176683729223,0.9091753343239227,0.9091753343239227
Brats18_TCIA04_437_1,4,2642,2623,500,0.9438486175182911,0.8940940271038983,0.936372269705603,0.936372269705603
Brats18_TCIA04_479_1,0,29516,29242,400,0.9657476019305045,0.9602279202279203,0.9518363456890977,0.9518363456890977
Brats18_TCIA05_277_1,4,47182,9053,500,0.7981776765375854,0.43214720606142604,0.3122254823508491,0.3122254823508491
Brats18_TCIA05_396_1,1,16998,19694,1000,0.9509179588348317,0.901601333236722,0.8903848250299793,0.8903848250299793
Brats18_TCIA05_444_1,2,11994,7945,1000,0.9272780750253643,0.8777688989919545,0.7823862781483525,0.7823862781483525
Brats18_TCIA05_478_1,3,65092,64401,500,0.9652498434564809,0.964907881595444,0.9229688091248176,0.9229688091248176
Brats18_TCIA06_165_1,1,5899,9830,1000,0.8893295555650401,0.8615075319968286,0.6496280755292771,0.6496280755292771
Brats18_TCIA06_184_1,2,39005,117878,1000,0.9066846326359215,0.9621510417105806,0.49208645933593825,0.49208645933593825
Brats18_TCIA06_211_1,1,69134,57160,1000,0.8822424341242441,0.8853732568258842,0.8392322675661552,0.8392322675661552
Brats18_TCIA06_247_1,1,27478,32487,1000,0.8694556890828864,0.9091610910962429,0.8688068039689819,0.8688068039689819
Brats18_TCIA06_332_1,4,14523,13073,500,0.9307465552445472,0.848785349445621,0.7927235831279895,0.7927235831279895
Brats18_TCIA06_372_1,0,48062,53454,400,0.9642745372880385,0.9394801455091778,0.8725915126679539,0.8725915126679539
Brats18_TCIA06_409_1,3,7337,8263,500,0.9064216801706966,0.7636617471080973,0.6946153846153846,0.6946153846153846
Brats18_TCIA06_603_1,2,26937,29117,1000,0.9624650192724009,0.9459131394340664,0.7716844471402576,0.7716844471402576
Brats18_TCIA08_105_1,2,52126,49462,1000,0.9248113021218587,0.9510058443555829,0.9244005197464268,0.9244005197464268
Brats18_TCIA08_113_1,0,10957,16345,400,0.9550355389910592,0.2952592786427668,0.8008937074207018,0.8008937074207018
Brats18_TCIA08_162_1,4,36345,36699,500,0.9472899281640274,0.9613878434181053,0.8913531570012595,0.8913531570012595
Brats18_TCIA08_167_1,2,79560,85816,1000,0.9629825050243958,0.9632561972756989,0.9200367647058824,0.9200367647058824
Brats18_TCIA08_205_1,1,77776,58428,1000,0.9377149757624664,0.9169402256761008,0.782825761357963,0.782825761357963
Brats18_TCIA08_218_1,3,17626,16190,500,0.9573379053149286,0.9486144740382029,0.939318665720369,0.939318665720369
Brats18_TCIA08_234_1,2,10930,11837,1000,0.9586585609926949,0.95011470119367,0.9538366934598322,0.9538366934598322
Brats18_TCIA08_242_1,1,58556,53622,1000,0.9750985741692294,0.9595638690697339,0.9420028882668616,0.9420028882668616
Brats18_TCIA08_278_1,2,26417,16282,1000,0.9022088817055337,0.8067870958412167,0.7623129347291505,0.7623129347291505
Brats18_TCIA08_280_1,0,20160,17020,400,0.8812888691157956,0.90340580620837,0.8976869284561593,0.8976869284561593
Brats18_TCIA08_319_1,0,14699,20860,400,0.9583218072844629,0.9419052016004925,0.8036221491043055,0.8036221491043055
Brats18_TCIA08_406_1,1,3218,2640,1000,0.9013138024765932,0.7171020206998522,0.7780812564015022,0.7780812564015022
Brats18_TCIA08_436_1,4,26259,30747,500,0.9507165934885262,0.9408754649119222,0.8682243974318493,0.8682243974318493
Brats18_TCIA08_469_1,2,44531,37296,1000,0.9672193597225953,0.9432964191724984,0.8766788468353967,0.8766788468353967
Brats18_TCIA09_141_1,2,89546,56364,1000,0.8780111064041936,0.7159524618948653,0.7673086148995957,0.7673086148995957
Brats18_TCIA09_177_1,0,0,0,400,0.35904097846355065,0.0,1.0,
Brats18_TCIA09_254_1,3,0,17,500,0.9663610751775515,0.808493198570404,1.0,
Brats18_TCIA09_255_1,4,1276,3333,500,0.8788875715124377,0.8511426054027708,0.5246257322629637,0.5246257322629637
Brats18_TCIA09_312_1,4,2575,3307,500,0.9262668958149473,0.905002405002405,0.8745324719483168,0.8745324719483168
Brats18_TCIA09_402_1,4,0,64,500,0.9065550642439851,0.8770093878600823,1.0,
Brats18_TCIA09_428_1,2,691,717,1000,0.9536767247765322,0.07389116660454714,0.0,0.0
Brats18_TCIA09_451_1,0,224,101,400,0.9578362269256031,0.8691031139287713,0.0,0.0
Brats18_TCIA09_462_1,0,0,676,400,0.9283341419243973,0.5447728550896707,0.0,0.0
Brats18_TCIA09_493_1,1,0,0,1000,0.8910616747717093,0.0,1.0,
Brats18_TCIA09_620_1,2,1463,1308,1000,0.687707781004082,0.7126819126819127,0.9029231324431614,0.9029231324431614
Brats18_TCIA10_103_1,0,4085,4516,400,0.8660831477393791,0.8772984441301273,0.8882688059527962,0.8882688059527962
Brats18_TCIA10_109_1,4,126,36,500,0.9515769261999494,0.7558769856501215,0.0,0.0
Brats18_TCIA10_130_1,4,518,0,500,0.9283646212758009,0.7666870322285017,0.0,0.0
Brats18_TCIA10_152_1,3,6642,9174,500,0.9683786225588992,0.7957056903535333,0.8399089529590288,0.8399089529590288
Brats18_TCIA10_175_1,4,0,3621,500,0.9589100811848995,0.6490612621199928,0.0,0.0
Brats18_TCIA10_202_1,3,32,162,500,0.9360345667506831,0.8930035106560823,0.0,0.0
Brats18_TCIA10_241_1,3,17176,5875,500,0.9776014093221295,0.8348155782027303,0.49108498546700796,0.49108498546700796
Brats18_TCIA10_261_1,2,7070,5047,1000,0.9202252981887793,0.6472873745035245,0.7330197243542131,0.7330197243542131
Brats18_TCIA10_266_1,3,0,307,500,0.9201420285380323,0.6603117926483246,1.0,
Brats18_TCIA10_276_1,3,94,68,500,0.9232846084076863,0.7404346920352753,0.0,0.0
Brats18_TCIA10_282_1,0,3873,3854,400,0.9050315491882411,0.7302214746285394,0.778568655364307,0.778568655364307
Brats18_TCIA10_299_1,1,11280,7595,1000,0.9543358390473151,0.8224721261053441,0.7870728476821192,0.7870728476821192
Brats18_TCIA10_307_1,2,0,0,1000,0.9392229229025603,0.7304238090230308,1.0,
Brats18_TCIA10_310_1,1,0,0,1000,0.8916597559530861,0.8225523809523809,1.0,
Brats18_TCIA10_325_1,1,0,1106,1000,0.9418101007260556,0.86516194158359,0.0,0.0
Brats18_TCIA10_330_1,1,3815,2192,1000,0.937758715276046,0.8860532051175404,0.6901947727651073,0.6901947727651073
Brats18_TCIA10_346_1,4,659,279,500,0.9559432069864283,0.9426269896193772,0.0,0.0
Brats18_TCIA10_351_1,0,0,75,400,0.9359087711963753,0.7463642649702669,1.0,
Brats18_TCIA10_387_1,2,1072,1043,1000,0.9243758266080057,0.6276203219397478,0.8879432624113475,0.8879432624113475
Brats18_TCIA10_393_1,1,3562,4451,1000,0.9484703155972117,0.8927448086698567,0.5830525396231124,0.5830525396231124
Brats18_TCIA10_408_1,2,18283,15591,1000,0.9259149789246427,0.7265608332810441,0.8728228139576076,0.8728228139576076
Brats18_TCIA10_410_1,2,39301,32236,1000,0.8504804769633186,0.6034948363614088,0.8756867075778968,0.8756867075778968
Brats18_TCIA10_413_1,4,0,0,500,0.7891753230301495,0.7188408780914636,1.0,
Brats18_TCIA10_420_1,2,1324,413,1000,0.8591608169854563,0.6784907954150747,0.0,0.0
Brats18_TCIA10_442_1,0,2162,3810,400,0.8743251787364428,0.8136397571604674,0.7206965840589418,0.7206965840589418
Brats18_TCIA10_449_1,4,27264,22112,500,0.9732390656969795,0.9274162154510387,0.8876782242384964,0.8876782242384964
Brats18_TCIA10_490_1,3,7613,6813,500,0.9497612260424019,0.8704984338003984,0.8204630528212948,0.8204630528212948
Brats18_TCIA10_625_1,3,0,19,500,0.9316017162929957,0.8893768017135403,1.0,
Brats18_TCIA10_628_1,4,1976,2340,500,0.9269843561341803,0.8150171025046894,0.6223354958294718,0.6223354958294718
Brats18_TCIA10_629_1,1,2810,2626,1000,0.7494219847808031,0.775279348875707,0.8520971302428256,0.8520971302428256
Brats18_TCIA10_632_1,1,109,52,1000,0.9666099290780141,0.8901057625778392,0.0,0.0
Brats18_TCIA10_637_1,2,1585,1642,1000,0.8922645140475992,0.48788795813049135,0.7598388596219399,0.7598388596219399
Brats18_TCIA10_639_1,1,957,755,1000,0.9547937980035597,0.9112123974475843,0.0,0.0
Brats18_TCIA10_640_1,0,540,513,400,0.7942684018978297,0.1514449457383246,0.8414055080721747,0.8414055080721747
Brats18_TCIA10_644_1,1,0,205,1000,0.8895750784069641,0.7634807465115703,1.0,
Brats18_TCIA12_101_1,4,8358,6494,500,0.8435658562447929,0.8994644841871274,0.862914085645031,0.862914085645031
Brats18_TCIA12_249_1,0,119,95,400,0.9625708296030205,0.9175395130286202,0.0,0.0
Brats18_TCIA12_298_1,3,0,898,500,0.9569543041351326,0.9258004363246353,0.0,0.0
Brats18_TCIA12_466_1,0,0,1,400,0.9447397057200082,0.789790395024761,1.0,
Brats18_TCIA12_470_1,2,3794,4043,1000,0.9410807057865881,0.8150303860309852,0.8817149419420697,0.8817149419420697
Brats18_TCIA12_480_1,1,1855,365,1000,0.9664318605865235,0.7480120061480021,0.0,0.0
Brats18_TCIA13_615_1,3,1194,5771,500,0.8674200064932722,0.5092109175239341,0.29921033740129216,0.29921033740129216
Brats18_TCIA13_618_1,4,0,0,500,0.9413196557419804,0.12639515115677433,1.0,
Brats18_TCIA13_621_1,0,2093,1798,400,0.8664021164021164,0.627327870596999,0.835260858391159,0.835260858391159
Brats18_TCIA13_623_1,1,4674,2,1000,0.9294753733456557,0.8945044752585447,0.0,0.0
Brats18_TCIA13_624_1,2,11757,9235,1000,0.9552828846574742,0.9028053992298904,0.8688071646341463,0.8688071646341463
Brats18_TCIA13_630_1,1,0,179,1000,0.9566885392234135,0.8514521669731774,1.0,
Brats18_TCIA13_633_1,3,1036,1638,500,0.7753228327364354,0.24097426370372854,0.6881077038145101,0.6881077038145101
Brats18_TCIA13_634_1,3,0,840,500,0.9276474672462718,0.7651043964646105,0.0,0.0
Brats18_TCIA13_642_1,4,8755,816,500,0.9684574275726283,0.6786159566193136,0.1667537352418765,0.1667537352418765
Brats18_TCIA13_645_1,4,0,372,500,0.9120975341277717,0.7545890237227495,1.0,
Brats18_TCIA13_650_1,4,125,0,500,0.723593031539408,0.0,0.0,0.0
Brats18_TCIA13_653_1,2,1929,2227,1000,0.9503109777680392,0.11586605589986038,0.870548604427334,0.870548604427334
Brats18_TCIA13_654_1,2,16868,6739,1000,0.9710564399421129,0.8985258433649433,0.5650019062142585,0.5650019062142585
