repeticion,fold,brazo,paciente_id,riesgo,dias,dias_pred,clase,clase_pred
0,0,edad,Brats18_2013_27_1,-0.12154189467706168,82.0,387.0,0,2
0,0,edad,Brats18_CBICA_AAL_1,0.12678269197047623,170.0,346.0,0,0
0,0,edad,Brats18_CBICA_AAP_1,0.40251185797397127,232.0,289.0,0,0
0,0,edad,Brats18_CBICA_ABM_1,-0.1557885684825245,448.0,394.0,1,2
0,0,edad,Brats18_CBICA_ABY_1,0.23419271436033642,23.0,331.0,0,0
0,0,edad,Brats18_CBICA_ALU_1,-0.0831501424881684,359.0,382.0,1,1
0,0,edad,Brats18_CBICA_AMH_1,-0.023689083581749322,387.0,375.0,1,1
0,0,edad,Brats18_CBICA_AOZ_1,0.26498213938311227,1561.0,322.0,2,0
0,0,edad,Brats18_CBICA_APY_1,0.2852188102681584,71.0,322.0,0,0
0,0,edad,Brats18_CBICA_ASH_1,0.2667198141639391,139.0,322.0,0,0
0,0,edad,Brats18_CBICA_ASO_1,0.16213351329292267,495.0,336.0,2,0
0,0,edad,Brats18_CBICA_ASU_1,-0.36164872767360606,362.0,448.0,1,2
0,0,edad,Brats18_CBICA_ATD_1,-0.1425025967207857,329.0,394.0,1,2
0,0,edad,Brats18_CBICA_AVG_1,-0.0371741639121245,85.0,375.0,0,1
0,0,edad,Brats18_CBICA_AVJ_1,0.2907214470741101,635.0,318.0,2,0
0,0,edad,Brats18_CBICA_AWG_1,0.10450063306216528,486.0,350.0,2,0
0,0,edad,Brats18_CBICA_AYW_1,0.20691484045714806,616.0,332.0,2,0
0,0,edad,Brats18_CBICA_BHM_1,-0.01311822866505268,434.0,372.0,1,1
0,0,edad,Brats18_TCIA01_390_1,-0.04108393216898494,265.0,376.0,0,1
0,0,edad,Brats18_TCIA01_425_1,0.09226450648050946,600.0,355.0,2,0
0,0,edad,Brats18_TCIA01_460_1,0.7662108097568258,286.0,208.0,0,0
0,0,edad,Brats18_TCIA01_499_1,0.20314987843202323,616.0,332.0,2,0
0,0,edad,Brats18_TCIA02_179_1,0.26478303081447585,82.0,322.0,0,0
0,0,edad,Brats18_TCIA02_314_1,0.379252357001445,510.0,291.0,2,0
0,0,edad,Brats18_TCIA02_377_1,-0.04446877783580388,1767.0,376.0,2,1
0,0,edad,Brats18_TCIA03_199_1,0.22590255759347488,50.0,331.0,0,0
0,0,edad,Brats18_TCIA03_375_1,0.023626352637848586,453.0,370.0,2,1
0,0,edad,Brats18_TCIA04_192_1,-0.26529828123255034,439.0,424.0,1,2
0,0,edad,Brats18_TCIA04_479_1,0.08878915691885575,345.0,355.0,1,0
0,0,edad,Brats18_TCIA06_372_1,-0.23921505874118051,355.0,421.0,1,2
0,0,edad,Brats18_TCIA08_280_1,0.07137620755265323,82.0,357.0,0,0
0,0,edad,Brats18_TCIA08_319_1,-0.06434343314151103,55.0,382.0,0,1
0,0,coxnet,Brats18_2013_27_1,-0.12154150292338635,82.0,387.0,0,2
0,0,coxnet,Brats18_CBICA_AAL_1,0.12678228332467,170.0,346.0,0,0
0,0,coxnet,Brats18_CBICA_AAP_1,0.40251056059827933,232.0,289.0,0,0
0,0,coxnet,Brats18_CBICA_ABM_1,-0.15578806634501516,448.0,394.0,1,2
0,0,coxnet,Brats18_CBICA_ABY_1,0.23419195951068708,23.0,331.0,0,0
0,0,coxnet,Brats18_CBICA_ALU_1,-0.0831498744787383,359.0,382.0,1,1
0,0,coxnet,Brats18_CBICA_AMH_1,-0.023689007227126198,387.0,375.0,1,1
0,0,coxnet,Brats18_CBICA_AOZ_1,0.26498128529302867,1561.0,322.0,2,0
0,0,coxnet,Brats18_CBICA_APY_1,0.2852178909512637,71.0,322.0,0,0
0,0,coxnet,Brats18_CBICA_ASH_1,0.26671895447298444,139.0,322.0,0,0
0,0,coxnet,Brats18_CBICA_ASO_1,0.16213299070439557,495.0,336.0,2,0
0,0,coxnet,Brats18_CBICA_ASU_1,-0.3616475620079019,362.0,448.0,1,2
0,0,coxnet,Brats18_CBICA_ATD_1,-0.14250213740660306,329.0,394.0,1,2
0,0,coxnet,Brats18_CBICA_AVG_1,-0.03717404409240816,85.0,375.0,0,1
0,0,coxnet,Brats18_CBICA_AVJ_1,0.29072051002112376,635.0,318.0,2,0
0,0,coxnet,Brats18_CBICA_AWG_1,0.10450029623586209,486.0,350.0,2,0
0,0,coxnet,Brats18_CBICA_AYW_1,0.20691417352950608,616.0,332.0,2,0
0,0,coxnet,Brats18_CBICA_BHM_1,-0.013118186382395237,434.0,372.0,1,1
0,0,coxnet,Brats18_TCIA01_390_1,-0.04108379974730869,265.0,376.0,0,1
0,0,coxnet,Brats18_TCIA01_425_1,0.09226420909367339,600.0,355.0,2,0
0,0,coxnet,Brats18_TCIA01_460_1,0.76620834010715,286.0,208.0,0,0
0,0,coxnet,Brats18_TCIA01_499_1,0.2031492236396019,616.0,332.0,2,0
0,0,coxnet,Brats18_TCIA02_179_1,0.2647821773661587,82.0,322.0,0,0
0,0,coxnet,Brats18_TCIA02_314_1,0.37925113459574605,510.0,291.0,2,0
0,0,coxnet,Brats18_TCIA02_377_1,-0.04446863450409753,1767.0,376.0,2,1
0,0,coxnet,Brats18_TCIA03_199_1,0.22590182946464796,50.0,331.0,0,0
0,0,coxnet,Brats18_TCIA03_375_1,0.023626276485419827,453.0,370.0,2,1
0,0,coxnet,Brats18_TCIA04_192_1,-0.2652974261234786,439.0,424.0,1,2
0,0,coxnet,Brats18_TCIA04_479_1,0.08878887073376182,345.0,355.0,1,0
0,0,coxnet,Brats18_TCIA06_372_1,-0.23921428770351733,355.0,421.0,1,2
0,0,coxnet,Brats18_TCIA08_280_1,0.07137597749295482,82.0,357.0,0,0
0,0,coxnet,Brats18_TCIA08_319_1,-0.06434322574984179,55.0,382.0,0,1
0,0,genetico,Brats18_2013_27_1,-0.6087017465680442,82.0,488.0,0,2
0,0,genetico,Brats18_CBICA_AAL_1,-0.33701307600966196,170.0,430.0,0,2
0,0,genetico,Brats18_CBICA_AAP_1,0.16190284208196237,232.0,336.0,0,0
0,0,genetico,Brats18_CBICA_ABM_1,-0.32686680586621686,448.0,430.0,1,2
0,0,genetico,Brats18_CBICA_ABY_1,1.104683225641156,23.0,172.0,0,0
0,0,genetico,Brats18_CBICA_ALU_1,-0.12338272579483245,359.0,387.0,1,1
0,0,genetico,Brats18_CBICA_AMH_1,0.07029152471423133,387.0,357.0,1,0
0,0,genetico,Brats18_CBICA_AOZ_1,-0.10250409516244544,1561.0,385.0,2,1
0,0,genetico,Brats18_CBICA_APY_1,0.8585732360448395,71.0,203.0,0,0
0,0,genetico,Brats18_CBICA_ASH_1,0.5799684887314847,139.0,254.0,0,0
0,0,genetico,Brats18_CBICA_ASO_1,0.43904989900351327,495.0,289.0,2,0
0,0,genetico,Brats18_CBICA_ASU_1,-0.5487554360020706,362.0,473.0,1,2
0,0,genetico,Brats18_CBICA_ATD_1,-0.4933287764398539,329.0,466.0,1,2
0,0,genetico,Brats18_CBICA_AVG_1,-1.0677524524028896,85.0,660.0,0,2
0,0,genetico,Brats18_CBICA_AVJ_1,0.08269063929966763,635.0,355.0,2,0
0,0,genetico,Brats18_CBICA_AWG_1,-0.091144027950856,486.0,385.0,2,1
0,0,genetico,Brats18_CBICA_AYW_1,-0.01759949951943632,616.0,375.0,2,1
0,0,genetico,Brats18_CBICA_BHM_1,0.485991915316028,434.0,269.0,1,0
0,0,genetico,Brats18_TCIA01_390_1,-0.21810691614478336,265.0,405.0,0,2
0,0,genetico,Brats18_TCIA01_425_1,1.5475847301189385,600.0,120.0,2,0
0,0,genetico,Brats18_TCIA01_460_1,1.9550030970867232,286.0,103.0,0,0
0,0,genetico,Brats18_TCIA01_499_1,-0.450938318541196,616.0,464.0,2,2
0,0,genetico,Brats18_TCIA02_179_1,-0.1468464264359433,82.0,394.0,0,1
0,0,genetico,Brats18_TCIA02_314_1,-0.019721868912790763,510.0,375.0,2,1
0,0,genetico,Brats18_TCIA02_377_1,-0.016665323318290126,1767.0,372.0,2,1
0,0,genetico,Brats18_TCIA03_199_1,0.5666434627927898,50.0,254.0,0,0
0,0,genetico,Brats18_TCIA03_375_1,0.601685085183199,453.0,244.0,2,0
0,0,genetico,Brats18_TCIA04_192_1,-0.6186849183379005,439.0,488.0,1,2
0,0,genetico,Brats18_TCIA04_479_1,-0.1742115387347487,345.0,394.0,1,1
0,0,genetico,Brats18_TCIA06_372_1,0.39656174488054896,355.0,291.0,1,0
0,0,genetico,Brats18_TCIA08_280_1,-1.0023451924851077,82.0,630.0,0,2
0,0,genetico,Brats18_TCIA08_319_1,0.10861536066890433,55.0,350.0,0,0
0,1,edad,Brats18_CBICA_ABO_1,0.043967499989855746,199.0,359.0,0,0
0,1,edad,Brats18_CBICA_AOD_1,-0.03425110929138795,370.0,372.0,1,1
0,1,edad,Brats18_CBICA_AQA_1,-0.33092553651717155,394.0,439.0,1,2
0,1,edad,Brats18_CBICA_AQT_1,-0.32361485919607486,67.0,439.0,0,2
0,1,edad,Brats18_CBICA_AQY_1,0.019554724051283924,476.0,362.0,2,1
0,1,edad,Brats18_CBICA_ASG_1,0.01970507217099804,84.0,362.0,0,1
0,1,edad,Brats18_CBICA_ASK_1,-0.34915524603250214,473.0,448.0,2,2
0,1,edad,Brats18_CBICA_ASV_1,0.0753150829502388,828.0,355.0,2,0
0,1,edad,Brats18_CBICA_ASY_1,-0.1456778595144762,210.0,394.0,0,2
0,1,edad,Brats18_CBICA_ATP_1,0.13474017726722393,5.0,350.0,0,0
0,1,edad,Brats18_CBICA_AUR_1,-0.21600319251073105,254.0,425.0,0,2
0,1,edad,Brats18_CBICA_AVV_1,-0.25436075655278273,346.0,430.0,1,2
0,1,edad,Brats18_CBICA_AWH_1,0.11265779718422018,405.0,355.0,1,0
0,1,edad,Brats18_CBICA_AXM_1,-0.15364630985932165,152.0,407.0,0,2
0,1,edad,Brats18_CBICA_AXO_1,0.046185134755638145,382.0,357.0,1,0
0,1,edad,Brats18_CBICA_AXW_1,-0.3843742930755224,332.0,453.0,1,2
0,1,edad,Brats18_TCIA01_150_1,0.14364830336028236,103.0,345.0,0,0
0,1,edad,Brats18_TCIA01_235_1,0.014762377735398109,375.0,362.0,1,1
0,1,edad,Brats18_TCIA01_378_1,-0.2891663462665891,104.0,436.0,0,2
0,1,edad,Brats18_TCIA01_412_1,-0.1879444746690933,467.0,421.0,2,2
0,1,edad,Brats18_TCIA02_198_1,0.08418562201336866,322.0,355.0,1,0
0,1,edad,Brats18_TCIA02_321_1,-0.4219613230040392,401.0,465.0,1,2
0,1,edad,Brats18_TCIA02_491_1,-0.42010076502257754,111.0,465.0,0,2
0,1,edad,Brats18_TCIA03_133_1,-0.09403328039269396,508.0,387.0,2,2
0,1,edad,Brats18_TCIA03_338_1,-0.33201556038509833,1278.0,439.0,2,2
0,1,edad,Brats18_TCIA03_419_1,-0.222392987598579,448.0,425.0,1,2
0,1,edad,Brats18_TCIA04_111_1,-0.31017749599663025,86.0,438.0,0,2
0,1,edad,Brats18_TCIA04_361_1,-0.3235208916212536,89.0,439.0,0,2
0,1,edad,Brats18_TCIA06_165_1,0.13160166026819275,331.0,350.0,1,0
0,1,edad,Brats18_TCIA06_247_1,-0.3371649834853052,871.0,439.0,2,2
0,1,edad,Brats18_TCIA08_242_1,-0.14509526055058408,495.0,394.0,2,2
0,1,edad,Brats18_TCIA08_406_1,-0.37561651510217803,448.0,453.0,1,2
0,1,coxnet,Brats18_CBICA_ABO_1,-3.6164770027674322,199.0,488.0,0,2
0,1,coxnet,Brats18_CBICA_AOD_1,1.4475156825828874,370.0,318.0,1,1
0,1,coxnet,Brats18_CBICA_AQA_1,-8.395824905887263,394.0,630.0,1,2
0,1,coxnet,Brats18_CBICA_AQT_1,-4.127158302708136,67.0,510.0,0,2
0,1,coxnet,Brats18_CBICA_AQY_1,-6.119116548634234,476.0,616.0,2,2
0,1,coxnet,Brats18_CBICA_ASG_1,5.8401490983798166,84.0,153.0,0,0
0,1,coxnet,Brats18_CBICA_ASK_1,4.420093482006221,473.0,203.0,2,0
0,1,coxnet,Brats18_CBICA_ASV_1,6.573723189236186,828.0,121.0,2,0
0,1,coxnet,Brats18_CBICA_ASY_1,-7.404177432781311,210.0,630.0,0,2
0,1,coxnet,Brats18_CBICA_ATP_1,0.1590746137748346,5.0,357.0,0,1
0,1,coxnet,Brats18_CBICA_AUR_1,3.8718224598845032,254.0,209.0,0,0
0,1,coxnet,Brats18_CBICA_AVV_1,-9.41075749549873,346.0,630.0,1,2
0,1,coxnet,Brats18_CBICA_AWH_1,6.492384483320508,405.0,127.0,1,0
0,1,coxnet,Brats18_CBICA_AXM_1,-11.058073773856911,152.0,630.0,0,2
0,1,coxnet,Brats18_CBICA_AXO_1,-0.8092720024007428,382.0,387.0,1,1
0,1,coxnet,Brats18_CBICA_AXW_1,0.25052562871193584,332.0,355.0,1,1
0,1,coxnet,Brats18_TCIA01_150_1,21.291091453971905,103.0,12.0,0,0
0,1,coxnet,Brats18_TCIA01_235_1,8.697728715251092,375.0,82.0,1,0
0,1,coxnet,Brats18_TCIA01_378_1,6.7258276725354476,104.0,121.0,0,0
0,1,coxnet,Brats18_TCIA01_412_1,4.61430854220138,467.0,187.0,2,0
0,1,coxnet,Brats18_TCIA02_198_1,-8.24630477261769,322.0,630.0,1,2
0,1,coxnet,Brats18_TCIA02_321_1,4.9997511240735015,401.0,175.0,1,0
0,1,coxnet,Brats18_TCIA02_491_1,-2.959682717599712,111.0,465.0,0,2
0,1,coxnet,Brats18_TCIA03_133_1,-19.09817019570929,508.0,630.0,2,2
0,1,coxnet,Brats18_TCIA03_338_1,-3.817008228429068,1278.0,495.0,2,2
0,1,coxnet,Brats18_TCIA03_419_1,-8.66160625832974,448.0,630.0,1,2
0,1,coxnet,Brats18_TCIA04_111_1,1.3622876445775391,86.0,327.0,0,1
0,1,coxnet,Brats18_TCIA04_361_1,2.3800813918488517,89.0,286.0,0,0
0,1,coxnet,Brats18_TCIA06_165_1,18.236123421317114,331.0,12.0,1,0
0,1,coxnet,Brats18_TCIA06_247_1,5.966162252392446,871.0,150.0,2,0
0,1,coxnet,Brats18_TCIA08_242_1,1.4870470298730651,495.0,318.0,2,1
0,1,coxnet,Brats18_TCIA08_406_1,7.183705188899263,448.0,114.0,1,0
0,1,genetico,Brats18_CBICA_ABO_1,-0.6002890267997448,199.0,503.0,0,2
0,1,genetico,Brats18_CBICA_AOD_1,-0.4671922125944167,370.0,465.0,1,2
0,1,genetico,Brats18_CBICA_AQA_1,-0.6980712596951727,394.0,522.0,1,2
0,1,genetico,Brats18_CBICA_AQT_1,1.196679164328735,67.0,168.0,0,0
0,1,genetico,Brats18_CBICA_AQY_1,-0.24958454767955848,476.0,425.0,2,2
0,1,genetico,Brats18_CBICA_ASG_1,0.2528250143988464,84.0,329.0,0,0
0,1,genetico,Brats18_CBICA_ASK_1,-0.29631170797691764,473.0,434.0,2,2
0,1,genetico,Brats18_CBICA_ASV_1,0.24755785529746732,828.0,329.0,2,0
0,1,genetico,Brats18_CBICA_ASY_1,0.022222297099715016,210.0,362.0,0,1
0,1,genetico,Brats18_CBICA_ATP_1,-0.08938519948881812,5.0,385.0,0,1
0,1,genetico,Brats18_CBICA_AUR_1,-0.44629482445225294,254.0,464.0,0,2
0,1,genetico,Brats18_CBICA_AVV_1,-0.08790982364947922,346.0,385.0,1,1
0,1,genetico,Brats18_CBICA_AWH_1,0.2983067173325894,405.0,327.0,1,0
0,1,genetico,Brats18_CBICA_AXM_1,-0.0944423678951484,152.0,385.0,0,1
0,1,genetico,Brats18_CBICA_AXO_1,0.1748259946896546,382.0,345.0,1,0
0,1,genetico,Brats18_CBICA_AXW_1,0.19353733451467517,332.0,336.0,1,0
0,1,genetico,Brats18_TCIA01_150_1,3.0025663130770406,103.0,32.0,0,0
0,1,genetico,Brats18_TCIA01_235_1,-0.025776364355208164,375.0,372.0,1,1
0,1,genetico,Brats18_TCIA01_378_1,-0.06295064654611648,104.0,376.0,0,1
0,1,genetico,Brats18_TCIA01_412_1,0.6370554357157384,467.0,244.0,2,0
0,1,genetico,Brats18_TCIA02_198_1,-1.134149998339163,322.0,660.0,1,2
0,1,genetico,Brats18_TCIA02_321_1,-0.5154226697577526,401.0,468.0,1,2
0,1,genetico,Brats18_TCIA02_491_1,-0.1529660429711811,111.0,394.0,0,1
0,1,genetico,Brats18_TCIA03_133_1,-0.2574436342924917,508.0,425.0,2,2
0,1,genetico,Brats18_TCIA03_338_1,-0.5600481052538065,1278.0,488.0,2,2
0,1,genetico,Brats18_TCIA03_419_1,-0.7294847807870022,448.0,558.0,1,2
0,1,genetico,Brats18_TCIA04_111_1,-0.06430078442331075,86.0,376.0,0,1
0,1,genetico,Brats18_TCIA04_361_1,-0.0655070336280667,89.0,376.0,0,1
0,1,genetico,Brats18_TCIA06_165_1,-0.05272865646331548,331.0,376.0,1,1
0,1,genetico,Brats18_TCIA06_247_1,-0.39460641864434676,871.0,448.0,2,2
0,1,genetico,Brats18_TCIA08_242_1,0.45158880597866913,495.0,287.0,2,0
0,1,genetico,Brats18_TCIA08_406_1,-0.3089520879141646,448.0,434.0,1,2
0,2,edad,Brats18_CBICA_AAB_1,0.0028026358441037313,191.0,385.0,0,1
0,2,edad,Brats18_CBICA_AAG_1,0.11658166737028806,1489.0,368.0,2,0
0,2,edad,Brats18_CBICA_AME_1,0.12392180245289186,333.0,362.0,1,0
0,2,edad,Brats18_CBICA_ANI_1,0.03339809493132766,106.0,375.0,0,1
0,2,edad,Brats18_CBICA_ANP_1,-0.013043175619664806,327.0,387.0,1,1
0,2,edad,Brats18_CBICA_AOP_1,-0.09945973761296674,289.0,394.0,0,2
0,2,edad,Brats18_CBICA_APR_1,-0.02829234094250346,1731.0,387.0,2,1
0,2,edad,Brats18_CBICA_AQG_1,0.09796075757661256,229.0,370.0,0,0
0,2,edad,Brats18_CBICA_AQJ_1,-0.07505274780143527,376.0,394.0,1,1
0,2,edad,Brats18_CBICA_AQV_1,0.10133250204744941,208.0,368.0,0,0
0,2,edad,Brats18_CBICA_AQZ_1,-0.03718653108985516,1458.0,387.0,2,1
0,2,edad,Brats18_CBICA_ARW_1,0.22546265034418664,180.0,350.0,0,0
0,2,edad,Brats18_CBICA_ARZ_1,0.08103265776418017,262.0,370.0,0,0
0,2,edad,Brats18_CBICA_ASA_1,-0.04300036209101024,946.0,387.0,2,1
0,2,edad,Brats18_CBICA_ASW_1,-0.10675824622062195,33.0,401.0,0,2
0,2,edad,Brats18_CBICA_AWI_1,0.19583847567243004,268.0,355.0,0,0
0,2,edad,Brats18_CBICA_AXQ_1,-0.07793885006453845,357.0,394.0,1,1
0,2,edad,Brats18_CBICA_AYI_1,-0.07292979757905657,734.0,394.0,2,1
0,2,edad,Brats18_TCIA01_147_1,-0.010420707697902752,610.0,385.0,2,1
0,2,edad,Brats18_TCIA01_201_1,-0.0008882449346724666,244.0,385.0,0,1
0,2,edad,Brats18_TCIA01_203_1,0.2045106579533892,287.0,355.0,0,0
0,2,edad,Brats18_TCIA01_429_1,0.07879870360860518,336.0,370.0,1,0
0,2,edad,Brats18_TCIA01_448_1,0.22500475911975198,208.0,350.0,0,0
0,2,edad,Brats18_TCIA02_394_1,-0.049702224557735444,30.0,387.0,0,1
0,2,edad,Brats18_TCIA02_455_1,0.08076902342283905,519.0,370.0,2,0
0,2,edad,Brats18_TCIA02_473_1,-0.004953763987986115,430.0,385.0,1,1
0,2,edad,Brats18_TCIA03_296_1,0.003302153543486998,436.0,385.0,1,1
0,2,edad,Brats18_TCIA03_474_1,-0.010309703764706536,121.0,385.0,0,1
0,2,edad,Brats18_TCIA06_184_1,-0.0069657102771686855,187.0,385.0,0,1
0,2,edad,Brats18_TCIA08_105_1,-0.0827258946836279,30.0,394.0,0,1
0,2,edad,Brats18_TCIA08_167_1,-0.19761496554177496,614.0,424.0,2,2
0,2,edad,Brats18_TCIA08_278_1,0.14103028365676817,169.0,362.0,0,0
0,2,edad,Brats18_TCIA08_469_1,-0.044873553463697397,147.0,387.0,0,1
0,2,coxnet,Brats18_CBICA_AAB_1,0.002802640308794879,191.0,385.0,0,1
0,2,coxnet,Brats18_CBICA_AAG_1,0.11658185308872288,1489.0,368.0,2,0
0,2,coxnet,Brats18_CBICA_AME_1,0.12392199986440355,333.0,362.0,1,0
0,2,coxnet,Brats18_CBICA_ANI_1,0.03339814813559256,106.0,375.0,0,1
0,2,coxnet,Brats18_CBICA_ANP_1,-0.013043196397873083,327.0,387.0,1,1
0,2,coxnet,Brats18_CBICA_AOP_1,-0.09945989605560376,289.0,394.0,0,2
0,2,coxnet,Brats18_CBICA_APR_1,-0.02829238601313421,1731.0,387.0,2,1
0,2,coxnet,Brats18_CBICA_AQG_1,0.09796091363132495,229.0,370.0,0,0
0,2,coxnet,Brats18_CBICA_AQJ_1,-0.07505286736293384,376.0,394.0,1,1
0,2,coxnet,Brats18_CBICA_AQV_1,0.10133266347346175,208.0,368.0,0,0
0,2,coxnet,Brats18_CBICA_AQZ_1,-0.03718659032922368,1458.0,387.0,2,1
0,2,coxnet,Brats18_CBICA_ARW_1,0.22546300951361253,180.0,350.0,0,0
0,2,coxnet,Brats18_CBICA_ARZ_1,0.08103278685187215,262.0,370.0,0,0
0,2,coxnet,Brats18_CBICA_ASA_1,-0.04300043059200298,946.0,387.0,2,1
0,2,coxnet,Brats18_CBICA_ASW_1,-0.1067584162900235,33.0,401.0,0,2
0,2,coxnet,Brats18_CBICA_AWI_1,0.19583878764957022,268.0,355.0,0,0
0,2,coxnet,Brats18_CBICA_AXQ_1,-0.07793897422369298,357.0,394.0,1,1
0,2,coxnet,Brats18_CBICA_AYI_1,-0.07292991375862555,734.0,394.0,2,1
0,2,coxnet,Brats18_TCIA01_147_1,-0.010420724298433279,610.0,385.0,2,1
0,2,coxnet,Brats18_TCIA01_201_1,-0.0008882463496759308,244.0,385.0,0,1
0,2,coxnet,Brats18_TCIA01_203_1,0.20451098374560134,287.0,355.0,0,0
0,2,coxnet,Brats18_TCIA01_429_1,0.07879882913753462,336.0,370.0,1,0
0,2,coxnet,Brats18_TCIA01_448_1,0.2250051175597421,208.0,350.0,0,0
0,2,coxnet,Brats18_TCIA02_394_1,-0.04970230373501577,30.0,387.0,0,1
0,2,coxnet,Brats18_TCIA02_455_1,0.08076915209055284,519.0,370.0,2,0
0,2,coxnet,Brats18_TCIA02_473_1,-0.004953771879495299,430.0,385.0,1,1
0,2,coxnet,Brats18_TCIA03_296_1,0.0033021588039262887,436.0,385.0,1,1
0,2,coxnet,Brats18_TCIA03_474_1,-0.010309720188404143,121.0,385.0,0,1
0,2,coxnet,Brats18_TCIA06_184_1,-0.006965721373774556,187.0,385.0,0,1
0,2,coxnet,Brats18_TCIA08_105_1,-0.08272602646870213,30.0,394.0,0,1
0,2,coxnet,Brats18_TCIA08_167_1,-0.19761528034892206,614.0,424.0,2,2
0,2,coxnet,Brats18_TCIA08_278_1,0.14103050832265376,169.0,362.0,0,0
0,2,coxnet,Brats18_TCIA08_469_1,-0.04487362494874567,147.0,387.0,0,1
0,2,genetico,Brats18_CBICA_AAB_1,0.587316737977218,191.0,269.0,0,0
0,2,genetico,Brats18_CBICA_AAG_1,0.6064324894907022,1489.0,265.0,2,0
0,2,genetico,Brats18_CBICA_AME_1,0.47830426502697126,333.0,296.0,1,0
0,2,genetico,Brats18_CBICA_ANI_1,0.37310671926684263,106.0,329.0,0,0
0,2,genetico,Brats18_CBICA_ANP_1,0.1415319646483021,327.0,362.0,1,1
0,2,genetico,Brats18_CBICA_AOP_1,-0.3940231333493085,289.0,453.0,0,2
0,2,genetico,Brats18_CBICA_APR_1,-0.4989340546788569,1731.0,468.0,2,2
0,2,genetico,Brats18_CBICA_AQG_1,0.16512371548316124,229.0,359.0,0,0
0,2,genetico,Brats18_CBICA_AQJ_1,-0.37172319002984533,376.0,448.0,1,2
0,2,genetico,Brats18_CBICA_AQV_1,0.5279615285125384,208.0,291.0,0,0
0,2,genetico,Brats18_CBICA_AQZ_1,-0.21278483024966105,1458.0,424.0,2,2
0,2,genetico,Brats18_CBICA_ARW_1,0.3847941697012778,180.0,329.0,0,0
0,2,genetico,Brats18_CBICA_ARZ_1,-0.49912156934330143,262.0,468.0,0,2
0,2,genetico,Brats18_CBICA_ASA_1,-0.0375414948405935,946.0,387.0,2,1
0,2,genetico,Brats18_CBICA_ASW_1,-0.004438074842376034,33.0,385.0,0,1
0,2,genetico,Brats18_CBICA_AWI_1,0.1690273067111173,268.0,359.0,0,0
0,2,genetico,Brats18_CBICA_AXQ_1,-0.0968419729373084,357.0,394.0,1,1
0,2,genetico,Brats18_CBICA_AYI_1,-0.8149711914257023,734.0,576.0,2,2
0,2,genetico,Brats18_TCIA01_147_1,0.11821479774914478,610.0,368.0,2,1
0,2,genetico,Brats18_TCIA01_201_1,-0.06139158496157007,244.0,394.0,0,1
0,2,genetico,Brats18_TCIA01_203_1,0.1998274747493754,287.0,355.0,0,0
0,2,genetico,Brats18_TCIA01_429_1,-0.14311554500948442,336.0,405.0,1,1
0,2,genetico,Brats18_TCIA01_448_1,0.044555845020867846,208.0,375.0,0,1
0,2,genetico,Brats18_TCIA02_394_1,-0.33105936736589836,30.0,448.0,0,2
0,2,genetico,Brats18_TCIA02_455_1,-0.01690014020010921,519.0,387.0,2,1
0,2,genetico,Brats18_TCIA02_473_1,-0.19043140876745124,430.0,421.0,1,1
0,2,genetico,Brats18_TCIA03_296_1,0.008584848048595554,436.0,385.0,1,1
0,2,genetico,Brats18_TCIA03_474_1,0.11202340114344957,121.0,368.0,0,1
0,2,genetico,Brats18_TCIA06_184_1,-0.5692370063705706,187.0,486.0,0,2
0,2,genetico,Brats18_TCIA08_105_1,-0.13374410494950373,30.0,405.0,0,1
0,2,genetico,Brats18_TCIA08_167_1,-0.4732796453798384,614.0,467.0,2,2
0,2,genetico,Brats18_TCIA08_278_1,-0.27711761265548146,169.0,438.0,0,2
0,2,genetico,Brats18_TCIA08_469_1,0.1857391097251535,147.0,355.0,0,0
0,3,edad,Brats18_CBICA_ABB_1,-0.10365126155832832,465.0,376.0,2,2
0,3,edad,Brats18_CBICA_ALX_1,0.011221925494262552,150.0,359.0,0,1
0,3,edad,Brats18_CBICA_ANZ_1,-0.09785538712067501,318.0,376.0,1,2
0,3,edad,Brats18_CBICA_AOH_1,0.04740697941582867,466.0,357.0,2,0
0,3,edad,Brats18_CBICA_AOO_1,0.2139600468708295,127.0,332.0,0,0
0,3,edad,Brats18_CBICA_AQN_1,-0.03445322013039834,368.0,370.0,1,1
0,3,edad,Brats18_CBICA_AQP_1,0.18406691069464393,579.0,333.0,2,0
0,3,edad,Brats18_CBICA_AQU_1,-0.16090510228704022,350.0,394.0,1,2
0,3,edad,Brats18_CBICA_ARF_1,-0.19266492775283034,209.0,401.0,0,2
0,3,edad,Brats18_CBICA_ASE_1,0.17934144549998052,385.0,333.0,1,0
0,3,edad,Brats18_CBICA_ASN_1,0.27497337372126246,99.0,327.0,0,0
0,3,edad,Brats18_CBICA_ATV_1,-0.02096867442297487,168.0,370.0,0,1
0,3,edad,Brats18_CBICA_ATX_1,0.31027077119742225,269.0,322.0,0,0
0,3,edad,Brats18_CBICA_AUQ_1,-0.0034374596261988253,698.0,362.0,2,1
0,3,edad,Brats18_CBICA_AXJ_1,0.42740226067729703,291.0,268.0,0,0
0,3,edad,Brats18_CBICA_AXN_1,-0.3290768373777821,812.0,436.0,2,2
0,3,edad,Brats18_CBICA_AYA_1,-0.18645133263498564,175.0,394.0,0,2
0,3,edad,Brats18_CBICA_AZH_1,0.073592844555317,114.0,355.0,0,0
0,3,edad,Brats18_CBICA_BHB_1,0.06471628010125317,32.0,355.0,0,0
0,3,edad,Brats18_TCIA01_186_1,0.3480744927547294,421.0,289.0,1,0
0,3,edad,Brats18_TCIA01_190_1,-0.012705637217941967,110.0,362.0,0,1
0,3,edad,Brats18_TCIA01_335_1,0.07934955767920256,804.0,355.0,2,0
0,3,edad,Brats18_TCIA02_135_1,-0.11502109632228374,58.0,382.0,0,2
0,3,edad,Brats18_TCIA02_226_1,-0.1700296883949676,387.0,394.0,1,2
0,3,edad,Brats18_TCIA02_283_1,-0.18645133263498564,172.0,394.0,0,2
0,3,edad,Brats18_TCIA02_300_1,-0.049934992839986155,503.0,372.0,2,1
0,3,edad,Brats18_TCIA02_322_1,0.041650266291943114,468.0,357.0,2,0
0,3,edad,Brats18_TCIA02_368_1,-0.026229344239133277,515.0,370.0,2,1
0,3,edad,Brats18_TCIA03_138_1,-0.147786062174784,1283.0,387.0,2,2
0,3,edad,Brats18_TCIA04_343_1,0.10278107708367984,425.0,346.0,1,0
0,3,edad,Brats18_TCIA05_478_1,0.016939477304380085,296.0,359.0,0,1
0,3,edad,Brats18_TCIA06_409_1,-0.11374182673919808,660.0,382.0,2,2
0,3,edad,Brats18_TCIA08_218_1,0.041872180403294754,630.0,357.0,2,0
0,3,coxnet,Brats18_CBICA_ABB_1,-14.750262322345339,465.0,626.0,2,2
0,3,coxnet,Brats18_CBICA_ALX_1,-3.055709743109209,150.0,453.0,0,2
0,3,coxnet,Brats18_CBICA_ANZ_1,0.07676790893004844,318.0,355.0,1,1
0,3,coxnet,Brats18_CBICA_AOH_1,-13.084079375338344,466.0,626.0,2,2
0,3,coxnet,Brats18_CBICA_AOO_1,3.7054847064179786,127.0,208.0,0,0
0,3,coxnet,Brats18_CBICA_AQN_1,1.3238908625444792,368.0,327.0,1,1
0,3,coxnet,Brats18_CBICA_AQP_1,-3.9693686385929836,579.0,486.0,2,2
0,3,coxnet,Brats18_CBICA_AQU_1,-3.3870932041567294,350.0,467.0,1,2
0,3,coxnet,Brats18_CBICA_ARF_1,-4.805254994229091,209.0,510.0,0,2
0,3,coxnet,Brats18_CBICA_ASE_1,-8.892297927325657,385.0,626.0,1,2
0,3,coxnet,Brats18_CBICA_ASN_1,3.0623961728973876,99.0,232.0,0,0
0,3,coxnet,Brats18_CBICA_ATV_1,0.5796891258358007,168.0,336.0,0,1
0,3,coxnet,Brats18_CBICA_ATX_1,15.26084679665838,269.0,5.0,0,0
0,3,coxnet,Brats18_CBICA_AUQ_1,-2.2423448910999273,698.0,436.0,2,1
0,3,coxnet,Brats18_CBICA_AXJ_1,14.581562117823314,291.0,12.0,0,0
0,3,coxnet,Brats18_CBICA_AXN_1,-9.566771990092967,812.0,626.0,2,2
0,3,coxnet,Brats18_CBICA_AYA_1,-10.278235969173412,175.0,626.0,0,2
0,3,coxnet,Brats18_CBICA_AZH_1,4.690993327982778,114.0,170.0,0,0
0,3,coxnet,Brats18_CBICA_BHB_1,4.300571085303671,32.0,191.0,0,0
0,3,coxnet,Brats18_TCIA01_186_1,13.254298113987128,421.0,22.0,1,0
0,3,coxnet,Brats18_TCIA01_190_1,-20.924140251740784,110.0,626.0,0,2
0,3,coxnet,Brats18_TCIA01_335_1,-6.2096621474910245,804.0,614.0,2,2
0,3,coxnet,Brats18_TCIA02_135_1,-3.3574685774026385,58.0,467.0,0,2
0,3,coxnet,Brats18_TCIA02_226_1,-23.819285967312446,387.0,626.0,1,2
0,3,coxnet,Brats18_TCIA02_283_1,11.200188336213794,172.0,30.0,0,0
0,3,coxnet,Brats18_TCIA02_300_1,-18.173177110789617,503.0,626.0,2,2
0,3,coxnet,Brats18_TCIA02_322_1,6.329769142191565,468.0,106.0,2,0
0,3,coxnet,Brats18_TCIA02_368_1,0.555121567181373,515.0,336.0,2,1
0,3,coxnet,Brats18_TCIA03_138_1,-9.049590981227764,1283.0,626.0,2,2
0,3,coxnet,Brats18_TCIA04_343_1,-2.830821076211864,425.0,448.0,1,2
0,3,coxnet,Brats18_TCIA05_478_1,-8.82393961511187,296.0,626.0,0,2
0,3,coxnet,Brats18_TCIA06_409_1,-1.9803382341235505,660.0,430.0,2,1
0,3,coxnet,Brats18_TCIA08_218_1,-1.037321161195106,630.0,387.0,2,1
0,3,genetico,Brats18_CBICA_ABB_1,-0.5994330894809783,465.0,486.0,2,2
0,3,genetico,Brats18_CBICA_ALX_1,-0.46029327464489833,150.0,448.0,0,2
0,3,genetico,Brats18_CBICA_ANZ_1,0.8173736739409272,318.0,208.0,1,0
0,3,genetico,Brats18_CBICA_AOH_1,0.060901280653366335,466.0,359.0,2,1
0,3,genetico,Brats18_CBICA_AOO_1,-0.028905400438928922,127.0,375.0,0,1
0,3,genetico,Brats18_CBICA_AQN_1,0.25406325421679976,368.0,332.0,1,0
0,3,genetico,Brats18_CBICA_AQP_1,0.6330140479546918,579.0,244.0,2,0
0,3,genetico,Brats18_CBICA_AQU_1,-0.3783797595718329,350.0,439.0,1,2
0,3,genetico,Brats18_CBICA_ARF_1,-0.6787647971729132,209.0,495.0,0,2
0,3,genetico,Brats18_CBICA_ASE_1,0.21666540847108007,385.0,336.0,1,0
0,3,genetico,Brats18_CBICA_ASN_1,-0.059387535934384034,99.0,376.0,0,1
0,3,genetico,Brats18_CBICA_ATV_1,1.1880742755135258,168.0,153.0,0,0
0,3,genetico,Brats18_CBICA_ATX_1,1.0844605191839787,269.0,170.0,0,0
0,3,genetico,Brats18_CBICA_AUQ_1,0.19893172991072122,698.0,336.0,2,0
0,3,genetico,Brats18_CBICA_AXJ_1,0.4316427965003503,291.0,289.0,0,0
0,3,genetico,Brats18_CBICA_AXN_1,-0.675792720410842,812.0,495.0,2,2
0,3,genetico,Brats18_CBICA_AYA_1,-0.4001665137423104,175.0,448.0,0,2
0,3,genetico,Brats18_CBICA_AZH_1,0.22249660622672696,114.0,336.0,0,0
0,3,genetico,Brats18_CBICA_BHB_1,-1.1766444912876048,32.0,635.0,0,2
0,3,genetico,Brats18_TCIA01_186_1,0.4597667540701192,421.0,287.0,1,0
0,3,genetico,Brats18_TCIA01_190_1,-0.2278238818412022,110.0,407.0,0,2
0,3,genetico,Brats18_TCIA01_335_1,0.2804990529881656,804.0,331.0,2,0
0,3,genetico,Brats18_TCIA02_135_1,-0.09014772488478545,58.0,382.0,0,1
0,3,genetico,Brats18_TCIA02_226_1,-1.969299332562967,387.0,1561.0,1,2
0,3,genetico,Brats18_TCIA02_283_1,-0.1989185205673806,172.0,401.0,0,2
0,3,genetico,Brats18_TCIA02_300_1,-0.3621815005225928,503.0,438.0,2,2
0,3,genetico,Brats18_TCIA02_322_1,-0.08558017940557,468.0,382.0,2,1
0,3,genetico,Brats18_TCIA02_368_1,0.07074631466558184,515.0,359.0,2,1
0,3,genetico,Brats18_TCIA03_138_1,0.09178182031711998,1283.0,357.0,2,1
0,3,genetico,Brats18_TCIA04_343_1,0.29200384325604983,425.0,331.0,1,0
0,3,genetico,Brats18_TCIA05_478_1,1.5515591937720454,296.0,104.0,0,0
0,3,genetico,Brats18_TCIA06_409_1,0.23465272534705695,660.0,333.0,2,0
0,3,genetico,Brats18_TCIA08_218_1,0.04150023264486907,630.0,362.0,2,1
0,4,edad,Brats18_2013_11_1,0.24023686345060616,407.0,289.0,1,0
0,4,edad,Brats18_CBICA_ABE_1,-0.05174186886356587,355.0,350.0,1,2
0,4,edad,Brats18_CBICA_ABN_1,-0.06064581431302445,1282.0,350.0,2,2
0,4,edad,Brats18_CBICA_ALN_1,-0.004233673298896059,394.0,345.0,1,1
0,4,edad,Brats18_CBICA_ANG_1,0.03558440199406698,317.0,333.0,1,0
0,4,edad,Brats18_CBICA_APZ_1,0.002519189557078169,77.0,345.0,0,1
0,4,edad,Brats18_CBICA_AQD_1,-0.09714507646175445,626.0,357.0,2,2
0,4,edad,Brats18_CBICA_AQO_1,-0.05738077823362851,424.0,350.0,1,2
0,4,edad,Brats18_CBICA_AQQ_1,-0.07375973569544549,822.0,355.0,2,2
0,4,edad,Brats18_CBICA_AQR_1,-0.08434613503052228,747.0,357.0,2,2
0,4,edad,Brats18_CBICA_ATB_1,-0.08247162019905732,1592.0,355.0,2,2
0,4,edad,Brats18_CBICA_ATF_1,-0.0640337693977624,1337.0,355.0,2,2
0,4,edad,Brats18_CBICA_AUN_1,-0.06232826819864268,372.0,355.0,1,2
0,4,edad,Brats18_CBICA_AXL_1,-0.10939088236894774,522.0,359.0,2,2
0,4,edad,Brats18_CBICA_AYU_1,-0.0260441143092611,488.0,346.0,2,1
0,4,edad,Brats18_CBICA_AZD_1,0.10857524385369301,203.0,329.0,0,0
0,4,edad,Brats18_TCIA01_231_1,-0.026228492817274057,239.0,346.0,0,1
0,4,edad,Brats18_TCIA01_401_1,-0.14136518863352665,120.0,362.0,0,2
0,4,edad,Brats18_TCIA01_411_1,0.1343421403485026,438.0,327.0,1,0
0,4,edad,Brats18_TCIA02_118_1,0.1004088124362862,621.0,329.0,2,0
0,4,edad,Brats18_TCIA02_151_1,0.09539986296860109,558.0,331.0,2,0
0,4,edad,Brats18_TCIA02_274_1,0.0416688927584943,213.0,333.0,0,0
0,4,edad,Brats18_TCIA02_290_1,0.13274419327905704,12.0,327.0,0,0
0,4,edad,Brats18_TCIA02_331_1,-0.18785930240412516,737.0,370.0,2,2
0,4,edad,Brats18_TCIA02_430_1,0.05012725681358832,597.0,333.0,2,0
0,4,edad,Brats18_TCIA02_471_1,-0.12463283903135158,726.0,359.0,2,2
0,4,edad,Brats18_TCIA03_121_1,0.23034188352057788,22.0,291.0,0,0
0,4,edad,Brats18_TCIA03_257_1,-0.06864323209808608,788.0,355.0,2,2
0,4,edad,Brats18_TCIA03_265_1,0.006199077279503263,153.0,336.0,0,1
0,4,edad,Brats18_TCIA03_498_1,0.00851917350533292,464.0,336.0,2,0
0,4,edad,Brats18_TCIA04_149_1,0.1808362541191012,576.0,318.0,2,0
0,4,edad,Brats18_TCIA04_437_1,0.10323594955915139,634.0,329.0,2,0
0,4,edad,Brats18_TCIA05_277_1,-0.07664064988314781,1155.0,355.0,2,2
0,4,coxnet,Brats18_2013_11_1,23.33401249571799,407.0,5.0,1,0
0,4,coxnet,Brats18_CBICA_ABE_1,1.2423318851532796,355.0,286.0,1,0
0,4,coxnet,Brats18_CBICA_ABN_1,-10.59265153702565,1282.0,630.0,2,2
0,4,coxnet,Brats18_CBICA_ALN_1,-2.228937199454906,394.0,401.0,1,1
0,4,coxnet,Brats18_CBICA_ANG_1,-15.423649333262231,317.0,630.0,1,2
0,4,coxnet,Brats18_CBICA_APZ_1,-0.16062575286650127,77.0,336.0,0,1
0,4,coxnet,Brats18_CBICA_AQD_1,0.811764661391547,626.0,296.0,2,1
0,4,coxnet,Brats18_CBICA_AQO_1,10.89898260623346,424.0,30.0,1,0
0,4,coxnet,Brats18_CBICA_AQQ_1,8.612534081627869,822.0,58.0,2,0
0,4,coxnet,Brats18_CBICA_AQR_1,-7.95957574267261,747.0,630.0,2,2
0,4,coxnet,Brats18_CBICA_ATB_1,-16.23305463097775,1592.0,630.0,2,2
0,4,coxnet,Brats18_CBICA_ATF_1,8.53982665706844,1337.0,58.0,2,0
0,4,coxnet,Brats18_CBICA_AUN_1,5.63728703031141,372.0,106.0,1,0
0,4,coxnet,Brats18_CBICA_AXL_1,3.5363877305867857,522.0,172.0,2,0
0,4,coxnet,Brats18_CBICA_AYU_1,-2.9533066252091382,488.0,436.0,2,1
0,4,coxnet,Brats18_CBICA_AZD_1,5.008797436780244,203.0,114.0,0,0
0,4,coxnet,Brats18_TCIA01_231_1,-7.115224288506415,239.0,630.0,0,2
0,4,coxnet,Brats18_TCIA01_401_1,3.680325235087146,120.0,170.0,0,0
0,4,coxnet,Brats18_TCIA01_411_1,2.185702852185506,438.0,232.0,1,0
0,4,coxnet,Brats18_TCIA02_118_1,-1.1903381585931196,621.0,368.0,2,1
0,4,coxnet,Brats18_TCIA02_151_1,-12.421799185045883,558.0,630.0,2,2
0,4,coxnet,Brats18_TCIA02_274_1,-3.9327208782178267,213.0,466.0,0,2
0,4,coxnet,Brats18_TCIA02_290_1,3.0111885471543403,12.0,191.0,0,0
0,4,coxnet,Brats18_TCIA02_331_1,-2.361524386806112,737.0,405.0,2,1
0,4,coxnet,Brats18_TCIA02_430_1,-12.760923707074694,597.0,630.0,2,2
0,4,coxnet,Brats18_TCIA02_471_1,-3.9621676956034384,726.0,466.0,2,2
0,4,coxnet,Brats18_TCIA03_121_1,-6.188762548194913,22.0,600.0,0,2
0,4,coxnet,Brats18_TCIA03_257_1,4.46877960611244,788.0,147.0,2,0
0,4,coxnet,Brats18_TCIA03_265_1,0.17270232236320598,153.0,331.0,0,1
0,4,coxnet,Brats18_TCIA03_498_1,8.48483402831917,464.0,58.0,2,0
0,4,coxnet,Brats18_TCIA04_149_1,-8.162859786170689,576.0,630.0,2,2
0,4,coxnet,Brats18_TCIA04_437_1,-8.5816990939395,634.0,630.0,2,2
0,4,coxnet,Brats18_TCIA05_277_1,-13.561532765544479,1155.0,630.0,2,2
0,4,genetico,Brats18_2013_11_1,1.7922903421995013,407.0,84.0,1,0
0,4,genetico,Brats18_CBICA_ABE_1,-0.11292673724245648,355.0,357.0,1,1
0,4,genetico,Brats18_CBICA_ABN_1,1.849551733382294,1282.0,84.0,2,0
0,4,genetico,Brats18_CBICA_ALN_1,-0.3004474184758174,394.0,387.0,1,2
0,4,genetico,Brats18_CBICA_ANG_1,0.39290729619046316,317.0,265.0,1,0
0,4,genetico,Brats18_CBICA_APZ_1,0.16553109912429728,77.0,318.0,0,0
0,4,genetico,Brats18_CBICA_AQD_1,-0.12981058523199063,626.0,359.0,2,1
0,4,genetico,Brats18_CBICA_AQO_1,0.05413714078214109,424.0,332.0,1,0
0,4,genetico,Brats18_CBICA_AQQ_1,-0.636937805596733,822.0,465.0,2,2
0,4,genetico,Brats18_CBICA_AQR_1,-0.5591370837072518,747.0,448.0,2,2
0,4,genetico,Brats18_CBICA_ATB_1,-0.0734480071083718,1592.0,350.0,2,1
0,4,genetico,Brats18_CBICA_ATF_1,0.08189634902623899,1337.0,331.0,2,0
0,4,genetico,Brats18_CBICA_AUN_1,0.3187278808156002,372.0,286.0,1,0
0,4,genetico,Brats18_CBICA_AXL_1,0.31161418484485665,522.0,286.0,2,0
0,4,genetico,Brats18_CBICA_AYU_1,-0.4218683613648532,488.0,421.0,2,2
0,4,genetico,Brats18_CBICA_AZD_1,0.0881906552429472,203.0,331.0,0,0
0,4,genetico,Brats18_TCIA01_231_1,-0.4040010791733128,239.0,405.0,0,2
0,4,genetico,Brats18_TCIA01_401_1,-0.3874693333868302,120.0,405.0,0,2
0,4,genetico,Brats18_TCIA01_411_1,-0.12486655488859491,438.0,359.0,1,1
0,4,genetico,Brats18_TCIA02_118_1,0.18764941175373184,621.0,318.0,2,0
0,4,genetico,Brats18_TCIA02_151_1,0.3435596681142758,558.0,269.0,2,0
0,4,genetico,Brats18_TCIA02_274_1,-0.08607663272194876,213.0,355.0,0,1
0,4,genetico,Brats18_TCIA02_290_1,0.44787655467236115,12.0,254.0,0,0
0,4,genetico,Brats18_TCIA02_331_1,0.38291875420526617,737.0,265.0,2,0
0,4,genetico,Brats18_TCIA02_430_1,-0.30583765635648263,597.0,387.0,2,2
0,4,genetico,Brats18_TCIA02_471_1,-0.5110866235539097,726.0,436.0,2,2
0,4,genetico,Brats18_TCIA03_121_1,0.51922880733973,22.0,229.0,0,0
0,4,genetico,Brats18_TCIA03_257_1,0.5847237451025865,788.0,209.0,2,0
0,4,genetico,Brats18_TCIA03_265_1,-0.512700363767005,153.0,436.0,0,2
0,4,genetico,Brats18_TCIA03_498_1,0.6826156257984745,464.0,199.0,2,0
0,4,genetico,Brats18_TCIA04_149_1,0.4339017445566818,576.0,254.0,2,0
0,4,genetico,Brats18_TCIA04_437_1,0.978198572058978,634.0,152.0,2,0
0,4,genetico,Brats18_TCIA05_277_1,-0.3194292084586163,1155.0,387.0,2,2
1,0,edad,Brats18_2013_27_1,-0.09223619833373634,82.0,382.0,0,2
1,0,edad,Brats18_CBICA_AAL_1,0.07233604780785012,170.0,357.0,0,0
1,0,edad,Brats18_CBICA_ABO_1,0.04692865533552128,199.0,359.0,0,0
1,0,edad,Brats18_CBICA_AQO_1,-0.09031684857189849,424.0,382.0,1,2
1,0,edad,Brats18_CBICA_AQR_1,-0.132422583972217,747.0,387.0,2,2
1,0,edad,Brats18_CBICA_AQT_1,-0.18769985711314777,67.0,394.0,0,2
1,0,edad,Brats18_CBICA_ASE_1,0.16214962072585135,385.0,346.0,1,0
1,0,edad,Brats18_CBICA_ASY_1,-0.07412233495639146,210.0,376.0,0,2
1,0,edad,Brats18_CBICA_AXJ_1,0.39010839275213377,291.0,317.0,0,0
1,0,edad,Brats18_CBICA_AYI_1,-0.0670567286456258,734.0,376.0,2,2
1,0,edad,Brats18_CBICA_AZD_1,0.16881936114823792,203.0,346.0,0,0
1,0,edad,Brats18_CBICA_BHB_1,0.05681330660898632,32.0,359.0,0,0
1,0,edad,Brats18_CBICA_BHM_1,-0.02038054162493085,434.0,370.0,1,1
1,0,edad,Brats18_TCIA01_147_1,-0.013015036913877941,610.0,370.0,2,1
1,0,edad,Brats18_TCIA01_186_1,0.31720908961032895,421.0,327.0,1,0
1,0,edad,Brats18_TCIA01_203_1,0.17280201190405153,287.0,346.0,0,0
1,0,edad,Brats18_TCIA01_231_1,-0.041673328045319785,239.0,372.0,0,1
1,0,edad,Brats18_TCIA01_412_1,-0.10110119504622508,467.0,382.0,2,2
1,0,edad,Brats18_TCIA02_151_1,0.14824633088853822,558.0,350.0,2,0
1,0,edad,Brats18_TCIA02_179_1,0.16379306395942503,82.0,346.0,0,0
1,0,edad,Brats18_TCIA02_283_1,-0.17400049818802996,172.0,394.0,0,2
1,0,edad,Brats18_TCIA02_394_1,-0.046975531762396924,30.0,375.0,0,1
1,0,edad,Brats18_TCIA02_491_1,-0.24928699259612067,111.0,407.0,0,2
1,0,edad,Brats18_TCIA03_133_1,-0.04115750279682586,508.0,372.0,2,1
1,0,edad,Brats18_TCIA03_138_1,-0.1384685357220062,1283.0,387.0,2,2
1,0,edad,Brats18_TCIA03_257_1,-0.10790289076473798,788.0,387.0,2,2
1,0,edad,Brats18_TCIA03_296_1,-0.0011510561985175933,436.0,370.0,1,1
1,0,edad,Brats18_TCIA05_277_1,-0.12039066015269581,1155.0,387.0,2,2
1,0,edad,Brats18_TCIA06_165_1,0.10286570495708389,331.0,355.0,1,0
1,0,edad,Brats18_TCIA06_409_1,-0.10718313460404892,660.0,382.0,2,2
1,0,edad,Brats18_TCIA08_105_1,-0.0755258594697353,30.0,376.0,0,2
1,0,edad,Brats18_TCIA08_278_1,0.11792060465149977,169.0,355.0,0,0
1,0,edad,Brats18_TCIA08_469_1,-0.04280094603039956,147.0,375.0,0,1
1,0,coxnet,Brats18_2013_27_1,-0.11181926858311791,82.0,387.0,0,2
1,0,coxnet,Brats18_CBICA_AAL_1,0.0822566931451529,170.0,357.0,0,0
1,0,coxnet,Brats18_CBICA_ABO_1,0.04409965156235824,199.0,359.0,0,0
1,0,coxnet,Brats18_CBICA_AQO_1,-0.06780363551170034,424.0,376.0,1,1
1,0,coxnet,Brats18_CBICA_AQR_1,-0.20528040295486807,747.0,401.0,2,2
1,0,coxnet,Brats18_CBICA_AQT_1,-0.17330591301267761,67.0,394.0,0,2
1,0,coxnet,Brats18_CBICA_ASE_1,0.18768412519127162,385.0,345.0,1,0
1,0,coxnet,Brats18_CBICA_ASY_1,-0.0663760196284956,210.0,375.0,0,1
1,0,coxnet,Brats18_CBICA_AXJ_1,0.4220033366183309,291.0,296.0,0,0
1,0,coxnet,Brats18_CBICA_AYI_1,-0.12636172834296414,734.0,387.0,2,2
1,0,coxnet,Brats18_CBICA_AZD_1,0.1164313777109067,203.0,355.0,0,0
1,0,coxnet,Brats18_CBICA_BHB_1,0.04955030598220148,32.0,359.0,0,0
1,0,coxnet,Brats18_CBICA_BHM_1,-0.04188264026516261,434.0,372.0,1,1
1,0,coxnet,Brats18_TCIA01_147_1,-0.002262773303442366,610.0,370.0,2,1
1,0,coxnet,Brats18_TCIA01_186_1,0.3023627900151733,421.0,329.0,1,0
1,0,coxnet,Brats18_TCIA01_203_1,0.1974598053734613,287.0,345.0,0,0
1,0,coxnet,Brats18_TCIA01_231_1,-0.030597063427294367,239.0,372.0,0,1
1,0,coxnet,Brats18_TCIA01_412_1,-0.09695759107826298,467.0,382.0,2,2
1,0,coxnet,Brats18_TCIA02_151_1,0.11087146116621513,558.0,355.0,2,0
1,0,coxnet,Brats18_TCIA02_179_1,0.17557810541087696,82.0,346.0,0,0
1,0,coxnet,Brats18_TCIA02_283_1,-0.16712469546942474,172.0,394.0,0,2
1,0,coxnet,Brats18_TCIA02_394_1,-0.12084448064407047,30.0,387.0,0,2
1,0,coxnet,Brats18_TCIA02_491_1,-0.22274637890133042,111.0,405.0,0,2
1,0,coxnet,Brats18_TCIA03_133_1,0.00782476424148454,508.0,368.0,2,1
1,0,coxnet,Brats18_TCIA03_138_1,-0.19032685398518903,1283.0,394.0,2,2
1,0,coxnet,Brats18_TCIA03_257_1,-0.08377195756266542,788.0,376.0,2,2
1,0,coxnet,Brats18_TCIA03_296_1,-0.00853958837859819,436.0,370.0,1,1
1,0,coxnet,Brats18_TCIA05_277_1,-0.09883114517657773,1155.0,382.0,2,2
1,0,coxnet,Brats18_TCIA06_165_1,0.11994236772667126,331.0,355.0,1,0
1,0,coxnet,Brats18_TCIA06_409_1,-0.08484704825082603,660.0,376.0,2,2
1,0,coxnet,Brats18_TCIA08_105_1,-0.08398868844238093,30.0,376.0,0,2
1,0,coxnet,Brats18_TCIA08_278_1,0.14134661955342004,169.0,350.0,0,0
1,0,coxnet,Brats18_TCIA08_469_1,-0.049288634431158725,147.0,375.0,0,1
1,0,genetico,Brats18_2013_27_1,-0.42896103297155874,82.0,453.0,0,2
1,0,genetico,Brats18_CBICA_AAL_1,-0.08229718958349667,170.0,376.0,0,1
1,0,genetico,Brats18_CBICA_ABO_1,0.0987738343887398,199.0,355.0,0,0
1,0,genetico,Brats18_CBICA_AQO_1,-0.08131938198412497,424.0,376.0,1,1
1,0,genetico,Brats18_CBICA_AQR_1,-0.816805546845621,747.0,579.0,2,2
1,0,genetico,Brats18_CBICA_AQT_1,-0.27986385554000287,67.0,425.0,0,2
1,0,genetico,Brats18_CBICA_ASE_1,0.37058148702747573,385.0,322.0,1,0
1,0,genetico,Brats18_CBICA_ASY_1,0.09639969964077799,210.0,357.0,0,0
1,0,genetico,Brats18_CBICA_AXJ_1,0.27482214718505527,291.0,332.0,0,0
1,0,genetico,Brats18_CBICA_AYI_1,-0.3494811446131958,734.0,439.0,2,2
1,0,genetico,Brats18_CBICA_AZD_1,-0.37860026918772904,203.0,448.0,0,2
1,0,genetico,Brats18_CBICA_BHB_1,0.29478251791097376,32.0,332.0,0,0
1,0,genetico,Brats18_CBICA_BHM_1,0.03555035087548117,434.0,362.0,1,1
1,0,genetico,Brats18_TCIA01_147_1,0.08754699983083424,610.0,357.0,2,0
1,0,genetico,Brats18_TCIA01_186_1,-0.15371941601218597,421.0,387.0,1,2
1,0,genetico,Brats18_TCIA01_203_1,0.2362739870241194,287.0,336.0,0,0
1,0,genetico,Brats18_TCIA01_231_1,0.2464438848881812,239.0,336.0,0,0
1,0,genetico,Brats18_TCIA01_412_1,0.049935841739841016,467.0,359.0,2,1
1,0,genetico,Brats18_TCIA02_151_1,0.6303678971924305,558.0,262.0,2,0
1,0,genetico,Brats18_TCIA02_179_1,-0.1354905175944984,82.0,387.0,0,1
1,0,genetico,Brats18_TCIA02_283_1,-0.1835151905401198,172.0,394.0,0,2
1,0,genetico,Brats18_TCIA02_394_1,-0.5706099746173905,30.0,476.0,0,2
1,0,genetico,Brats18_TCIA02_491_1,-0.17374510558755069,111.0,394.0,0,2
1,0,genetico,Brats18_TCIA03_133_1,-0.1572474406799229,508.0,394.0,2,2
1,0,genetico,Brats18_TCIA03_138_1,-0.2787472240762946,1283.0,425.0,2,2
1,0,genetico,Brats18_TCIA03_257_1,-0.30863046241873493,788.0,430.0,2,2
1,0,genetico,Brats18_TCIA03_296_1,-0.05736892213258592,436.0,375.0,1,1
1,0,genetico,Brats18_TCIA05_277_1,-0.03067450596237531,1155.0,372.0,2,1
1,0,genetico,Brats18_TCIA06_165_1,-0.03695105033327503,331.0,372.0,1,1
1,0,genetico,Brats18_TCIA06_409_1,-0.032982187382517236,660.0,372.0,2,1
1,0,genetico,Brats18_TCIA08_105_1,-0.11005466725094416,30.0,382.0,0,1
1,0,genetico,Brats18_TCIA08_278_1,0.1566983673306989,169.0,350.0,0,0
1,0,genetico,Brats18_TCIA08_469_1,-0.2845762168078163,147.0,425.0,0,2
1,1,edad,Brats18_CBICA_ABB_1,-0.12387019924706137,465.0,387.0,2,2
1,1,edad,Brats18_CBICA_ABM_1,-0.1428650857948938,448.0,387.0,1,2
1,1,edad,Brats18_CBICA_ALN_1,-0.02279170148618659,394.0,372.0,1,1
1,1,edad,Brats18_CBICA_ANZ_1,-0.11792676751539308,318.0,385.0,1,2
1,1,edad,Brats18_CBICA_AOP_1,-0.11503536829458129,289.0,385.0,0,2
1,1,edad,Brats18_CBICA_AQG_1,0.07542216926888415,229.0,355.0,0,0
1,1,edad,Brats18_CBICA_AQN_1,-0.05291044336964154,368.0,375.0,1,1
1,1,edad,Brats18_CBICA_AQQ_1,-0.14393597439519437,822.0,387.0,2,2
1,1,edad,Brats18_CBICA_AQU_1,-0.18258166675854304,350.0,394.0,1,2
1,1,edad,Brats18_CBICA_ASN_1,0.2643938488994324,99.0,317.0,0,0
1,1,edad,Brats18_CBICA_ASO_1,0.09224850640110761,495.0,346.0,2,0
1,1,edad,Brats18_CBICA_ATV_1,-0.039082594318259764,168.0,375.0,0,1
1,1,edad,Brats18_CBICA_AUQ_1,-0.021105051940713142,698.0,372.0,2,1
1,1,edad,Brats18_CBICA_AUR_1,-0.14741636234617128,254.0,387.0,0,2
1,1,edad,Brats18_CBICA_AXQ_1,-0.09427351555625299,357.0,382.0,1,2
1,1,edad,Brats18_TCIA01_190_1,-0.030609188268381163,110.0,372.0,0,1
1,1,edad,Brats18_TCIA01_429_1,0.05693595480619468,336.0,355.0,1,0
1,1,edad,Brats18_TCIA01_499_1,0.12258142600462268,616.0,333.0,2,0
1,1,edad,Brats18_TCIA02_331_1,-0.3427464430410045,737.0,434.0,2,2
1,1,edad,Brats18_TCIA02_377_1,-0.06054052464678347,1767.0,376.0,2,1
1,1,edad,Brats18_TCIA02_471_1,-0.23257877828507825,726.0,407.0,2,2
1,1,edad,Brats18_TCIA03_419_1,-0.15196763889744894,448.0,387.0,1,2
1,1,edad,Brats18_TCIA03_474_1,-0.029029627582937718,121.0,372.0,0,1
1,1,edad,Brats18_TCIA04_111_1,-0.21449414704750155,86.0,405.0,0,2
1,1,edad,Brats18_TCIA04_149_1,0.2996796282793379,576.0,287.0,2,0
1,1,edad,Brats18_TCIA04_192_1,-0.22385103619262817,439.0,405.0,1,2
1,1,edad,Brats18_TCIA04_361_1,-0.22399828337516947,89.0,405.0,0,2
1,1,edad,Brats18_TCIA04_479_1,0.03800799879588118,345.0,359.0,1,0
1,1,edad,Brats18_TCIA05_478_1,-0.00020933812734727703,296.0,370.0,0,1
1,1,edad,Brats18_TCIA06_247_1,-0.23371659742289758,871.0,407.0,2,2
1,1,edad,Brats18_TCIA06_372_1,-0.2045616552797132,355.0,401.0,1,2
1,1,edad,Brats18_TCIA08_167_1,-0.20972869277616366,614.0,405.0,2,2
1,1,edad,Brats18_TCIA08_280_1,0.02513056337726617,82.0,362.0,0,1
1,1,coxnet,Brats18_CBICA_ABB_1,-13.082049975389506,465.0,734.0,2,2
1,1,coxnet,Brats18_CBICA_ABM_1,12.898154011293263,448.0,5.0,1,0
1,1,coxnet,Brats18_CBICA_ALN_1,5.751111087366416,394.0,104.0,1,0
1,1,coxnet,Brats18_CBICA_ANZ_1,3.306578205602486,318.0,187.0,1,0
1,1,coxnet,Brats18_CBICA_AOP_1,-1.606047636181006,289.0,421.0,0,1
1,1,coxnet,Brats18_CBICA_AQG_1,7.362807947396476,229.0,67.0,0,0
1,1,coxnet,Brats18_CBICA_AQN_1,2.3761218100003347,368.0,213.0,1,0
1,1,coxnet,Brats18_CBICA_AQQ_1,-3.8612961737092397,822.0,495.0,2,2
1,1,coxnet,Brats18_CBICA_AQU_1,-1.415954077760215,350.0,407.0,1,1
1,1,coxnet,Brats18_CBICA_ASN_1,1.8502773276709024,99.0,262.0,0,0
1,1,coxnet,Brats18_CBICA_ASO_1,2.3228526353413,495.0,213.0,2,0
1,1,coxnet,Brats18_CBICA_ATV_1,7.179729378826269,168.0,71.0,0,0
1,1,coxnet,Brats18_CBICA_AUQ_1,1.2337257489685731,698.0,291.0,2,1
1,1,coxnet,Brats18_CBICA_AUR_1,0.0652942660992621,254.0,359.0,0,1
1,1,coxnet,Brats18_CBICA_AXQ_1,-0.27523266924127493,357.0,372.0,1,1
1,1,coxnet,Brats18_TCIA01_190_1,-22.365089486895503,110.0,734.0,0,2
1,1,coxnet,Brats18_TCIA01_429_1,3.2493024791642684,336.0,191.0,1,0
1,1,coxnet,Brats18_TCIA01_499_1,6.674738192405633,616.0,82.0,2,0
1,1,coxnet,Brats18_TCIA02_331_1,-6.06365202997276,737.0,626.0,2,2
1,1,coxnet,Brats18_TCIA02_377_1,-9.197703742967967,1767.0,734.0,2,2
1,1,coxnet,Brats18_TCIA02_471_1,0.7793447169274109,726.0,329.0,2,1
1,1,coxnet,Brats18_TCIA03_419_1,1.968815604546638,448.0,244.0,1,0
1,1,coxnet,Brats18_TCIA03_474_1,-9.255822962419348,121.0,734.0,0,2
1,1,coxnet,Brats18_TCIA04_111_1,-7.965966763462664,86.0,734.0,0,2
1,1,coxnet,Brats18_TCIA04_149_1,-4.1590952671957,576.0,508.0,2,2
1,1,coxnet,Brats18_TCIA04_192_1,-7.033922081590256,439.0,734.0,1,2
1,1,coxnet,Brats18_TCIA04_361_1,-4.322118611882374,89.0,510.0,0,2
1,1,coxnet,Brats18_TCIA04_479_1,2.65938987687594,345.0,209.0,1,0
1,1,coxnet,Brats18_TCIA05_478_1,3.160656138754521,296.0,199.0,0,0
1,1,coxnet,Brats18_TCIA06_247_1,4.689089792576522,871.0,147.0,2,0
1,1,coxnet,Brats18_TCIA06_372_1,-9.00249887530788,355.0,734.0,1,2
1,1,coxnet,Brats18_TCIA08_167_1,-8.882039817409868,614.0,734.0,2,2
1,1,coxnet,Brats18_TCIA08_280_1,-0.11398363491344747,82.0,362.0,0,1
1,1,genetico,Brats18_CBICA_ABB_1,-0.2188254416623247,465.0,405.0,2,1
1,1,genetico,Brats18_CBICA_ABM_1,0.41918467209850885,448.0,286.0,1,0
1,1,genetico,Brats18_CBICA_ALN_1,0.05518626425385009,394.0,362.0,1,0
1,1,genetico,Brats18_CBICA_ANZ_1,0.4705280313240139,318.0,268.0,1,0
1,1,genetico,Brats18_CBICA_AOP_1,-1.3303525634776485,289.0,788.0,0,2
1,1,genetico,Brats18_CBICA_AQG_1,0.975392114777642,229.0,180.0,0,0
1,1,genetico,Brats18_CBICA_AQN_1,-0.8924577426829827,368.0,558.0,1,2
1,1,genetico,Brats18_CBICA_AQQ_1,-1.2068133624177257,822.0,635.0,2,2
1,1,genetico,Brats18_CBICA_AQU_1,-0.5049102789825579,350.0,466.0,1,2
1,1,genetico,Brats18_CBICA_ASN_1,0.5198673244627866,99.0,262.0,0,0
1,1,genetico,Brats18_CBICA_ASO_1,-0.08197484164980173,495.0,385.0,2,1
1,1,genetico,Brats18_CBICA_ATV_1,-0.2165423001317563,168.0,405.0,0,1
1,1,genetico,Brats18_CBICA_AUQ_1,0.8960036852999819,698.0,191.0,2,0
1,1,genetico,Brats18_CBICA_AUR_1,-0.04853172141398911,254.0,376.0,0,1
1,1,genetico,Brats18_CBICA_AXQ_1,0.2985670977024165,357.0,322.0,1,0
1,1,genetico,Brats18_TCIA01_190_1,-1.4667703446575588,110.0,828.0,0,2
1,1,genetico,Brats18_TCIA01_429_1,-0.954116371507943,336.0,597.0,1,2
1,1,genetico,Brats18_TCIA01_499_1,-1.2705964274313066,616.0,734.0,2,2
1,1,genetico,Brats18_TCIA02_331_1,-0.1904445782911528,737.0,401.0,2,1
1,1,genetico,Brats18_TCIA02_377_1,0.4872794194910928,1767.0,265.0,2,0
1,1,genetico,Brats18_TCIA02_471_1,0.1163668323974503,726.0,355.0,2,0
1,1,genetico,Brats18_TCIA03_419_1,-0.053674726784720635,448.0,382.0,1,1
1,1,genetico,Brats18_TCIA03_474_1,-0.22942831343898484,121.0,405.0,0,1
1,1,genetico,Brats18_TCIA04_111_1,0.12448271418253767,86.0,355.0,0,0
1,1,genetico,Brats18_TCIA04_149_1,0.5566416350866855,576.0,244.0,2,0
1,1,genetico,Brats18_TCIA04_192_1,-0.26728923058684495,439.0,421.0,1,2
1,1,genetico,Brats18_TCIA04_361_1,0.1505852676783232,89.0,346.0,0,0
1,1,genetico,Brats18_TCIA04_479_1,0.49723828679967685,345.0,265.0,1,0
1,1,genetico,Brats18_TCIA05_478_1,0.14604090990609647,296.0,346.0,0,0
1,1,genetico,Brats18_TCIA06_247_1,-0.10265048603094576,871.0,385.0,2,1
1,1,genetico,Brats18_TCIA06_372_1,0.9376182879258517,355.0,187.0,1,0
1,1,genetico,Brats18_TCIA08_167_1,0.35177066685261793,614.0,291.0,2,0
1,1,genetico,Brats18_TCIA08_280_1,-0.9223904659140694,82.0,579.0,0,2
1,2,edad,Brats18_2013_11_1,0.47656707382192715,407.0,254.0,1,0
1,2,edad,Brats18_CBICA_ABE_1,-0.08719038180819426,355.0,382.0,1,1
1,2,edad,Brats18_CBICA_ABY_1,0.19106900118831818,23.0,332.0,0,0
1,2,edad,Brats18_CBICA_ANG_1,0.08142065324278698,317.0,350.0,1,0
1,2,edad,Brats18_CBICA_AOD_1,0.009894092935244824,370.0,359.0,1,1
1,2,edad,Brats18_CBICA_AOO_1,0.25344336578666216,127.0,318.0,0,0
1,2,edad,Brats18_CBICA_APR_1,-0.0215971736622068,1731.0,368.0,2,1
1,2,edad,Brats18_CBICA_AQP_1,0.2194749246617614,579.0,327.0,2,0
1,2,edad,Brats18_CBICA_ARF_1,-0.20861643379441142,209.0,394.0,0,2
1,2,edad,Brats18_CBICA_ARW_1,0.2496756871640749,180.0,318.0,0,0
1,2,edad,Brats18_CBICA_ASG_1,0.05248072807480384,84.0,357.0,0,0
1,2,edad,Brats18_CBICA_ASH_1,0.2177245857741027,139.0,331.0,0,0
1,2,edad,Brats18_CBICA_ATD_1,-0.11762847839696985,329.0,385.0,1,2
1,2,edad,Brats18_CBICA_ATF_1,-0.11092379045441304,1337.0,385.0,2,2
1,2,edad,Brats18_CBICA_ATX_1,0.3628840464065389,269.0,287.0,0,0
1,2,edad,Brats18_CBICA_AUN_1,-0.10763078000475025,372.0,385.0,1,2
1,2,edad,Brats18_CBICA_AVV_1,-0.16383445835507734,346.0,387.0,1,2
1,2,edad,Brats18_CBICA_AWG_1,0.08478783059446934,486.0,350.0,2,0
1,2,edad,Brats18_CBICA_AXL_1,-0.1985000683589606,522.0,394.0,2,2
1,2,edad,Brats18_CBICA_AYU_1,-0.037572724357192853,488.0,375.0,2,1
1,2,edad,Brats18_TCIA01_335_1,0.10048154706178156,804.0,345.0,2,0
1,2,edad,Brats18_TCIA01_390_1,-0.034517047993992224,265.0,368.0,0,1
1,2,edad,Brats18_TCIA01_425_1,0.07476046544144184,600.0,355.0,2,0
1,2,edad,Brats18_TCIA01_448_1,0.24918618561074665,208.0,318.0,0,0
1,2,edad,Brats18_TCIA02_118_1,0.20658471709078374,621.0,331.0,2,0
1,2,edad,Brats18_TCIA02_135_1,-0.12038748715209288,58.0,385.0,0,2
1,2,edad,Brats18_TCIA02_198_1,0.10337405624053939,322.0,345.0,1,0
1,2,edad,Brats18_TCIA02_314_1,0.3099437117450669,510.0,291.0,2,0
1,2,edad,Brats18_TCIA02_322_1,0.05764274445535643,468.0,355.0,2,0
1,2,edad,Brats18_TCIA02_455_1,0.09499319631234338,519.0,350.0,2,0
1,2,edad,Brats18_TCIA02_473_1,0.0033525721771308172,430.0,362.0,1,1
1,2,edad,Brats18_TCIA03_375_1,0.018512286949903096,453.0,359.0,2,1
1,2,edad,Brats18_TCIA06_184_1,0.0012017320185671858,187.0,362.0,0,1
1,2,coxnet,Brats18_2013_11_1,24.9341014298365,407.0,5.0,1,0
1,2,coxnet,Brats18_CBICA_ABE_1,1.881894586422644,355.0,291.0,1,0
1,2,coxnet,Brats18_CBICA_ABY_1,-16.41340716039141,23.0,626.0,0,2
1,2,coxnet,Brats18_CBICA_ANG_1,1.7605787095828938,317.0,296.0,1,1
1,2,coxnet,Brats18_CBICA_AOD_1,3.6030255380532057,370.0,210.0,1,0
1,2,coxnet,Brats18_CBICA_AOO_1,1.4584448345367391,127.0,327.0,0,1
1,2,coxnet,Brats18_CBICA_APR_1,-14.389205265935864,1731.0,626.0,2,2
1,2,coxnet,Brats18_CBICA_AQP_1,-8.713075125673075,579.0,626.0,2,2
1,2,coxnet,Brats18_CBICA_ARF_1,-7.074910416119671,209.0,626.0,0,2
1,2,coxnet,Brats18_CBICA_ARW_1,-9.53033962125605,180.0,626.0,0,2
1,2,coxnet,Brats18_CBICA_ASG_1,2.3254286064988725,84.0,286.0,0,0
1,2,coxnet,Brats18_CBICA_ASH_1,-3.046679503539998,139.0,448.0,0,2
1,2,coxnet,Brats18_CBICA_ATD_1,-4.265640691903273,329.0,473.0,1,2
1,2,coxnet,Brats18_CBICA_ATF_1,10.929214749715728,1337.0,55.0,2,0
1,2,coxnet,Brats18_CBICA_ATX_1,35.94204933047508,269.0,5.0,0,0
1,2,coxnet,Brats18_CBICA_AUN_1,5.936371946991287,372.0,147.0,1,0
1,2,coxnet,Brats18_CBICA_AVV_1,-1.159889162732805,346.0,387.0,1,1
1,2,coxnet,Brats18_CBICA_AWG_1,-9.93222523191534,486.0,626.0,2,2
1,2,coxnet,Brats18_CBICA_AXL_1,9.444254185585747,522.0,82.0,2,0
1,2,coxnet,Brats18_CBICA_AYU_1,-14.399136988496124,488.0,626.0,2,2
1,2,coxnet,Brats18_TCIA01_335_1,-4.091176798888867,804.0,467.0,2,2
1,2,coxnet,Brats18_TCIA01_390_1,5.610123084073971,265.0,152.0,0,0
1,2,coxnet,Brats18_TCIA01_425_1,9.56772817591157,600.0,82.0,2,0
1,2,coxnet,Brats18_TCIA01_448_1,15.914759566524566,208.0,12.0,0,0
1,2,coxnet,Brats18_TCIA02_118_1,-0.1651608032154525,621.0,362.0,2,1
1,2,coxnet,Brats18_TCIA02_135_1,-8.992164222734505,58.0,626.0,0,2
1,2,coxnet,Brats18_TCIA02_198_1,-0.8796373372014429,322.0,385.0,1,1
1,2,coxnet,Brats18_TCIA02_314_1,-9.650138834810068,510.0,626.0,2,2
1,2,coxnet,Brats18_TCIA02_322_1,-13.219547665988195,468.0,626.0,2,2
1,2,coxnet,Brats18_TCIA02_455_1,-8.787131992589142,519.0,626.0,2,2
1,2,coxnet,Brats18_TCIA02_473_1,11.844229881021906,430.0,33.0,1,0
1,2,coxnet,Brats18_TCIA03_375_1,-3.94732181704874,453.0,467.0,2,2
1,2,coxnet,Brats18_TCIA06_184_1,186.35706724397534,187.0,5.0,0,0
1,2,genetico,Brats18_2013_11_1,0.5693785422250479,407.0,232.0,1,0
1,2,genetico,Brats18_CBICA_ABE_1,-0.1467395949363247,355.0,387.0,1,1
1,2,genetico,Brats18_CBICA_ABY_1,0.3120216725015803,23.0,291.0,0,0
1,2,genetico,Brats18_CBICA_ANG_1,-0.15683649324781104,317.0,387.0,1,2
1,2,genetico,Brats18_CBICA_AOD_1,-0.12631051034762258,370.0,385.0,1,1
1,2,genetico,Brats18_CBICA_AOO_1,0.17268418770488164,127.0,333.0,0,0
1,2,genetico,Brats18_CBICA_APR_1,-0.3927345786630206,1731.0,438.0,2,2
1,2,genetico,Brats18_CBICA_AQP_1,0.11971527576490648,579.0,345.0,2,0
1,2,genetico,Brats18_CBICA_ARF_1,-0.3528058736504287,209.0,434.0,0,2
1,2,genetico,Brats18_CBICA_ARW_1,0.32945092127396197,180.0,291.0,0,0
1,2,genetico,Brats18_CBICA_ASG_1,0.3187881093253895,84.0,291.0,0,0
1,2,genetico,Brats18_CBICA_ASH_1,0.11354798882776101,139.0,345.0,0,0
1,2,genetico,Brats18_CBICA_ATD_1,-0.39587214356304623,329.0,438.0,1,2
1,2,genetico,Brats18_CBICA_ATF_1,-0.5587684040312098,1337.0,466.0,2,2
1,2,genetico,Brats18_CBICA_ATX_1,0.35575869472277166,269.0,289.0,0,0
1,2,genetico,Brats18_CBICA_AUN_1,-0.22594368734955375,372.0,394.0,1,2
1,2,genetico,Brats18_CBICA_AVV_1,-0.4939883462817617,346.0,448.0,1,2
1,2,genetico,Brats18_CBICA_AWG_1,-0.09271448945975302,486.0,376.0,2,1
1,2,genetico,Brats18_CBICA_AXL_1,-0.09451523283003815,522.0,382.0,2,1
1,2,genetico,Brats18_CBICA_AYU_1,-0.24698372846705646,488.0,401.0,2,2
1,2,genetico,Brats18_TCIA01_335_1,-0.04370653859839109,804.0,368.0,2,1
1,2,genetico,Brats18_TCIA01_390_1,-0.15571178340765107,265.0,387.0,0,2
1,2,genetico,Brats18_TCIA01_425_1,0.19071476667035933,600.0,332.0,2,0
1,2,genetico,Brats18_TCIA01_448_1,0.3269046226549892,208.0,291.0,0,0
1,2,genetico,Brats18_TCIA02_118_1,0.5382784898110865,621.0,239.0,2,0
1,2,genetico,Brats18_TCIA02_135_1,-0.23288229848808117,58.0,401.0,0,2
1,2,genetico,Brats18_TCIA02_198_1,0.03678437192643497,322.0,357.0,1,0
1,2,genetico,Brats18_TCIA02_314_1,0.2221547425984955,510.0,331.0,2,0
1,2,genetico,Brats18_TCIA02_322_1,0.1235350303769958,468.0,336.0,2,0
1,2,genetico,Brats18_TCIA02_455_1,-0.20298392674234828,519.0,394.0,2,2
1,2,genetico,Brats18_TCIA02_473_1,-0.3932564985146637,430.0,438.0,1,2
1,2,genetico,Brats18_TCIA03_375_1,0.22098900610666344,453.0,331.0,2,0
1,2,genetico,Brats18_TCIA06_184_1,0.8721506726856554,187.0,172.0,0,0
1,3,edad,Brats18_CBICA_ABN_1,-0.12440948312359257,1282.0,375.0,2,2
1,3,edad,Brats18_CBICA_ALU_1,-0.09050209932207902,359.0,370.0,1,2
1,3,edad,Brats18_CBICA_ALX_1,-0.002308795100706996,150.0,355.0,0,1
1,3,edad,Brats18_CBICA_AME_1,0.11079634642328579,333.0,336.0,1,0
1,3,edad,Brats18_CBICA_AOH_1,0.03708402463852004,466.0,355.0,2,0
1,3,edad,Brats18_CBICA_AQA_1,-0.23926257444120924,394.0,405.0,1,2
1,3,edad,Brats18_CBICA_AQD_1,-0.19192582027404997,626.0,387.0,2,2
1,3,edad,Brats18_CBICA_AQY_1,0.02575787841479561,476.0,355.0,2,1
1,3,edad,Brats18_CBICA_ARZ_1,0.06687022599978258,262.0,346.0,0,0
1,3,edad,Brats18_CBICA_ASA_1,-0.06016166997747235,946.0,368.0,2,1
1,3,edad,Brats18_CBICA_ASW_1,-0.12546109519455315,33.0,375.0,0,2
1,3,edad,Brats18_CBICA_ATB_1,-0.16478286006412085,1592.0,385.0,2,2
1,3,edad,Brats18_CBICA_ATP_1,0.11285693764341134,5.0,336.0,0,0
1,3,edad,Brats18_CBICA_AVG_1,-0.05440622553505279,85.0,368.0,0,1
1,3,edad,Brats18_CBICA_AVJ_1,0.20302556724131743,635.0,329.0,2,0
1,3,edad,Brats18_CBICA_AWI_1,0.18445182431232396,268.0,329.0,0,0
1,3,edad,Brats18_CBICA_AXM_1,-0.10521045734159556,152.0,372.0,0,2
1,3,edad,Brats18_CBICA_AXO_1,0.045894828476298055,382.0,350.0,1,0
1,3,edad,Brats18_CBICA_AYA_1,-0.21750557335147014,175.0,394.0,0,2
1,3,edad,Brats18_CBICA_AYW_1,0.13722875793661996,616.0,332.0,2,0
1,3,edad,Brats18_TCIA01_201_1,-0.01703136409415551,244.0,357.0,0,1
1,3,edad,Brats18_TCIA01_378_1,-0.20768579036452714,104.0,394.0,0,2
1,3,edad,Brats18_TCIA01_401_1,-0.2737241862260669,120.0,421.0,0,2
1,3,edad,Brats18_TCIA02_226_1,-0.19962816814513984,387.0,394.0,1,2
1,3,edad,Brats18_TCIA02_321_1,-0.3081005321673332,401.0,430.0,1,2
1,3,edad,Brats18_TCIA02_368_1,-0.04308007931132836,515.0,362.0,2,1
1,3,edad,Brats18_TCIA03_199_1,0.15213606959118314,50.0,332.0,0,0
1,3,edad,Brats18_TCIA03_338_1,-0.24008681092925932,1278.0,407.0,2,2
1,3,edad,Brats18_TCIA03_498_1,0.0035319151853039615,464.0,355.0,2,1
1,3,edad,Brats18_TCIA04_343_1,0.09736697605764019,425.0,345.0,1,0
1,3,edad,Brats18_TCIA08_242_1,-0.09874446420258105,495.0,372.0,2,2
1,3,edad,Brats18_TCIA08_406_1,-0.2730562704512676,448.0,421.0,1,2
1,3,coxnet,Brats18_CBICA_ABN_1,-0.12440960582394199,1282.0,375.0,2,2
1,3,coxnet,Brats18_CBICA_ALU_1,-0.09050218858086327,359.0,370.0,1,2
1,3,coxnet,Brats18_CBICA_ALX_1,-0.002308797377784009,150.0,355.0,0,1
1,3,coxnet,Brats18_CBICA_AME_1,0.11079645569751523,333.0,336.0,1,0
1,3,coxnet,Brats18_CBICA_AOH_1,0.037084061213085384,466.0,355.0,2,0
1,3,coxnet,Brats18_CBICA_AQA_1,-0.23926281041680167,394.0,405.0,1,2
1,3,coxnet,Brats18_CBICA_AQD_1,-0.19192600956319913,626.0,387.0,2,2
1,3,coxnet,Brats18_CBICA_AQY_1,0.02575790381881299,476.0,355.0,2,1
1,3,coxnet,Brats18_CBICA_ARZ_1,0.06687029195134735,262.0,346.0,0,0
1,3,coxnet,Brats18_CBICA_ASA_1,-0.060161729312643165,946.0,368.0,2,1
1,3,coxnet,Brats18_CBICA_ASW_1,-0.12546121893206766,33.0,375.0,0,2
1,3,coxnet,Brats18_CBICA_ATB_1,-0.164783022583199,1592.0,385.0,2,2
1,3,coxnet,Brats18_CBICA_ATP_1,0.11285704894992368,5.0,336.0,0,0
1,3,coxnet,Brats18_CBICA_AVG_1,-0.05440627919384729,85.0,368.0,0,1
1,3,coxnet,Brats18_CBICA_AVJ_1,0.2030257674777254,635.0,329.0,2,0
1,3,coxnet,Brats18_CBICA_AWI_1,0.1844520062301545,268.0,329.0,0,0
1,3,coxnet,Brats18_CBICA_AXM_1,-0.10521056110667486,152.0,372.0,0,2
1,3,coxnet,Brats18_CBICA_AXO_1,0.045894873740624675,382.0,350.0,1,0
1,3,coxnet,Brats18_CBICA_AYA_1,-0.2175057878689585,175.0,394.0,0,2
1,3,coxnet,Brats18_CBICA_AYW_1,0.1372288932801332,616.0,332.0,2,0
1,3,coxnet,Brats18_TCIA01_201_1,-0.017031380891543303,244.0,357.0,0,1
1,3,coxnet,Brats18_TCIA01_378_1,-0.20768599519713637,104.0,394.0,0,2
1,3,coxnet,Brats18_TCIA01_401_1,-0.2737244561898385,120.0,421.0,0,2
1,3,coxnet,Brats18_TCIA02_226_1,-0.19962836503082226,387.0,394.0,1,2
1,3,coxnet,Brats18_TCIA02_321_1,-0.3081008360351895,401.0,430.0,1,2
1,3,coxnet,Brats18_TCIA02_368_1,-0.04308012179957489,515.0,362.0,2,1
1,3,coxnet,Brats18_TCIA03_199_1,0.15213621963721186,50.0,332.0,0,0
1,3,coxnet,Brats18_TCIA03_338_1,-0.24008704771776487,1278.0,407.0,2,2
1,3,coxnet,Brats18_TCIA03_498_1,0.0035319186686977306,464.0,355.0,2,1
1,3,coxnet,Brats18_TCIA04_343_1,0.09736707208699157,425.0,345.0,1,0
1,3,coxnet,Brats18_TCIA08_242_1,-0.09874456159049681,495.0,372.0,2,2
1,3,coxnet,Brats18_TCIA08_406_1,-0.27305653975629923,448.0,421.0,1,2
1,3,genetico,Brats18_CBICA_ABN_1,-1.4686715094409808,1282.0,828.0,2,2
1,3,genetico,Brats18_CBICA_ALU_1,-0.0455431046539156,359.0,368.0,1,1
1,3,genetico,Brats18_CBICA_ALX_1,0.052294228471395865,150.0,355.0,0,1
1,3,genetico,Brats18_CBICA_AME_1,0.37422474329144945,333.0,291.0,1,0
1,3,genetico,Brats18_CBICA_AOH_1,-0.7359820578087467,466.0,510.0,2,2
1,3,genetico,Brats18_CBICA_AQA_1,-0.1709547597719723,394.0,385.0,1,1
1,3,genetico,Brats18_CBICA_AQD_1,-0.4005746098788556,626.0,438.0,2,2
1,3,genetico,Brats18_CBICA_AQY_1,0.2899450438186057,476.0,318.0,2,0
1,3,genetico,Brats18_CBICA_ARZ_1,-0.6613862922874535,262.0,495.0,0,2
1,3,genetico,Brats18_CBICA_ASA_1,0.03540737431724325,946.0,355.0,2,1
1,3,genetico,Brats18_CBICA_ASW_1,-0.15153259897466892,33.0,376.0,0,1
1,3,genetico,Brats18_CBICA_ATB_1,-0.05810124418921532,1592.0,368.0,2,1
1,3,genetico,Brats18_CBICA_ATP_1,-0.3589838765301955,5.0,434.0,0,2
1,3,genetico,Brats18_CBICA_AVG_1,-0.7470026996775337,85.0,519.0,0,2
1,3,genetico,Brats18_CBICA_AVJ_1,0.32774406090998265,635.0,317.0,2,0
1,3,genetico,Brats18_CBICA_AWI_1,0.034903327791419,268.0,355.0,0,1
1,3,genetico,Brats18_CBICA_AXM_1,0.6910615729060794,152.0,210.0,0,0
1,3,genetico,Brats18_CBICA_AXO_1,0.7429550750755836,382.0,209.0,1,0
1,3,genetico,Brats18_CBICA_AYA_1,-0.19859608640196041,175.0,387.0,0,1
1,3,genetico,Brats18_CBICA_AYW_1,-0.10064769507169857,616.0,372.0,2,1
1,3,genetico,Brats18_TCIA01_201_1,0.2375425728739105,244.0,327.0,0,0
1,3,genetico,Brats18_TCIA01_378_1,0.15452246671929826,104.0,336.0,0,0
1,3,genetico,Brats18_TCIA01_401_1,-0.30207372588013826,120.0,424.0,0,2
1,3,genetico,Brats18_TCIA02_226_1,-0.73796516339757,387.0,510.0,1,2
1,3,genetico,Brats18_TCIA02_321_1,-0.7297546454090535,401.0,510.0,1,2
1,3,genetico,Brats18_TCIA02_368_1,0.26900808993312364,515.0,322.0,2,0
1,3,genetico,Brats18_TCIA03_199_1,0.7945620644382614,50.0,208.0,0,0
1,3,genetico,Brats18_TCIA03_338_1,-0.7556797709615093,1278.0,519.0,2,2
1,3,genetico,Brats18_TCIA03_498_1,0.5351803692146613,464.0,265.0,2,0
1,3,genetico,Brats18_TCIA04_343_1,-0.24200721627596938,425.0,405.0,1,1
1,3,genetico,Brats18_TCIA08_242_1,0.5291554138013371,495.0,265.0,2,0
1,3,genetico,Brats18_TCIA08_406_1,-0.36525707518465295,448.0,434.0,1,2
1,4,edad,Brats18_CBICA_AAB_1,0.014263795568394001,191.0,368.0,0,1
1,4,edad,Brats18_CBICA_AAG_1,0.15116666547161733,1489.0,346.0,2,0
1,4,edad,Brats18_CBICA_AAP_1,0.37146341771223085,232.0,296.0,0,0
1,4,edad,Brats18_CBICA_AMH_1,-0.021648164573292918,387.0,372.0,1,1
1,4,edad,Brats18_CBICA_ANI_1,0.051077311194809495,106.0,357.0,0,0
1,4,edad,Brats18_CBICA_ANP_1,-0.004802433386420683,327.0,370.0,1,1
1,4,edad,Brats18_CBICA_AOZ_1,0.24461122191653692,1561.0,331.0,2,0
1,4,edad,Brats18_CBICA_APY_1,0.2632767595448056,71.0,329.0,0,0
1,4,edad,Brats18_CBICA_APZ_1,0.020941984344160967,77.0,368.0,0,1
1,4,edad,Brats18_CBICA_AQJ_1,-0.07941449748367739,376.0,385.0,1,1
1,4,edad,Brats18_CBICA_AQV_1,0.13281834181019747,208.0,350.0,0,0
1,4,edad,Brats18_CBICA_AQZ_1,-0.033852554561007116,1458.0,372.0,2,1
1,4,edad,Brats18_CBICA_ASK_1,-0.2674555979373364,473.0,430.0,2,2
1,4,edad,Brats18_CBICA_ASU_1,-0.3333693211541565,362.0,439.0,1,2
1,4,edad,Brats18_CBICA_ASV_1,0.10962833128634666,828.0,355.0,2,0
1,4,edad,Brats18_CBICA_AWH_1,0.14280223402996908,405.0,346.0,1,0
1,4,edad,Brats18_CBICA_AXN_1,-0.4081149490269286,812.0,453.0,2,2
1,4,edad,Brats18_CBICA_AXW_1,-0.2987429123518047,332.0,436.0,1,2
1,4,edad,Brats18_CBICA_AZH_1,0.10689027388828216,114.0,355.0,0,0
1,4,edad,Brats18_TCIA01_150_1,0.17033306725806852,103.0,345.0,0,0
1,4,edad,Brats18_TCIA01_235_1,0.05583552069754354,375.0,357.0,1,0
1,4,edad,Brats18_TCIA01_411_1,0.3074195873526253,438.0,322.0,1,0
1,4,edad,Brats18_TCIA01_460_1,0.706925535390946,286.0,210.0,0,0
1,4,edad,Brats18_TCIA02_274_1,0.10602210934743247,213.0,355.0,0,0
1,4,edad,Brats18_TCIA02_290_1,0.30394692918922656,12.0,322.0,0,0
1,4,edad,Brats18_TCIA02_300_1,-0.05109897707442539,503.0,382.0,2,1
1,4,edad,Brats18_TCIA02_430_1,0.12440382395273109,597.0,350.0,2,0
1,4,edad,Brats18_TCIA03_121_1,0.5160462047075861,22.0,268.0,0,0
1,4,edad,Brats18_TCIA03_265_1,0.02893911540314192,153.0,359.0,0,1
1,4,edad,Brats18_TCIA04_437_1,0.239819621469924,634.0,331.0,2,0
1,4,edad,Brats18_TCIA08_218_1,0.06632027707549772,630.0,357.0,2,0
1,4,edad,Brats18_TCIA08_319_1,-0.059146194549224596,55.0,382.0,0,1
1,4,coxnet,Brats18_CBICA_AAB_1,0.014263519032806779,191.0,368.0,0,1
1,4,coxnet,Brats18_CBICA_AAG_1,0.15116373476762687,1489.0,346.0,2,0
1,4,coxnet,Brats18_CBICA_AAP_1,0.37145621606286466,232.0,296.0,0,0
1,4,coxnet,Brats18_CBICA_AMH_1,-0.0216477448751929,387.0,372.0,1,1
1,4,coxnet,Brats18_CBICA_ANI_1,0.05107632094686507,106.0,357.0,0,0
1,4,coxnet,Brats18_CBICA_ANP_1,-0.004802340280505893,327.0,370.0,1,1
1,4,coxnet,Brats18_CBICA_AOZ_1,0.24460647958077172,1561.0,331.0,2,0
1,4,coxnet,Brats18_CBICA_APY_1,0.26327165533583613,71.0,329.0,0,0
1,4,coxnet,Brats18_CBICA_APZ_1,0.02094157833694432,77.0,368.0,0,1
1,4,coxnet,Brats18_CBICA_AQJ_1,-0.07941295785598283,376.0,385.0,1,1
1,4,coxnet,Brats18_CBICA_AQV_1,0.13281576682950885,208.0,350.0,0,0
1,4,coxnet,Brats18_CBICA_AQZ_1,-0.03385189825350432,1458.0,372.0,2,1
1,4,coxnet,Brats18_CBICA_ASK_1,-0.26745041271223635,473.0,430.0,2,2
1,4,coxnet,Brats18_CBICA_ASU_1,-0.333362858044074,362.0,439.0,1,2
1,4,coxnet,Brats18_CBICA_ASV_1,0.10962620589589124,828.0,355.0,2,0
1,4,coxnet,Brats18_CBICA_AWH_1,0.1427994654891945,405.0,346.0,1,0
1,4,coxnet,Brats18_CBICA_AXN_1,-0.4081070368056337,812.0,453.0,2,2
1,4,coxnet,Brats18_CBICA_AXW_1,-0.29873712055212076,332.0,436.0,1,2
1,4,coxnet,Brats18_CBICA_AZH_1,0.1068882015811948,114.0,355.0,0,0
1,4,coxnet,Brats18_TCIA01_150_1,0.17032976497050162,103.0,345.0,0,0
1,4,coxnet,Brats18_TCIA01_235_1,0.05583443820106314,375.0,357.0,1,0
1,4,coxnet,Brats18_TCIA01_411_1,0.3074136273361854,438.0,322.0,1,0
1,4,coxnet,Brats18_TCIA01_460_1,0.7069118300579548,286.0,210.0,0,0
1,4,coxnet,Brats18_TCIA02_274_1,0.10602005387165693,213.0,355.0,0,0
1,4,coxnet,Brats18_TCIA02_290_1,0.3039410364980339,12.0,322.0,0,0
1,4,coxnet,Brats18_TCIA02_300_1,-0.0510979864064396,503.0,382.0,2,1
1,4,coxnet,Brats18_TCIA02_430_1,0.12440141210629554,597.0,350.0,2,0
1,4,coxnet,Brats18_TCIA03_121_1,0.5160361999974429,22.0,268.0,0,0
1,4,coxnet,Brats18_TCIA03_265_1,0.028938554353649035,153.0,359.0,0,1
1,4,coxnet,Brats18_TCIA04_437_1,0.23981497203005292,634.0,331.0,2,0
1,4,coxnet,Brats18_TCIA08_218_1,0.06631899130855912,630.0,357.0,2,0
1,4,coxnet,Brats18_TCIA08_319_1,-0.059145047867925356,55.0,382.0,0,1
1,4,genetico,Brats18_CBICA_AAB_1,0.373553532398994,191.0,296.0,0,0
1,4,genetico,Brats18_CBICA_AAG_1,0.7003955612896938,1489.0,229.0,2,0
1,4,genetico,Brats18_CBICA_AAP_1,-0.006925007009287665,232.0,370.0,0,1
1,4,genetico,Brats18_CBICA_AMH_1,-0.3140161838109233,387.0,434.0,1,2
1,4,genetico,Brats18_CBICA_ANI_1,-0.21444905168668021,106.0,421.0,0,2
1,4,genetico,Brats18_CBICA_ANP_1,-0.35672114172736075,327.0,439.0,1,2
1,4,genetico,Brats18_CBICA_AOZ_1,0.6674486421301192,1561.0,239.0,2,0
1,4,genetico,Brats18_CBICA_APY_1,0.21070166122930903,71.0,333.0,0,0
1,4,genetico,Brats18_CBICA_APZ_1,0.2101469688861672,77.0,333.0,0,0
1,4,genetico,Brats18_CBICA_AQJ_1,0.16035548429405497,376.0,345.0,1,0
1,4,genetico,Brats18_CBICA_AQV_1,0.16603209774510325,208.0,345.0,0,0
1,4,genetico,Brats18_CBICA_AQZ_1,0.10275030279631803,1458.0,355.0,2,0
1,4,genetico,Brats18_CBICA_ASK_1,-0.4022936353091218,473.0,448.0,2,2
1,4,genetico,Brats18_CBICA_ASU_1,-0.2988349122534396,362.0,434.0,1,2
1,4,genetico,Brats18_CBICA_ASV_1,-0.018677180733309817,828.0,370.0,2,1
1,4,genetico,Brats18_CBICA_AWH_1,-0.13990023481040892,405.0,394.0,1,2
1,4,genetico,Brats18_CBICA_AXN_1,-0.5962386917234429,812.0,486.0,2,2
1,4,genetico,Brats18_CBICA_AXW_1,-0.3831841138352137,332.0,448.0,1,2
1,4,genetico,Brats18_CBICA_AZH_1,-0.1295142323512853,114.0,394.0,0,2
1,4,genetico,Brats18_TCIA01_150_1,-0.15313772322148314,103.0,394.0,0,2
1,4,genetico,Brats18_TCIA01_235_1,0.6711573503611488,375.0,239.0,1,0
1,4,genetico,Brats18_TCIA01_411_1,0.3639255449144891,438.0,296.0,1,0
1,4,genetico,Brats18_TCIA01_460_1,0.8254216117210099,286.0,203.0,0,0
1,4,genetico,Brats18_TCIA02_274_1,0.3898600339674339,213.0,291.0,0,0
1,4,genetico,Brats18_TCIA02_290_1,-0.036488090449354,12.0,372.0,0,1
1,4,genetico,Brats18_TCIA02_300_1,0.17854411354299227,503.0,345.0,2,0
1,4,genetico,Brats18_TCIA02_430_1,-0.04871905764538784,597.0,372.0,2,1
1,4,genetico,Brats18_TCIA03_121_1,-0.026462903964387774,22.0,370.0,0,1
1,4,genetico,Brats18_TCIA03_265_1,0.08542582028078032,153.0,355.0,0,0
1,4,genetico,Brats18_TCIA04_437_1,-0.0050131248483682445,634.0,370.0,2,1
1,4,genetico,Brats18_TCIA08_218_1,0.2443609407552641,630.0,331.0,2,0
1,4,genetico,Brats18_TCIA08_319_1,-0.1866353241794882,55.0,407.0,0,2
2,0,edad,Brats18_CBICA_AAG_1,0.10588557405476416,1489.0,355.0,2,0
2,0,edad,Brats18_CBICA_AAL_1,0.07884453149299472,170.0,355.0,0,0
2,0,edad,Brats18_CBICA_AAP_1,0.2809623927998804,232.0,331.0,0,0
2,0,edad,Brats18_CBICA_ANZ_1,-0.10356972421809728,318.0,385.0,1,2
2,0,edad,Brats18_CBICA_APY_1,0.1949830229273261,71.0,336.0,0,0
2,0,edad,Brats18_CBICA_AQD_1,-0.16973934112464475,626.0,394.0,2,2
2,0,edad,Brats18_CBICA_AQG_1,0.0880793527015284,229.0,355.0,0,0
2,0,edad,Brats18_CBICA_AQR_1,-0.14763415127778132,747.0,387.0,2,2
2,0,edad,Brats18_CBICA_AQT_1,-0.20877503652048643,67.0,405.0,0,2
2,0,edad,Brats18_CBICA_AQZ_1,-0.04115507053283558,1458.0,375.0,2,1
2,0,edad,Brats18_CBICA_ARZ_1,0.07189187874404125,262.0,359.0,0,0
2,0,edad,Brats18_CBICA_ASO_1,0.10475775824625069,495.0,355.0,2,0
2,0,edad,Brats18_CBICA_ATP_1,0.11482848999521192,5.0,355.0,0,0
2,0,edad,Brats18_CBICA_ATX_1,0.31126746699570046,269.0,329.0,0,0
2,0,edad,Brats18_CBICA_AVG_1,-0.04134082843070842,85.0,375.0,0,1
2,0,edad,Brats18_CBICA_AXQ_1,-0.08012442382229415,357.0,382.0,1,2
2,0,edad,Brats18_CBICA_AYU_1,-0.046940102209445715,488.0,375.0,2,1
2,0,edad,Brats18_CBICA_AZH_1,0.07069772082914472,114.0,359.0,0,0
2,0,edad,Brats18_TCIA01_335_1,0.07654909461213802,804.0,355.0,2,0
2,0,edad,Brats18_TCIA01_401_1,-0.2461123739929198,120.0,407.0,0,2
2,0,edad,Brats18_TCIA01_448_1,0.20956501791034113,208.0,336.0,0,0
2,0,edad,Brats18_TCIA02_135_1,-0.12101769819686405,58.0,385.0,0,2
2,0,edad,Brats18_TCIA02_274_1,0.07000776292276002,213.0,359.0,0,0
2,0,edad,Brats18_TCIA02_290_1,0.22730489715719374,12.0,333.0,0,0
2,0,edad,Brats18_TCIA02_314_1,0.26391247145941243,510.0,332.0,2,0
2,0,edad,Brats18_TCIA02_321_1,-0.2782086850610847,401.0,424.0,1,2
2,0,edad,Brats18_TCIA02_322_1,0.038229893965234144,468.0,362.0,2,0
2,0,edad,Brats18_TCIA02_331_1,-0.3264128595590769,737.0,430.0,2,2
2,0,edad,Brats18_TCIA03_133_1,-0.04668800220518979,508.0,375.0,2,1
2,0,edad,Brats18_TCIA03_338_1,-0.21470602083113952,1278.0,405.0,2,2
2,0,edad,Brats18_TCIA03_419_1,-0.13731131952456407,448.0,387.0,1,2
2,0,edad,Brats18_TCIA04_192_1,-0.20856274178006048,439.0,405.0,1,2
2,0,edad,Brats18_TCIA08_105_1,-0.08470202916273108,30.0,382.0,0,2
2,0,coxnet,Brats18_CBICA_AAG_1,0.10588579732712118,1489.0,355.0,2,0
2,0,coxnet,Brats18_CBICA_AAL_1,0.07884469774608956,170.0,355.0,0,0
2,0,coxnet,Brats18_CBICA_AAP_1,0.28096298524258306,232.0,331.0,0,0
2,0,coxnet,Brats18_CBICA_ANZ_1,-0.10356994260720875,318.0,385.0,1,2
2,0,coxnet,Brats18_CBICA_APY_1,0.1949834340722766,71.0,336.0,0,0
2,0,coxnet,Brats18_CBICA_AQD_1,-0.16973969904028247,626.0,394.0,2,2
2,0,coxnet,Brats18_CBICA_AQG_1,0.08807953842734477,229.0,355.0,0,0
2,0,coxnet,Brats18_CBICA_AQR_1,-0.14763446258199078,747.0,387.0,2,2
2,0,coxnet,Brats18_CBICA_AQT_1,-0.20877547674754188,67.0,405.0,0,2
2,0,coxnet,Brats18_CBICA_AQZ_1,-0.04115515731320845,1458.0,375.0,2,1
2,0,coxnet,Brats18_CBICA_ARZ_1,0.07189203033663885,262.0,359.0,0,0
2,0,coxnet,Brats18_CBICA_ASO_1,0.10475797914047362,495.0,355.0,2,0
2,0,coxnet,Brats18_CBICA_ATP_1,0.1148287321247734,5.0,355.0,0,0
2,0,coxnet,Brats18_CBICA_ATX_1,0.31126812334026516,269.0,329.0,0,0
2,0,coxnet,Brats18_CBICA_AVG_1,-0.04134091560277396,85.0,375.0,0,1
2,0,coxnet,Brats18_CBICA_AXQ_1,-0.08012459277419451,357.0,382.0,1,2
2,0,coxnet,Brats18_CBICA_AYU_1,-0.046940201188247585,488.0,375.0,2,1
2,0,coxnet,Brats18_CBICA_AZH_1,0.07069786990371797,114.0,359.0,0,0
2,0,coxnet,Brats18_TCIA01_335_1,0.07654925602503053,804.0,355.0,2,0
2,0,coxnet,Brats18_TCIA01_401_1,-0.24611289295020283,120.0,407.0,0,2
2,0,coxnet,Brats18_TCIA01_448_1,0.2095654598031666,208.0,336.0,0,0
2,0,coxnet,Brats18_TCIA02_135_1,-0.12101795337710887,58.0,385.0,0,2
2,0,coxnet,Brats18_TCIA02_274_1,0.07000791054247478,213.0,359.0,0,0
2,0,coxnet,Brats18_TCIA02_290_1,0.2273053764566696,12.0,333.0,0,0
2,0,coxnet,Brats18_TCIA02_314_1,0.2639130279503232,510.0,332.0,2,0
2,0,coxnet,Brats18_TCIA02_321_1,-0.2782092716972663,401.0,424.0,1,2
2,0,coxnet,Brats18_TCIA02_322_1,0.03822997457752351,468.0,362.0,2,0
2,0,coxnet,Brats18_TCIA02_331_1,-0.3264135478395075,737.0,430.0,2,2
2,0,coxnet,Brats18_TCIA03_133_1,-0.04668810065240874,508.0,375.0,2,1
2,0,coxnet,Brats18_TCIA03_338_1,-0.2147064735643825,1278.0,405.0,2,2
2,0,coxnet,Brats18_TCIA03_419_1,-0.13731160906185208,448.0,387.0,1,2
2,0,coxnet,Brats18_TCIA04_192_1,-0.20856318155946715,439.0,405.0,1,2
2,0,coxnet,Brats18_TCIA08_105_1,-0.08470220776705804,30.0,382.0,0,2
2,0,genetico,Brats18_CBICA_AAG_1,-0.29691162068610977,1489.0,425.0,2,2
2,0,genetico,Brats18_CBICA_AAL_1,0.8832426435927767,170.0,199.0,0,0
2,0,genetico,Brats18_CBICA_AAP_1,1.149062319295112,232.0,168.0,0,0
2,0,genetico,Brats18_CBICA_ANZ_1,0.3850988692998504,318.0,322.0,1,0
2,0,genetico,Brats18_CBICA_APY_1,-0.10139608550245549,71.0,385.0,0,1
2,0,genetico,Brats18_CBICA_AQD_1,-0.26362807243540703,626.0,421.0,2,2
2,0,genetico,Brats18_CBICA_AQG_1,0.3455261542873934,229.0,327.0,0,0
2,0,genetico,Brats18_CBICA_AQR_1,-0.05946285732496736,747.0,376.0,2,1
2,0,genetico,Brats18_CBICA_AQT_1,1.6295389984283417,67.0,110.0,0,0
2,0,genetico,Brats18_CBICA_AQZ_1,-0.3532149375793644,1458.0,434.0,2,2
2,0,genetico,Brats18_CBICA_ARZ_1,-0.22075084778722123,262.0,407.0,0,2
2,0,genetico,Brats18_CBICA_ASO_1,0.7180752152339017,495.0,239.0,2,0
2,0,genetico,Brats18_CBICA_ATP_1,-0.02589053764755539,5.0,375.0,0,1
2,0,genetico,Brats18_CBICA_ATX_1,1.3942431996612252,269.0,139.0,0,0
2,0,genetico,Brats18_CBICA_AVG_1,-0.00311446577969246,85.0,372.0,0,1
2,0,genetico,Brats18_CBICA_AXQ_1,-0.27492758652257676,357.0,424.0,1,2
2,0,genetico,Brats18_CBICA_AYU_1,0.1158687617030629,488.0,355.0,2,0
2,0,genetico,Brats18_CBICA_AZH_1,0.26784814910267063,114.0,332.0,0,0
2,0,genetico,Brats18_TCIA01_335_1,0.3005488363362135,804.0,331.0,2,0
2,0,genetico,Brats18_TCIA01_401_1,0.41636107062217975,120.0,317.0,0,0
2,0,genetico,Brats18_TCIA01_448_1,-0.009054592632947979,208.0,372.0,0,1
2,0,genetico,Brats18_TCIA02_135_1,-0.6104094560051029,58.0,476.0,0,2
2,0,genetico,Brats18_TCIA02_274_1,-0.0589035245348175,213.0,376.0,0,1
2,0,genetico,Brats18_TCIA02_290_1,0.4547134884242576,12.0,291.0,0,0
2,0,genetico,Brats18_TCIA02_314_1,-0.058506247362277025,510.0,376.0,2,1
2,0,genetico,Brats18_TCIA02_321_1,-0.6743437781011081,401.0,495.0,1,2
2,0,genetico,Brats18_TCIA02_322_1,0.6006311520610869,468.0,265.0,2,0
2,0,genetico,Brats18_TCIA02_331_1,0.28547451341752017,737.0,332.0,2,0
2,0,genetico,Brats18_TCIA03_133_1,-0.12678899662668922,508.0,387.0,2,1
2,0,genetico,Brats18_TCIA03_338_1,-0.23677941430894947,1278.0,407.0,2,2
2,0,genetico,Brats18_TCIA03_419_1,-0.9558938547705363,448.0,614.0,1,2
2,0,genetico,Brats18_TCIA04_192_1,-0.5233579408958371,439.0,465.0,1,2
2,0,genetico,Brats18_TCIA08_105_1,-0.16649957489677036,30.0,394.0,0,1
2,1,edad,Brats18_CBICA_ABY_1,0.2263177297876818,23.0,332.0,0,0
2,1,edad,Brats18_CBICA_ALN_1,-0.013668848642050705,394.0,370.0,1,1
2,1,edad,Brats18_CBICA_ANG_1,0.08524569895248633,317.0,355.0,1,0
2,1,edad,Brats18_CBICA_AOH_1,0.06306960319619616,466.0,355.0,2,0
2,1,edad,Brats18_CBICA_AOZ_1,0.25878032779237164,1561.0,327.0,2,0
2,1,edad,Brats18_CBICA_AQQ_1,-0.18638284743243477,822.0,401.0,2,2
2,1,edad,Brats18_CBICA_ASN_1,0.3957682927998165,99.0,286.0,0,0
2,1,edad,Brats18_CBICA_ASU_1,-0.4019031997351757,362.0,439.0,1,2
2,1,edad,Brats18_CBICA_ASV_1,0.10448279406637666,828.0,350.0,2,0
2,1,edad,Brats18_CBICA_ASY_1,-0.1199308978425876,210.0,385.0,0,2
2,1,edad,Brats18_CBICA_ATD_1,-0.170848129751178,329.0,394.0,1,2
2,1,edad,Brats18_CBICA_AUR_1,-0.19134479656895392,254.0,401.0,0,2
2,1,edad,Brats18_CBICA_AXJ_1,0.6186170622888015,291.0,209.0,0,0
2,1,edad,Brats18_CBICA_AXL_1,-0.27489638626003693,522.0,424.0,2,2
2,1,edad,Brats18_CBICA_AXM_1,-0.12802269181906512,152.0,387.0,0,2
2,1,edad,Brats18_CBICA_AXO_1,0.0749019434448191,382.0,355.0,1,0
2,1,edad,Brats18_CBICA_AYA_1,-0.27882777672974074,175.0,424.0,0,2
2,1,edad,Brats18_CBICA_AYW_1,0.1975575092156255,616.0,336.0,2,0
2,1,edad,Brats18_TCIA01_147_1,-0.022714863606320475,610.0,370.0,2,1
2,1,edad,Brats18_TCIA01_201_1,-0.009603867234056013,244.0,368.0,0,1
2,1,edad,Brats18_TCIA01_390_1,-0.06391812585918678,265.0,375.0,0,1
2,1,edad,Brats18_TCIA01_412_1,-0.1628517578734796,467.0,387.0,2,2
2,1,edad,Brats18_TCIA01_499_1,0.19358794990641007,616.0,336.0,2,0
2,1,edad,Brats18_TCIA02_151_1,0.23383699117148415,558.0,332.0,2,0
2,1,edad,Brats18_TCIA02_377_1,-0.06748691235352948,1767.0,375.0,2,1
2,1,edad,Brats18_TCIA02_430_1,0.12137250555029816,597.0,350.0,2,0
2,1,edad,Brats18_TCIA02_491_1,-0.3986015951174147,111.0,438.0,0,2
2,1,edad,Brats18_TCIA03_257_1,-0.17367262387504276,788.0,394.0,2,2
2,1,edad,Brats18_TCIA04_111_1,-0.28697682396548607,86.0,424.0,0,2
2,1,edad,Brats18_TCIA05_478_1,0.018526567486057296,296.0,359.0,0,1
2,1,edad,Brats18_TCIA06_165_1,0.161640631235128,331.0,345.0,1,0
2,1,edad,Brats18_TCIA06_184_1,-0.017962843087115526,187.0,370.0,0,1
2,1,edad,Brats18_TCIA08_242_1,-0.11933928083015634,495.0,385.0,2,2
2,1,coxnet,Brats18_CBICA_ABY_1,0.22631456029044156,23.0,332.0,0,0
2,1,coxnet,Brats18_CBICA_ALN_1,-0.013668657214812153,394.0,370.0,1,1
2,1,coxnet,Brats18_CBICA_ANG_1,0.08524450511757191,317.0,355.0,1,0
2,1,coxnet,Brats18_CBICA_AOH_1,0.0630687199294125,466.0,355.0,2,0
2,1,coxnet,Brats18_CBICA_AOZ_1,0.25877670366828937,1561.0,327.0,2,0
2,1,coxnet,Brats18_CBICA_AQQ_1,-0.18638023720865282,822.0,401.0,2,2
2,1,coxnet,Brats18_CBICA_ASN_1,0.39576275020926033,99.0,286.0,0,0
2,1,coxnet,Brats18_CBICA_ASU_1,-0.40189757122748604,362.0,439.0,1,2
2,1,coxnet,Brats18_CBICA_ASV_1,0.10448133082296326,828.0,350.0,2,0
2,1,coxnet,Brats18_CBICA_ASY_1,-0.1199292182541166,210.0,385.0,0,2
2,1,coxnet,Brats18_CBICA_ATD_1,-0.17084573708544978,329.0,394.0,1,2
2,1,coxnet,Brats18_CBICA_AUR_1,-0.19134211685488456,254.0,401.0,0,2
2,1,coxnet,Brats18_CBICA_AXJ_1,0.6186083987825285,291.0,209.0,0,0
2,1,coxnet,Brats18_CBICA_AXL_1,-0.2748925364364353,522.0,424.0,2,2
2,1,coxnet,Brats18_CBICA_AXM_1,-0.12802089890797153,152.0,387.0,0,2
2,1,coxnet,Brats18_CBICA_AXO_1,0.07490089447042694,382.0,355.0,1,0
2,1,coxnet,Brats18_CBICA_AYA_1,-0.2788238718484498,175.0,424.0,0,2
2,1,coxnet,Brats18_CBICA_AYW_1,0.19755474249478203,616.0,336.0,2,0
2,1,coxnet,Brats18_TCIA01_147_1,-0.022714545492942523,610.0,370.0,2,1
2,1,coxnet,Brats18_TCIA01_201_1,-0.00960373273539909,244.0,368.0,0,1
2,1,coxnet,Brats18_TCIA01_390_1,-0.06391723070915278,265.0,375.0,0,1
2,1,coxnet,Brats18_TCIA01_412_1,-0.16284947719402232,467.0,387.0,2,2
2,1,coxnet,Brats18_TCIA01_499_1,0.19358523877779654,616.0,336.0,2,0
2,1,coxnet,Brats18_TCIA02_151_1,0.2338337163697314,558.0,332.0,2,0
2,1,coxnet,Brats18_TCIA02_377_1,-0.06748596722394261,1767.0,375.0,2,1
2,1,coxnet,Brats18_TCIA02_430_1,0.12137080577263715,597.0,350.0,2,0
2,1,coxnet,Brats18_TCIA02_491_1,-0.39859601284749324,111.0,438.0,0,2
2,1,coxnet,Brats18_TCIA03_257_1,-0.1736701916533048,788.0,394.0,2,2
2,1,coxnet,Brats18_TCIA04_111_1,-0.2869728049597616,86.0,424.0,0,2
2,1,coxnet,Brats18_TCIA05_478_1,0.01852630802823853,296.0,359.0,0,1
2,1,coxnet,Brats18_TCIA06_165_1,0.16163836751705743,331.0,345.0,1,0
2,1,coxnet,Brats18_TCIA06_184_1,-0.017962591524051313,187.0,370.0,0,1
2,1,coxnet,Brats18_TCIA08_242_1,-0.11933760952706578,495.0,385.0,2,2
2,1,genetico,Brats18_CBICA_ABY_1,-0.12023136825597819,23.0,385.0,0,1
2,1,genetico,Brats18_CBICA_ALN_1,-0.02039404622629857,394.0,368.0,1,1
2,1,genetico,Brats18_CBICA_ANG_1,0.2161968701791672,317.0,333.0,1,0
2,1,genetico,Brats18_CBICA_AOH_1,-0.6205815557425374,466.0,473.0,2,2
2,1,genetico,Brats18_CBICA_AOZ_1,0.12305930582555427,1561.0,346.0,2,0
2,1,genetico,Brats18_CBICA_AQQ_1,-0.5978528858936016,822.0,468.0,2,2
2,1,genetico,Brats18_CBICA_ASN_1,0.22957218542171667,99.0,332.0,0,0
2,1,genetico,Brats18_CBICA_ASU_1,-0.4033659174415469,362.0,436.0,1,2
2,1,genetico,Brats18_CBICA_ASV_1,0.3569045564011043,828.0,289.0,2,0
2,1,genetico,Brats18_CBICA_ASY_1,0.5532691579104586,210.0,232.0,0,0
2,1,genetico,Brats18_CBICA_ATD_1,-0.14926568350589053,329.0,387.0,1,1
2,1,genetico,Brats18_CBICA_AUR_1,-0.34460067098745634,254.0,430.0,0,2
2,1,genetico,Brats18_CBICA_AXJ_1,1.8836826298771474,291.0,82.0,0,0
2,1,genetico,Brats18_CBICA_AXL_1,-0.3591894747424279,522.0,430.0,2,2
2,1,genetico,Brats18_CBICA_AXM_1,-0.16878252493028534,152.0,387.0,0,2
2,1,genetico,Brats18_CBICA_AXO_1,0.1894929219796908,382.0,336.0,1,0
2,1,genetico,Brats18_CBICA_AYA_1,-0.3146126073017099,175.0,424.0,0,2
2,1,genetico,Brats18_CBICA_AYW_1,0.05483774225370974,616.0,355.0,2,0
2,1,genetico,Brats18_TCIA01_147_1,-0.12700277648658803,610.0,385.0,2,1
2,1,genetico,Brats18_TCIA01_201_1,0.4450148886576349,244.0,268.0,0,0
2,1,genetico,Brats18_TCIA01_390_1,-0.0927158209992897,265.0,375.0,0,1
2,1,genetico,Brats18_TCIA01_412_1,0.13501090234545318,467.0,346.0,2,0
2,1,genetico,Brats18_TCIA01_499_1,0.3669961392468223,616.0,287.0,2,0
2,1,genetico,Brats18_TCIA02_151_1,0.19118729720515804,558.0,336.0,2,0
2,1,genetico,Brats18_TCIA02_377_1,-0.1263755186070205,1767.0,385.0,2,1
2,1,genetico,Brats18_TCIA02_430_1,0.10254528515593157,597.0,350.0,2,0
2,1,genetico,Brats18_TCIA02_491_1,-0.10494816968145304,111.0,376.0,0,1
2,1,genetico,Brats18_TCIA03_257_1,0.5489686961770059,788.0,232.0,2,0
2,1,genetico,Brats18_TCIA04_111_1,-0.36718795731527465,86.0,434.0,0,2
2,1,genetico,Brats18_TCIA05_478_1,0.5966356312027856,296.0,213.0,0,0
2,1,genetico,Brats18_TCIA06_165_1,0.43279924523788066,331.0,269.0,1,0
2,1,genetico,Brats18_TCIA06_184_1,0.32825501892170383,187.0,318.0,0,0
2,1,genetico,Brats18_TCIA08_242_1,0.3110044860773238,495.0,318.0,2,0
2,2,edad,Brats18_2013_11_1,0.26915519475992883,407.0,296.0,1,0
2,2,edad,Brats18_2013_27_1,-0.06935823564886844,82.0,372.0,0,2
2,2,edad,Brats18_CBICA_ABB_1,-0.07347435011116563,465.0,372.0,2,2
2,2,edad,Brats18_CBICA_ABN_1,-0.07166430400512373,1282.0,372.0,2,2
2,2,edad,Brats18_CBICA_ALU_1,-0.05090098665408546,359.0,370.0,1,1
2,2,edad,Brats18_CBICA_AME_1,0.0723648935963159,333.0,355.0,1,0
2,2,edad,Brats18_CBICA_ANI_1,0.01559210130873251,106.0,357.0,0,1
2,2,edad,Brats18_CBICA_AOO_1,0.1382575335720335,127.0,331.0,0,0
2,2,edad,Brats18_CBICA_AOP_1,-0.06773093458237886,289.0,372.0,0,2
2,2,edad,Brats18_CBICA_AQA_1,-0.14199503779854025,394.0,385.0,1,2
2,2,edad,Brats18_CBICA_ASA_1,-0.03232190763293427,946.0,368.0,2,1
2,2,edad,Brats18_CBICA_ASK_1,-0.15043611819690872,473.0,387.0,2,2
2,2,edad,Brats18_CBICA_ATB_1,-0.09638709721312877,1592.0,376.0,2,2
2,2,edad,Brats18_CBICA_ATV_1,-0.018354965324293628,168.0,368.0,0,1
2,2,edad,Brats18_CBICA_AWG_1,0.03931414787157013,486.0,355.0,2,0
2,2,edad,Brats18_CBICA_AWI_1,0.11746810978677338,268.0,346.0,0,0
2,2,edad,Brats18_CBICA_AXW_1,-0.1667439374407669,332.0,394.0,1,2
2,2,edad,Brats18_CBICA_BHB_1,0.03876591275291318,32.0,355.0,0,0
2,2,edad,Brats18_CBICA_BHM_1,-0.01723238865275805,434.0,368.0,1,1
2,2,edad,Brats18_TCIA01_190_1,-0.0128465077035027,110.0,362.0,0,1
2,2,edad,Brats18_TCIA01_235_1,0.01807221255979957,375.0,357.0,1,1
2,2,edad,Brats18_TCIA01_425_1,0.033431498026933945,600.0,355.0,2,0
2,2,edad,Brats18_TCIA01_429_1,0.04406551889993011,336.0,355.0,1,0
2,2,edad,Brats18_TCIA02_226_1,-0.11772475611704575,387.0,382.0,1,2
2,2,edad,Brats18_TCIA02_471_1,-0.144144467549465,726.0,385.0,2,2
2,2,edad,Brats18_TCIA03_121_1,0.25794683233405397,22.0,317.0,0,0
2,2,edad,Brats18_TCIA03_265_1,0.004053057382715406,153.0,362.0,0,1
2,2,edad,Brats18_TCIA03_375_1,0.000432965170631638,453.0,362.0,2,1
2,2,edad,Brats18_TCIA03_498_1,0.006681105094372451,464.0,362.0,2,1
2,2,edad,Brats18_TCIA04_479_1,0.03176068623674142,345.0,355.0,1,0
2,2,edad,Brats18_TCIA06_247_1,-0.14488414985241477,871.0,385.0,2,2
2,2,edad,Brats18_TCIA06_409_1,-0.08020110799563872,660.0,372.0,2,2
2,2,edad,Brats18_TCIA08_469_1,-0.03349669717291337,147.0,368.0,0,1
2,2,coxnet,Brats18_2013_11_1,0.5553371872141469,407.0,232.0,1,0
2,2,coxnet,Brats18_2013_27_1,-0.05976061111726126,82.0,362.0,0,1
2,2,coxnet,Brats18_CBICA_ABB_1,-0.5228640235368752,465.0,448.0,2,2
2,2,coxnet,Brats18_CBICA_ABN_1,0.49178449933242,1282.0,244.0,2,0
2,2,coxnet,Brats18_CBICA_ALU_1,-0.24297242831610671,359.0,387.0,1,2
2,2,coxnet,Brats18_CBICA_AME_1,0.05357646078435942,333.0,346.0,1,1
2,2,coxnet,Brats18_CBICA_ANI_1,-0.1048286059326002,106.0,368.0,0,1
2,2,coxnet,Brats18_CBICA_AOO_1,0.1300656757903927,127.0,327.0,0,0
2,2,coxnet,Brats18_CBICA_AOP_1,-0.33991481827964243,289.0,421.0,0,2
2,2,coxnet,Brats18_CBICA_AQA_1,-0.5576682756208399,394.0,448.0,1,2
2,2,coxnet,Brats18_CBICA_ASA_1,-0.2843157354982448,946.0,401.0,2,2
2,2,coxnet,Brats18_CBICA_ASK_1,0.2302532262090823,473.0,317.0,2,0
2,2,coxnet,Brats18_CBICA_ATB_1,-1.0623361270032485,1592.0,610.0,2,2
2,2,coxnet,Brats18_CBICA_ATV_1,0.4087848975272052,168.0,265.0,0,0
2,2,coxnet,Brats18_CBICA_AWG_1,-0.016400656760434104,486.0,355.0,2,1
2,2,coxnet,Brats18_CBICA_AWI_1,-0.28547082238158117,268.0,401.0,0,2
2,2,coxnet,Brats18_CBICA_AXW_1,-0.14991911165830768,332.0,372.0,1,1
2,2,coxnet,Brats18_CBICA_BHB_1,-1.582611164065647,32.0,812.0,0,2
2,2,coxnet,Brats18_CBICA_BHM_1,-0.6359393884119127,434.0,468.0,1,2
2,2,coxnet,Brats18_TCIA01_190_1,0.006158993732747239,110.0,355.0,0,1
2,2,coxnet,Brats18_TCIA01_235_1,0.43018817314420743,375.0,262.0,1,0
2,2,coxnet,Brats18_TCIA01_425_1,0.9442955725369856,600.0,180.0,2,0
2,2,coxnet,Brats18_TCIA01_429_1,-0.10978961269746035,336.0,370.0,1,1
2,2,coxnet,Brats18_TCIA02_226_1,-2.010766442936325,387.0,1458.0,1,2
2,2,coxnet,Brats18_TCIA02_471_1,-0.6268114210073048,726.0,468.0,2,2
2,2,coxnet,Brats18_TCIA03_121_1,-0.22609087423939567,22.0,385.0,0,2
2,2,coxnet,Brats18_TCIA03_265_1,-0.3066914093495373,153.0,405.0,0,2
2,2,coxnet,Brats18_TCIA03_375_1,0.31343386256069034,453.0,287.0,2,0
2,2,coxnet,Brats18_TCIA03_498_1,0.3510818052861441,464.0,286.0,2,0
2,2,coxnet,Brats18_TCIA04_479_1,0.15805935205246954,345.0,322.0,1,0
2,2,coxnet,Brats18_TCIA06_247_1,0.13411551344347472,871.0,327.0,2,0
2,2,coxnet,Brats18_TCIA06_409_1,0.1700877035259628,660.0,322.0,2,0
2,2,coxnet,Brats18_TCIA08_469_1,0.5792948222390618,147.0,229.0,0,0
2,2,genetico,Brats18_2013_11_1,1.2144160037379905,407.0,139.0,1,0
2,2,genetico,Brats18_2013_27_1,0.5331200167498771,82.0,239.0,0,0
2,2,genetico,Brats18_CBICA_ABB_1,-0.6314094120600848,465.0,495.0,2,2
2,2,genetico,Brats18_CBICA_ABN_1,-0.018167834951756084,1282.0,362.0,2,1
2,2,genetico,Brats18_CBICA_ALU_1,-0.4176145382603168,359.0,448.0,1,2
2,2,genetico,Brats18_CBICA_AME_1,-0.20828281557722092,333.0,401.0,1,1
2,2,genetico,Brats18_CBICA_ANI_1,-0.047670834926213865,106.0,370.0,0,1
2,2,genetico,Brats18_CBICA_AOO_1,-0.27786758140209067,127.0,424.0,0,2
2,2,genetico,Brats18_CBICA_AOP_1,0.08558638126429258,289.0,350.0,0,0
2,2,genetico,Brats18_CBICA_AQA_1,-0.6440451845254624,394.0,503.0,1,2
2,2,genetico,Brats18_CBICA_ASA_1,-0.5398124124140129,946.0,468.0,2,2
2,2,genetico,Brats18_CBICA_ASK_1,-0.019052072371175698,473.0,362.0,2,1
2,2,genetico,Brats18_CBICA_ATB_1,-0.5338808139220834,1592.0,468.0,2,2
2,2,genetico,Brats18_CBICA_ATV_1,-0.16921809398858997,168.0,387.0,0,1
2,2,genetico,Brats18_CBICA_AWG_1,-0.07197539046511238,486.0,372.0,2,1
2,2,genetico,Brats18_CBICA_AWI_1,-0.026490790177355478,268.0,368.0,0,1
2,2,genetico,Brats18_CBICA_AXW_1,-0.4895391390887417,332.0,466.0,1,2
2,2,genetico,Brats18_CBICA_BHB_1,0.02259792271882685,32.0,357.0,0,1
2,2,genetico,Brats18_CBICA_BHM_1,-0.1733042470097116,434.0,387.0,1,1
2,2,genetico,Brats18_TCIA01_190_1,0.20661731861167942,110.0,322.0,0,0
2,2,genetico,Brats18_TCIA01_235_1,0.5598127475197016,375.0,232.0,1,0
2,2,genetico,Brats18_TCIA01_425_1,1.4941666986125546,600.0,104.0,2,0
2,2,genetico,Brats18_TCIA01_429_1,0.030077733911853505,336.0,355.0,1,0
2,2,genetico,Brats18_TCIA02_226_1,-1.2172185145330565,387.0,737.0,1,2
2,2,genetico,Brats18_TCIA02_471_1,-0.46718761996371155,726.0,448.0,2,2
2,2,genetico,Brats18_TCIA03_121_1,-0.07803537661038984,22.0,372.0,0,1
2,2,genetico,Brats18_TCIA03_265_1,0.14824973293818933,153.0,331.0,0,0
2,2,genetico,Brats18_TCIA03_375_1,0.36570977078043676,453.0,286.0,2,0
2,2,genetico,Brats18_TCIA03_498_1,0.6912615717275357,464.0,209.0,2,0
2,2,genetico,Brats18_TCIA04_479_1,0.01445017971732003,345.0,357.0,1,1
2,2,genetico,Brats18_TCIA06_247_1,-0.07122256454522526,871.0,372.0,2,1
2,2,genetico,Brats18_TCIA06_409_1,0.4880192857618114,660.0,254.0,2,0
2,2,genetico,Brats18_TCIA08_469_1,0.4948752407121027,147.0,254.0,0,0
2,3,edad,Brats18_CBICA_AAB_1,-0.0006572629091720546,191.0,362.0,0,1
2,3,edad,Brats18_CBICA_ABM_1,-0.1557711841614697,448.0,394.0,1,2
2,3,edad,Brats18_CBICA_ALX_1,0.01198298678542733,150.0,362.0,0,1
2,3,edad,Brats18_CBICA_AOD_1,-0.0025943401350977014,370.0,362.0,1,1
2,3,edad,Brats18_CBICA_AQJ_1,-0.09276692659280429,376.0,382.0,1,2
2,3,edad,Brats18_CBICA_AQU_1,-0.20447718525741282,350.0,407.0,1,2
2,3,edad,Brats18_CBICA_ARF_1,-0.24441709111060772,209.0,425.0,0,2
2,3,edad,Brats18_CBICA_ASE_1,0.22340347485912188,385.0,331.0,1,0
2,3,edad,Brats18_CBICA_ASH_1,0.22740895658052737,139.0,331.0,0,0
2,3,edad,Brats18_CBICA_AVJ_1,0.2491764515091491,635.0,329.0,2,0
2,3,edad,Brats18_CBICA_AWH_1,0.12572881812812697,405.0,345.0,1,0
2,3,edad,Brats18_CBICA_AXN_1,-0.41596333696588444,812.0,467.0,2,2
2,3,edad,Brats18_CBICA_AZD_1,0.2325307200931442,203.0,329.0,0,0
2,3,edad,Brats18_TCIA01_186_1,0.43559551064144786,421.0,287.0,1,0
2,3,edad,Brats18_TCIA01_231_1,-0.055519229765471995,239.0,375.0,0,1
2,3,edad,Brats18_TCIA01_378_1,-0.22525972566437727,104.0,424.0,0,2
2,3,edad,Brats18_TCIA01_411_1,0.2875896778537756,438.0,318.0,1,0
2,3,edad,Brats18_TCIA02_118_1,0.2150806091511195,621.0,331.0,2,0
2,3,edad,Brats18_TCIA02_198_1,0.10085871645628541,322.0,346.0,1,0
2,3,edad,Brats18_TCIA02_283_1,-0.23660311857212815,172.0,424.0,0,2
2,3,edad,Brats18_TCIA02_300_1,-0.06492554544729723,503.0,375.0,2,1
2,3,edad,Brats18_TCIA02_368_1,-0.035114255258475904,515.0,372.0,2,1
2,3,edad,Brats18_TCIA02_455_1,0.0915837280440145,519.0,346.0,2,0
2,3,edad,Brats18_TCIA02_473_1,-0.009833755869277245,430.0,368.0,1,1
2,3,edad,Brats18_TCIA03_199_1,0.190391082474915,50.0,332.0,0,0
2,3,edad,Brats18_TCIA03_296_1,-6.629019617777765e-05,436.0,362.0,1,1
2,3,edad,Brats18_TCIA03_474_1,-0.01617029662527124,121.0,368.0,0,1
2,3,edad,Brats18_TCIA06_372_1,-0.23143210733342845,355.0,424.0,1,2
2,3,edad,Brats18_TCIA08_278_1,0.16287801950329367,169.0,333.0,0,0
2,3,edad,Brats18_TCIA08_280_1,0.05024846995180524,82.0,357.0,0,0
2,3,edad,Brats18_TCIA08_319_1,-0.07283801343794251,55.0,382.0,0,1
2,3,edad,Brats18_TCIA08_406_1,-0.30077290565808773,448.0,439.0,1,2
2,3,coxnet,Brats18_CBICA_AAB_1,-0.0001733351984929395,191.0,362.0,0,1
2,3,coxnet,Brats18_CBICA_ABM_1,-0.15259537065445392,448.0,394.0,1,2
2,3,coxnet,Brats18_CBICA_ALX_1,0.014012713867124767,150.0,362.0,0,1
2,3,coxnet,Brats18_CBICA_AOD_1,0.00227041060249305,370.0,362.0,1,1
2,3,coxnet,Brats18_CBICA_AQJ_1,-0.08068350347404644,376.0,382.0,1,1
2,3,coxnet,Brats18_CBICA_AQU_1,-0.1975654712704752,350.0,401.0,1,2
2,3,coxnet,Brats18_CBICA_ARF_1,-0.24745936021256637,209.0,425.0,0,2
2,3,coxnet,Brats18_CBICA_ASE_1,0.23915984952320848,385.0,329.0,1,0
2,3,coxnet,Brats18_CBICA_ASH_1,0.23819629033594317,139.0,329.0,0,0
2,3,coxnet,Brats18_CBICA_AVJ_1,0.2535631969561208,635.0,327.0,2,0
2,3,coxnet,Brats18_CBICA_AWH_1,0.14390350418598088,405.0,336.0,1,0
2,3,coxnet,Brats18_CBICA_AXN_1,-0.3877553338257923,812.0,465.0,2,2
2,3,coxnet,Brats18_CBICA_AZD_1,0.19796714292138046,203.0,332.0,0,0
2,3,coxnet,Brats18_TCIA01_186_1,0.4261648250991682,421.0,287.0,1,0
2,3,coxnet,Brats18_TCIA01_231_1,-0.051136793983864774,239.0,372.0,0,1
2,3,coxnet,Brats18_TCIA01_378_1,-0.2546266226648982,104.0,425.0,0,2
2,3,coxnet,Brats18_TCIA01_411_1,0.30770216662124616,438.0,317.0,1,0
2,3,coxnet,Brats18_TCIA02_118_1,0.200151421097903,621.0,332.0,2,0
2,3,coxnet,Brats18_TCIA02_198_1,0.06983664501689262,322.0,355.0,1,0
2,3,coxnet,Brats18_TCIA02_283_1,-0.20821435151563483,172.0,407.0,0,2
2,3,coxnet,Brats18_TCIA02_300_1,-0.11362790803680918,503.0,387.0,2,2
2,3,coxnet,Brats18_TCIA02_368_1,-0.035730853570643005,515.0,372.0,2,1
2,3,coxnet,Brats18_TCIA02_455_1,0.06024917659731947,519.0,357.0,2,0
2,3,coxnet,Brats18_TCIA02_473_1,-0.05730180145070465,430.0,375.0,1,1
2,3,coxnet,Brats18_TCIA03_199_1,0.17884254126326013,50.0,333.0,0,0
2,3,coxnet,Brats18_TCIA03_296_1,-0.013367296187129805,436.0,368.0,1,1
2,3,coxnet,Brats18_TCIA03_474_1,-0.02277486001726209,121.0,368.0,0,1
2,3,coxnet,Brats18_TCIA06_372_1,-0.2027546804286256,355.0,407.0,1,2
2,3,coxnet,Brats18_TCIA08_278_1,0.1847637011031524,169.0,332.0,0,0
2,3,coxnet,Brats18_TCIA08_280_1,0.04811895608024113,82.0,357.0,0,0
2,3,coxnet,Brats18_TCIA08_319_1,-0.06515850926899,55.0,375.0,0,1
2,3,coxnet,Brats18_TCIA08_406_1,-0.2697711164356958,448.0,434.0,1,2
2,3,genetico,Brats18_CBICA_AAB_1,0.2252248862715643,191.0,332.0,0,0
2,3,genetico,Brats18_CBICA_ABM_1,-0.02238412154389717,448.0,372.0,1,1
2,3,genetico,Brats18_CBICA_ALX_1,0.2583445496400422,150.0,331.0,0,0
2,3,genetico,Brats18_CBICA_AOD_1,-0.1566738658637428,370.0,394.0,1,2
2,3,genetico,Brats18_CBICA_AQJ_1,0.22200194945204718,376.0,332.0,1,0
2,3,genetico,Brats18_CBICA_AQU_1,-0.06311635246922435,350.0,375.0,1,1
2,3,genetico,Brats18_CBICA_ARF_1,-0.1920594300934173,209.0,401.0,0,2
2,3,genetico,Brats18_CBICA_ASE_1,0.07095930204889714,385.0,357.0,1,1
2,3,genetico,Brats18_CBICA_ASH_1,-0.3116754892267201,139.0,439.0,0,2
2,3,genetico,Brats18_CBICA_AVJ_1,-0.09650116130658762,635.0,387.0,2,1
2,3,genetico,Brats18_CBICA_AWH_1,0.03682652433235903,405.0,359.0,1,1
2,3,genetico,Brats18_CBICA_AXN_1,-0.6025435382700887,812.0,495.0,2,2
2,3,genetico,Brats18_CBICA_AZD_1,-0.5988733440039539,203.0,495.0,0,2
2,3,genetico,Brats18_TCIA01_186_1,0.1247509254195637,421.0,346.0,1,0
2,3,genetico,Brats18_TCIA01_231_1,-0.2585890279014491,239.0,425.0,0,2
2,3,genetico,Brats18_TCIA01_378_1,-0.14602981670112863,104.0,394.0,0,2
2,3,genetico,Brats18_TCIA01_411_1,-0.08085853457406238,438.0,382.0,1,1
2,3,genetico,Brats18_TCIA02_118_1,-0.268833471179904,621.0,425.0,2,2
2,3,genetico,Brats18_TCIA02_198_1,-0.9235794915548448,322.0,616.0,1,2
2,3,genetico,Brats18_TCIA02_283_1,-0.040775992124901156,172.0,375.0,0,1
2,3,genetico,Brats18_TCIA02_300_1,-1.1225633147995757,503.0,734.0,2,2
2,3,genetico,Brats18_TCIA02_368_1,0.07842379105997428,515.0,357.0,2,1
2,3,genetico,Brats18_TCIA02_455_1,0.22440479715212236,519.0,332.0,2,0
2,3,genetico,Brats18_TCIA02_473_1,1.0792651923299112,430.0,168.0,1,0
2,3,genetico,Brats18_TCIA03_199_1,1.4208335158993302,50.0,111.0,0,0
2,3,genetico,Brats18_TCIA03_296_1,-0.08429196888183996,436.0,382.0,1,1
2,3,genetico,Brats18_TCIA03_474_1,0.030917016933953906,121.0,362.0,0,1
2,3,genetico,Brats18_TCIA06_372_1,0.029914450601340722,355.0,362.0,1,1
2,3,genetico,Brats18_TCIA08_278_1,0.03424535291127658,169.0,359.0,0,1
2,3,genetico,Brats18_TCIA08_280_1,0.27939106627799176,82.0,329.0,0,0
2,3,genetico,Brats18_TCIA08_319_1,-0.05545438773796757,55.0,375.0,0,1
2,3,genetico,Brats18_TCIA08_406_1,0.16160667877328133,448.0,336.0,1,0
2,4,edad,Brats18_CBICA_ABE_1,-0.08148546133428863,355.0,376.0,1,2
2,4,edad,Brats18_CBICA_ABO_1,0.05475770471070172,199.0,355.0,0,0
2,4,edad,Brats18_CBICA_AMH_1,-0.024071697890280314,387.0,362.0,1,1
2,4,edad,Brats18_CBICA_ANP_1,-0.011232494141387515,327.0,362.0,1,1
2,4,edad,Brats18_CBICA_APR_1,-0.025216919235573076,1731.0,362.0,2,1
2,4,edad,Brats18_CBICA_APZ_1,0.008388964907960967,77.0,359.0,0,1
2,4,edad,Brats18_CBICA_AQN_1,-0.031426563863382474,368.0,370.0,1,1
2,4,edad,Brats18_CBICA_AQO_1,-0.09082537763923139,424.0,376.0,1,2
2,4,edad,Brats18_CBICA_AQP_1,0.18158460636106294,579.0,331.0,2,0
2,4,edad,Brats18_CBICA_AQV_1,0.09365705640581094,208.0,345.0,0,0
2,4,edad,Brats18_CBICA_AQY_1,0.03822834329364342,476.0,357.0,2,0
2,4,edad,Brats18_CBICA_ARW_1,0.20749205812790708,180.0,329.0,0,0
2,4,edad,Brats18_CBICA_ASG_1,0.038330140746558355,84.0,357.0,0,0
2,4,edad,Brats18_CBICA_ASW_1,-0.09717499376479874,33.0,382.0,0,2
2,4,edad,Brats18_CBICA_ATF_1,-0.1018449519172702,1337.0,382.0,2,2
2,4,edad,Brats18_CBICA_AUN_1,-0.09902007259888156,372.0,382.0,1,2
2,4,edad,Brats18_CBICA_AUQ_1,-0.0011927203476547667,698.0,359.0,2,1
2,4,edad,Brats18_CBICA_AVV_1,-0.147233891235705,346.0,387.0,1,2
2,4,edad,Brats18_CBICA_AYI_1,-0.0661522199889806,734.0,375.0,2,1
2,4,edad,Brats18_TCIA01_150_1,0.12224941599328577,103.0,336.0,0,0
2,4,edad,Brats18_TCIA01_203_1,0.1882777888902181,287.0,331.0,0,0
2,4,edad,Brats18_TCIA01_460_1,0.5312206830789294,286.0,244.0,0,0
2,4,edad,Brats18_TCIA02_179_1,0.17872155299783113,82.0,331.0,0,0
2,4,edad,Brats18_TCIA02_394_1,-0.04485110296653599,30.0,370.0,0,1
2,4,edad,Brats18_TCIA03_138_1,-0.14190224963928652,1283.0,387.0,2,2
2,4,edad,Brats18_TCIA04_149_1,0.3037415498589528,576.0,296.0,2,0
2,4,edad,Brats18_TCIA04_343_1,0.10234801394842122,425.0,345.0,1,0
2,4,edad,Brats18_TCIA04_361_1,-0.19406071957656268,89.0,394.0,0,2
2,4,edad,Brats18_TCIA04_437_1,0.17520954087226676,634.0,332.0,2,0
2,4,edad,Brats18_TCIA05_277_1,-0.1227261544464408,1155.0,385.0,2,2
2,4,edad,Brats18_TCIA08_167_1,-0.1804962089756511,614.0,394.0,2,2
2,4,edad,Brats18_TCIA08_218_1,0.042974649535801074,630.0,355.0,2,0
2,4,coxnet,Brats18_CBICA_ABE_1,-0.08148556446378942,355.0,376.0,1,2
2,4,coxnet,Brats18_CBICA_ABO_1,0.05475777401306141,199.0,355.0,0,0
2,4,coxnet,Brats18_CBICA_AMH_1,-0.02407172835586455,387.0,362.0,1,1
2,4,coxnet,Brats18_CBICA_ANP_1,-0.011232508357438994,327.0,362.0,1,1
2,4,coxnet,Brats18_CBICA_APR_1,-0.025216951150570543,1731.0,362.0,2,1
2,4,coxnet,Brats18_CBICA_APZ_1,0.008388975525189479,77.0,359.0,0,1
2,4,coxnet,Brats18_CBICA_AQN_1,-0.03142660363742056,368.0,370.0,1,1
2,4,coxnet,Brats18_CBICA_AQO_1,-0.09082549258950229,424.0,376.0,1,2
2,4,coxnet,Brats18_CBICA_AQP_1,0.18158483617788546,579.0,331.0,2,0
2,4,coxnet,Brats18_CBICA_AQV_1,0.09365717493990665,208.0,345.0,0,0
2,4,coxnet,Brats18_CBICA_AQY_1,0.03822839167613884,476.0,357.0,2,0
2,4,coxnet,Brats18_CBICA_ARW_1,0.20749232073367777,180.0,329.0,0,0
2,4,coxnet,Brats18_CBICA_ASG_1,0.03833018925789051,84.0,357.0,0,0
2,4,coxnet,Brats18_CBICA_ASW_1,-0.09717511675126075,33.0,382.0,0,2
2,4,coxnet,Brats18_CBICA_ATF_1,-0.10184508081411726,1337.0,382.0,2,2
2,4,coxnet,Brats18_CBICA_AUN_1,-0.09902019792050934,372.0,382.0,1,2
2,4,coxnet,Brats18_CBICA_AUQ_1,-0.001192721857183605,698.0,359.0,2,1
2,4,coxnet,Brats18_CBICA_AVV_1,-0.1472340775776297,346.0,387.0,1,2
2,4,coxnet,Brats18_CBICA_AYI_1,-0.06615230371244872,734.0,375.0,2,1
2,4,coxnet,Brats18_TCIA01_150_1,0.12224957071439843,103.0,336.0,0,0
2,4,coxnet,Brats18_TCIA01_203_1,0.1882780271780557,287.0,331.0,0,0
2,4,coxnet,Brats18_TCIA01_460_1,0.5312213554016108,286.0,244.0,0,0
2,4,coxnet,Brats18_TCIA02_179_1,0.17872177919112056,82.0,331.0,0,0
2,4,coxnet,Brats18_TCIA02_394_1,-0.044851159730918036,30.0,370.0,0,1
2,4,coxnet,Brats18_TCIA03_138_1,-0.14190242923338742,1283.0,387.0,2,2
2,4,coxnet,Brats18_TCIA04_149_1,0.3037419342798531,576.0,296.0,2,0
2,4,coxnet,Brats18_TCIA04_343_1,0.10234814348195288,425.0,345.0,1,0
2,4,coxnet,Brats18_TCIA04_361_1,-0.19406096518338387,89.0,394.0,0,2
2,4,coxnet,Brats18_TCIA04_437_1,0.17520976262068896,634.0,332.0,2,0
2,4,coxnet,Brats18_TCIA05_277_1,-0.12272630977092243,1155.0,385.0,2,2
2,4,coxnet,Brats18_TCIA08_167_1,-0.18049643741497784,614.0,394.0,2,2
2,4,coxnet,Brats18_TCIA08_218_1,0.042974703925309096,630.0,355.0,2,0
2,4,genetico,Brats18_CBICA_ABE_1,-0.1312869520784052,355.0,385.0,1,1
2,4,genetico,Brats18_CBICA_ABO_1,-0.31200784330427955,199.0,430.0,0,2
2,4,genetico,Brats18_CBICA_AMH_1,-0.21459439425504911,387.0,401.0,1,2
2,4,genetico,Brats18_CBICA_ANP_1,0.06336649787451945,327.0,355.0,1,1
2,4,genetico,Brats18_CBICA_APR_1,-0.45744496309328103,1731.0,448.0,2,2
2,4,genetico,Brats18_CBICA_APZ_1,0.006366058526234619,77.0,359.0,0,1
2,4,genetico,Brats18_CBICA_AQN_1,-0.15140000359336708,368.0,387.0,1,1
2,4,genetico,Brats18_CBICA_AQO_1,-0.1974777708426143,424.0,394.0,1,1
2,4,genetico,Brats18_CBICA_AQP_1,0.2619777471839359,579.0,322.0,2,0
2,4,genetico,Brats18_CBICA_AQV_1,0.21572821000200973,208.0,331.0,0,0
2,4,genetico,Brats18_CBICA_AQY_1,-0.13475754479533436,476.0,385.0,2,1
2,4,genetico,Brats18_CBICA_ARW_1,0.2983167680976816,180.0,317.0,0,0
2,4,genetico,Brats18_CBICA_ASG_1,-0.08851412186103941,84.0,376.0,0,1
2,4,genetico,Brats18_CBICA_ASW_1,-0.41790774210825704,33.0,448.0,0,2
2,4,genetico,Brats18_CBICA_ATF_1,-0.5351433629101434,1337.0,465.0,2,2
2,4,genetico,Brats18_CBICA_AUN_1,-0.4476142075914525,372.0,448.0,1,2
2,4,genetico,Brats18_CBICA_AUQ_1,0.42767367771211523,698.0,269.0,2,0
2,4,genetico,Brats18_CBICA_AVV_1,-0.42025870792050823,346.0,448.0,1,2
2,4,genetico,Brats18_CBICA_AYI_1,-0.18665135900463886,734.0,394.0,2,1
2,4,genetico,Brats18_TCIA01_150_1,0.5006162870254196,103.0,262.0,0,0
2,4,genetico,Brats18_TCIA01_203_1,0.6958105231666953,287.0,213.0,0,0
2,4,genetico,Brats18_TCIA01_460_1,0.8864138926241675,286.0,187.0,0,0
2,4,genetico,Brats18_TCIA02_179_1,0.00792141935337301,82.0,359.0,0,1
2,4,genetico,Brats18_TCIA02_394_1,-0.15983487647280287,30.0,387.0,0,1
2,4,genetico,Brats18_TCIA03_138_1,-0.16292264618072655,1283.0,387.0,2,1
2,4,genetico,Brats18_TCIA04_149_1,0.5686938328395486,576.0,244.0,2,0
2,4,genetico,Brats18_TCIA04_343_1,-0.3625797312318284,425.0,436.0,1,2
2,4,genetico,Brats18_TCIA04_361_1,-0.1678663385792,89.0,394.0,0,1
2,4,genetico,Brats18_TCIA04_437_1,0.28427891549865053,634.0,318.0,2,0
2,4,genetico,Brats18_TCIA05_277_1,-0.5359524118961996,1155.0,465.0,2,2
2,4,genetico,Brats18_TCIA08_167_1,-0.13487812961425794,614.0,385.0,2,1
2,4,genetico,Brats18_TCIA08_218_1,0.6083282203045133,630.0,232.0,2,0
