repeticion,fold,brazo,n_test,semilla,cindex,exactitud,spearman,mse,k,segundos,n_filtro,segundos_filtro,alpha,c_interna,brecha,aptitud_interna,n_representantes,evaluaciones
0,0,edad,32,0,0.6411290322580645,0.5,0.3988269794721407,75657.6875,0,0.1,885,3.21,,,,,,
0,0,coxnet,32,0,0.6411290322580645,0.5,0.3988269794721407,75657.6875,0,6.4,885,3.21,0.5293722416203845,0.6133420778908838,-0.027786954367180705,,,
0,0,genetico,32,0,0.6270161290322581,0.59375,0.3478739002932551,119554.5,8,178.6,885,3.21,0.01,0.6710714611337609,0.04405533210150281,0.6550714611337609,257.0,888.0
0,1,edad,32,1,0.597165991902834,0.4375,0.26544455074800916,93306.3125,0,0.1,942,3.2,,,,,,
0,1,coxnet,32,1,0.597165991902834,0.4375,0.26544455074800916,93306.3125,0,6.3,942,3.2,0.5646385719570914,0.6351449851491399,0.037978993246305826,,,
0,1,genetico,32,1,0.6275303643724697,0.5,0.3976168719422872,119859.21875,7,179.4,942,3.2,0.1,0.7062354776641007,0.07870511329163099,0.6922354776641007,273.0,925.0
0,2,edad,33,2,0.5920303605313093,0.3333333333333333,0.28027074552604253,70643.81818181818,0,0.1,963,3.22,,,,,,
0,2,coxnet,33,2,0.5882352941176471,0.42424242424242425,0.2468454926308675,69199.39393939394,14,6.7,963,3.22,0.3632843317601821,0.6404594438265163,0.05222414970886924,,,
0,2,genetico,33,2,0.540796963946869,0.36363636363636365,0.1206651629515818,75865.24242424243,5,181.0,963,3.22,1.0,0.713034085046373,0.17223712109950395,0.703034085046373,281.0,860.0
0,3,edad,33,3,0.6404174573055028,0.3939393939393939,0.40932642487046633,162483.45454545456,0,0.1,952,3.19,,,,,,
0,3,coxnet,33,3,0.6413662239089184,0.3939393939393939,0.4099607267593216,162483.45454545456,1,6.2,952,3.19,0.5927050673721211,0.6190055493139556,-0.022360674594962826,,,
0,3,genetico,33,3,0.5673624288425048,0.48484848484848486,0.1992145072552431,140294.0909090909,7,185.1,952,3.19,0.01,0.6924441010045163,0.1250816721620115,0.6784441010045162,276.0,928.0
0,4,edad,33,4,0.6304761904761905,0.5151515151515151,0.3587429154030086,159956.12121212122,0,0.1,922,3.25,,,,,,
0,4,coxnet,33,4,0.6076190476190476,0.45454545454545453,0.31494485210590323,160032.0303030303,17,6.2,922,3.25,0.30626013298294474,0.6392820637592525,0.031663016140204836,,,
0,4,genetico,33,4,0.5961904761904762,0.30303030303030304,0.271815461530891,147688.15151515152,6,181.3,922,3.25,0.01,0.6905557589126742,0.09436528272219802,0.6785557589126742,263.0,929.0
1,0,edad,33,1000,0.6527514231499051,0.48484848484848486,0.4410462119518343,213818.51515151514,0,0.1,953,3.09,,,,,,
1,0,coxnet,33,1000,0.6546489563567363,0.5757575757575758,0.45943010104418064,215120.69696969696,13,4.8,953,3.09,0.39530555880261536,0.6490192949811463,-0.005629661375589956,,,
1,0,genetico,33,1000,0.603415559772296,0.5151515151515151,0.35280354430857236,231971.75757575757,8,186.6,953,3.09,0.1,0.7244973993160763,0.12108183954378027,0.7084973993160762,279.0,887.0
1,1,edad,33,1001,0.6072106261859582,0.48484848484848486,0.32188518538053545,65442.09090909091,0,0.1,917,3.24,,,,,,
1,1,coxnet,33,1001,0.6299810246679317,0.48484848484848486,0.38188351432737455,63854.63636363636,6,6.1,917,3.24,0.3527513162402071,0.6312090060578516,0.0012279813899198633,,,
1,1,genetico,33,1001,0.5863377609108159,0.36363636363636365,0.26606501304559316,68705.9696969697,7,192.1,917,3.24,0.1,0.6965052852632407,0.11016752435242483,0.6825052852632407,269.0,993.0
1,2,edad,33,1002,0.5313092979127134,0.30303030303030304,0.09877162230524218,113995.90909090909,0,0.1,925,3.26,,,,,,
1,2,coxnet,33,1002,0.5313092979127134,0.30303030303030304,0.09877162230524218,113995.90909090909,0,5.8,925,3.26,0.5909413968192643,0.6437192649388641,0.11240996702615069,,,
1,2,genetico,33,1002,0.618595825426945,0.48484848484848486,0.3029999174947615,169546.66666666666,6,161.7,925,3.26,0.01,0.6840227404855859,0.06542691505864084,0.6720227404855859,256.0,896.0
1,3,edad,32,1003,0.6975806451612904,0.53125,0.5359237536656891,82785.125,0,0.2,930,3.23,,,,,,
1,3,coxnet,32,1003,0.6975806451612904,0.53125,0.5359237536656891,82785.125,0,6.4,930,3.23,0.5199285683729851,0.6075304281077536,-0.09005021705353677,,,
1,3,genetico,32,1003,0.7036290322580645,0.625,0.5920087976539589,72473.53125,5,172.7,930,3.23,1.0,0.6646004382463727,-0.039028594011691786,0.6546004382463727,272.0,889.0
1,4,edad,32,1004,0.6653225806451613,0.4375,0.468841642228739,86538.28125,0,0.2,934,3.23,,,,,,
1,4,coxnet,32,1004,0.6391129032258065,0.53125,0.406524926686217,80274.78125,21,5.7,934,3.23,0.23427581627990754,0.6251563246071956,-0.013956578618610882,,,
1,4,genetico,32,1004,0.5544354838709677,0.34375,0.1627565982404692,97318.90625,7,190.6,934,3.23,1.0,0.7107352389367589,0.1562997550657912,0.6967352389367589,269.0,958.0
2,0,edad,33,2000,0.6628787878787878,0.5454545454545454,0.48161764705882354,75214.24242424243,0,0.1,912,2.32,,,,,,
2,0,coxnet,33,2000,0.6571969696969697,0.6060606060606061,0.46356951871657753,71459.75757575757,11,4.3,912,2.32,0.3622279939147603,0.6186006825968536,-0.03859628710011609,,,
2,0,genetico,33,2000,0.6723484848484849,0.45454545454545453,0.4682486631016043,64921.36363636364,6,168.8,912,2.32,0.01,0.6871319954559013,0.01478351060741645,0.6751319954559013,267.0,968.0
2,1,edad,33,2001,0.6306818181818182,0.5454545454545454,0.3703208556149733,135472.60606060605,0,0.1,941,3.2,,,,,,
2,1,coxnet,33,2001,0.6306818181818182,0.5454545454545454,0.3703208556149733,135472.60606060605,0,5.2,941,3.2,0.5647685127289991,0.6207055837798889,-0.009976234401929296,,,
2,1,genetico,33,2001,0.5965909090909091,0.36363636363636365,0.30848930481283426,97488.72727272728,7,172.9,941,3.2,1.0,0.686244643083365,0.08965373399245591,0.672244643083365,265.0,947.0
2,2,edad,33,2002,0.553030303030303,0.3939393939393939,0.17546791443850268,74049.69696969698,0,0.1,949,3.09,,,,,,
2,2,coxnet,33,2002,0.5681818181818182,0.45454545454545453,0.20153743315508021,74509.33333333333,4,5.0,949,3.09,0.4188945214821394,0.6417882092351738,0.07360639105335554,,,
2,2,genetico,33,2002,0.5227272727272727,0.3939393939393939,0.0982620320855615,71302.78787878787,5,157.9,949,3.09,0.1,0.6846739290367676,0.1619466563094949,0.6746739290367676,269.0,897.0
2,3,edad,32,2003,0.6108870967741935,0.4375,0.3570381231671554,143147.25,0,0.1,915,3.74,,,,,,
2,3,coxnet,32,2003,0.6592741935483871,0.5,0.4897360703812316,138616.0,10,3.7,915,3.74,0.27853529684144473,0.6367268012758652,-0.022547392272521893,,,
2,3,genetico,32,2003,0.6028225806451613,0.5,0.3669354838709677,176987.71875,9,167.5,915,3.74,0.1,0.6974730468302032,0.09465046618504191,0.6794730468302032,261.0,942.0
2,4,edad,32,2004,0.6222222222222222,0.375,0.34643937456472307,128654.125,0,0.0,912,3.3,,,,,,
2,4,coxnet,32,2004,0.6181818181818182,0.4375,0.35505453361474526,126224.3125,13,4.3,912,3.3,0.32323112222636124,0.6434630127360643,0.025281194554246156,,,
2,4,genetico,32,2004,0.6,0.3125,0.30336357931461194,132340.25,4,173.9,912,3.3,10.0,0.6883003262242554,0.08830032622425543,0.6803003262242554,263.0,958.0
3,0,edad,33,3000,0.7077798861480076,0.48484848484848486,0.6043285723447643,80698.72727272728,0,0.1,918,3.23,,,,,,
3,0,coxnet,33,3000,0.7001897533206831,0.5454545454545454,0.5595387334652298,80878.78787878787,16,4.2,918,3.23,0.29524236517506464,0.6224359458371086,-0.07775380748357452,,,
3,0,genetico,33,3000,0.538899430740038,0.42424242424242425,0.11097183961198105,179678.12121212122,8,178.2,918,3.23,1.0,0.717112528232946,0.17821309749290803,0.701112528232946,271.0,946.0
3,1,edad,33,3001,0.6003787878787878,0.42424242424242425,0.26838235294117646,167545.24242424243,0,0.0,966,2.57,,,,,,
3,1,coxnet,33,3001,0.5984848484848485,0.36363636363636365,0.2663770053475936,171600.87878787878,7,5.1,966,2.57,0.4823241739486661,0.6485566398220814,0.05007179133723294,,,
3,1,genetico,33,3001,0.5946969696969697,0.36363636363636365,0.28409090909090906,132906.54545454544,6,143.2,966,2.57,0.01,0.7060925756323879,0.1113956059354182,0.6940925756323879,273.0,848.0
3,2,edad,33,3002,0.5654648956356736,0.42424242424242425,0.20673518915665748,102271.90909090909,0,0.1,946,2.59,,,,,,
3,2,coxnet,33,3002,0.5654648956356736,0.42424242424242425,0.20673518915665748,102271.90909090909,0,5.6,946,2.59,0.4842341242349229,0.6225404270817773,0.05707553144610367,,,
3,2,genetico,33,3002,0.6603415559772297,0.48484848484848486,0.49051558623669334,82571.75757575757,6,178.0,946,2.59,1.0,0.6842181028855925,0.023876546908362828,0.6722181028855925,266.0,908.0
3,3,edad,32,3003,0.6545454545454545,0.46875,0.44285583542241846,44376.40625,0,0.1,923,3.14,,,,,,
3,3,coxnet,32,3003,0.6646464646464646,0.5,0.44230593165326815,43027.59375,20,3.7,923,3.14,0.25243433553531264,0.6466241114473296,-0.018022353199135033,,,
3,3,genetico,32,3003,0.6202020202020202,0.4375,0.33434149164341526,52899.75,9,172.6,923,3.14,1.0,0.7079063919771048,0.08770437177508461,0.6899063919771048,265.0,960.0
3,4,edad,32,3004,0.6129032258064516,0.40625,0.3416422287390029,166258.75,0,0.1,903,2.62,,,,,,
3,4,coxnet,32,3004,0.5806451612903226,0.34375,0.25073313782991197,170727.75,6,3.1,903,2.62,0.3831569306137568,0.6439518675269117,0.06330670623658907,,,
3,4,genetico,32,3004,0.594758064516129,0.46875,0.2595307917888563,186709.125,9,169.8,903,2.62,0.01,0.6999766119156382,0.1052185473995092,0.6819766119156382,261.0,883.0
4,0,edad,33,4000,0.6571969696969697,0.5757575757575758,0.4324866310160428,152719.0909090909,0,0.0,922,2.32,,,,,,
4,0,coxnet,33,4000,0.6590909090909091,0.6363636363636364,0.4522058823529412,159507.48484848486,12,4.5,922,2.32,0.35092639593555774,0.6259539725239661,-0.03313693656694294,,,
4,0,genetico,33,4000,0.6742424242424242,0.45454545454545453,0.45889037433155083,145433.87878787878,9,176.7,922,2.32,1.0,0.6910353709826774,0.016792946740253223,0.6730353709826774,256.0,948.0
4,1,edad,33,4001,0.7083333333333334,0.42424242424242425,0.5882352941176471,99042.33333333333,0,0.0,915,2.28,,,,,,
4,1,coxnet,33,4001,0.7064393939393939,0.5454545454545454,0.5728609625668449,100073.42424242424,13,5.4,915,2.28,0.3431791337225983,0.6193894915156262,-0.08704990242376776,,,
4,1,genetico,33,4001,0.6931818181818182,0.5151515151515151,0.5177139037433156,109795.69696969698,3,148.7,915,2.28,0.01,0.6743798522138498,-0.01880196596796846,0.6683798522138498,264.0,873.0
4,2,edad,33,4002,0.5521821631878557,0.36363636363636365,0.11782401645549194,89931.51515151515,0,0.1,929,3.18,,,,,,
4,2,coxnet,33,4002,0.5521821631878557,0.36363636363636365,0.11782401645549194,89931.51515151515,1,4.0,929,3.18,0.5785191234552577,0.6484642972038335,0.09628213401597774,,,
4,2,genetico,33,4002,0.5445920303605313,0.30303030303030304,0.1335338853162242,66241.12121212122,6,128.1,929,3.18,1.0,0.690669643474021,0.14607761311348977,0.678669643474021,262.0,853.0
4,3,edad,32,4003,0.6209677419354839,0.5,0.3702346041055718,148320.53125,0,0.1,959,3.22,,,,,,
4,3,coxnet,32,4003,0.625,0.5,0.3801319648093841,149123.28125,1,3.8,959,3.22,0.503593707516673,0.632818053358538,0.007818053358538024,,,
4,3,genetico,32,4003,0.594758064516129,0.53125,0.2807917888563049,185298.03125,6,147.8,959,3.22,10.0,0.6953576362458828,0.10059957172975376,0.6833576362458827,280.0,888.0
4,4,edad,32,4004,0.6068548387096774,0.40625,0.3119501466275659,59126.125,0,0.0,937,3.17,,,,,,
4,4,coxnet,32,4004,0.6189516129032258,0.46875,0.3793988269794721,57240.71875,13,3.9,937,3.17,0.338962819861117,0.635098202158881,0.016146589255655264,,,
4,4,genetico,32,4004,0.6411290322580645,0.5,0.3951612903225806,62277.75,7,165.1,937,3.17,10.0,0.7042366813559545,0.06310764909789002,0.6902366813559545,269.0,943.0
5,0,edad,33,5000,0.6496212121212122,0.48484848484848486,0.44685828877005357,111947.42424242424,0,0.1,946,2.43,,,,,,
5,0,coxnet,33,5000,0.6496212121212122,0.48484848484848486,0.44685828877005357,111947.42424242424,0,4.3,946,2.43,0.49577584625717724,0.6211160802671486,-0.02850513185406356,,,
5,0,genetico,33,5000,0.5984848484848485,0.42424242424242425,0.2947860962566845,120613.90909090909,4,138.5,946,2.43,1.0,0.6751534467926982,0.07666859830784967,0.6671534467926982,274.0,863.0
5,1,edad,33,5001,0.6231060606060606,0.3939393939393939,0.37466577540106955,107200.0,0,0.1,886,2.63,,,,,,
5,1,coxnet,33,5001,0.6268939393939394,0.45454545454545453,0.365975935828877,115998.09090909091,21,3.9,886,2.63,0.3125884724455932,0.6542207007530585,0.027326761359119045,,,
5,1,genetico,33,5001,0.4810606060606061,0.3939393939393939,-0.05681818181818182,194187.66666666666,10,164.5,886,2.63,0.1,0.7217116956240129,0.24065108956340686,0.7017116956240129,250.0,923.0
5,2,edad,33,5002,0.571969696969697,0.3939393939393939,0.22159090909090912,131977.57575757575,0,0.1,904,2.55,,,,,,
5,2,coxnet,33,5002,0.6079545454545454,0.48484848484848486,0.2917780748663102,138359.39393939395,10,3.6,904,2.55,0.3838889176235975,0.6546315065267444,0.046676961072198986,,,
5,2,genetico,33,5002,0.5965909090909091,0.48484848484848486,0.2606951871657754,108004.78787878787,8,160.4,904,2.55,1.0,0.7082509814698031,0.11166007237889408,0.6922509814698031,260.0,846.0
5,3,edad,32,5003,0.6262626262626263,0.46875,0.3673357177924365,122500.84375,0,0.1,961,2.46,,,,,,
5,3,coxnet,32,5003,0.6262626262626263,0.46875,0.3673357177924365,122500.84375,1,3.9,961,2.46,0.6291582272849319,0.6315803689598358,0.0053177426972095265,,,
5,3,genetico,32,5003,0.5616161616161616,0.40625,0.16368802195042206,131330.875,8,160.4,961,2.46,0.01,0.6972068550344218,0.13559069341826024,0.6812068550344218,272.0,927.0
5,4,edad,32,5004,0.6270161290322581,0.5625,0.3665689149560117,70275.4375,0,0.1,930,2.54,,,,,,
5,4,coxnet,32,5004,0.5887096774193549,0.4375,0.3082844574780058,64472.6875,23,4.5,930,2.54,0.1994112424555425,0.6448229275274374,0.056113250108082546,,,
5,4,genetico,32,5004,0.6068548387096774,0.46875,0.3075513196480938,45299.5625,5,149.6,930,2.54,100.0,0.6891295379049583,0.08227469919528096,0.6791295379049583,270.0,924.0
6,0,edad,33,6000,0.603415559772296,0.42424242424242425,0.29949026594076816,80956.45454545454,0,0.0,945,2.33,,,,,,
6,0,coxnet,33,6000,0.5218216318785579,0.42424242424242425,0.0382719145649754,107266.0303030303,28,3.3,945,2.33,0.21081079286490775,0.6661554887218281,0.14433385684327016,,,
6,0,genetico,33,6000,0.5009487666034156,0.30303030303030304,-0.004011030347421002,110843.48484848485,9,164.1,945,2.33,0.1,0.7350106162731823,0.23406184966976673,0.7170106162731823,275.0,902.0
6,1,edad,33,6001,0.6553030303030303,0.5454545454545454,0.45120320855614976,104773.75757575757,0,0.1,917,2.75,,,,,,
6,1,coxnet,33,6001,0.625,0.5757575757575758,0.3967245989304813,106141.45454545454,9,3.5,917,2.75,0.37255990439417713,0.6302791982558523,0.005279198255852324,,,
6,1,genetico,33,6001,0.6742424242424242,0.5757575757575758,0.483288770053476,118014.33333333333,5,157.2,917,2.75,1.0,0.6806425509448285,0.006400126702404307,0.6706425509448285,268.0,914.0
6,2,edad,33,6002,0.6287878787878788,0.42424242424242425,0.39271390374331555,158576.66666666666,0,0.1,963,2.29,,,,,,
6,2,coxnet,33,6002,0.6287878787878788,0.42424242424242425,0.39271390374331555,158576.66666666666,0,4.3,963,2.29,0.6692324748489188,0.615844887227192,-0.01294299156068679,,,
6,2,genetico,33,6002,0.6098484848484849,0.48484848484848486,0.3201871657754011,143734.0303030303,7,176.5,963,2.29,1.0,0.6906559191977548,0.08080743434926996,0.6766559191977548,278.0,881.0
6,3,edad,32,6003,0.657258064516129,0.5,0.4255865102639296,85736.5,0,0.0,917,3.18,,,,,,
6,3,coxnet,32,6003,0.6471774193548387,0.5625,0.406891495601173,86364.5,22,3.8,917,3.18,0.26582482153757964,0.6395944372528128,-0.007582982102025904,,,
6,3,genetico,32,6003,0.6068548387096774,0.46875,0.3214809384164222,84048.75,8,184.6,917,3.18,0.01,0.7017799958530201,0.09492515714334271,0.6857799958530201,266.0,891.0
6,4,edad,32,6004,0.602020202020202,0.375,0.2685363406017562,119885.6875,0,0.1,916,3.17,,,,,,
6,4,coxnet,32,6004,0.602020202020202,0.375,0.2685363406017562,119885.6875,1,4.8,916,3.17,0.5183588761446638,0.6344370787232544,0.03241687670305238,,,
6,4,genetico,32,6004,0.6222222222222222,0.46875,0.32572633259339306,75374.65625,8,167.3,916,3.17,1.0,0.6892851821304885,0.06706295990826627,0.6732851821304885,255.0,849.0
7,0,edad,33,7000,0.6174242424242424,0.5757575757575758,0.33923796791443855,115723.48484848485,0,0.0,910,2.32,,,,,,
7,0,coxnet,33,7000,0.6117424242424242,0.5757575757575758,0.33856951871657753,115472.27272727272,3,3.6,910,2.32,0.46293016867761433,0.6337782498630647,0.022035825620640548,,,
7,0,genetico,33,7000,0.6136363636363636,0.48484848484848486,0.349264705882353,113192.48484848485,8,180.4,910,2.32,1.0,0.6804964460402453,0.06686008240388164,0.6644964460402453,264.0,927.0
7,1,edad,33,7001,0.6553030303030303,0.3939393939393939,0.42546791443850274,120419.84848484848,0,0.1,947,2.27,,,,,,
7,1,coxnet,33,7001,0.6553030303030303,0.3939393939393939,0.42546791443850274,120419.84848484848,0,3.8,947,2.27,0.5530977808350882,0.6186815129020856,-0.03662151740094466,,,
7,1,genetico,33,7001,0.7121212121212122,0.5151515151515151,0.5735294117647058,105126.54545454546,4,166.1,947,2.27,1.0,0.6689588802772852,-0.04316233184392693,0.6609588802772852,270.0,896.0
7,2,edad,33,7002,0.6555977229601518,0.48484848484848486,0.45161290322580655,133232.9090909091,0,0.1,930,2.7,,,,,,
7,2,coxnet,33,7002,0.6394686907020873,0.48484848484848486,0.38990557502221657,157170.0,24,3.6,930,2.7,0.24200863865266656,0.6401911097033048,0.0007224190012175002,,,
7,2,genetico,33,7002,0.5844402277039848,0.45454545454545453,0.23447814905965278,156245.18181818182,6,220.1,930,2.7,1.0,0.7036794899812483,0.11923926227726345,0.6916794899812483,268.0,996.0
7,3,edad,32,7003,0.6212121212121212,0.53125,0.34060494958753446,105206.8125,0,0.1,946,2.41,,,,,,
7,3,coxnet,32,7003,0.6212121212121212,0.53125,0.34060494958753446,105206.8125,0,5.0,946,2.41,0.4444551269957677,0.6169600915110464,-0.004252029701074855,,,
7,3,genetico,32,7003,0.6646464646464646,0.5,0.44487214924263635,69025.28125,3,140.5,946,2.41,0.01,0.6814992382112822,0.016852773564817625,0.6754992382112822,261.0,820.0
7,4,edad,32,7004,0.5665322580645161,0.34375,0.22507331378299117,86861.25,0,0.1,913,2.44,,,,,,
7,4,coxnet,32,7004,0.5524193548387096,0.5,0.1315982404692082,90801.65625,20,4.2,913,2.44,0.2453864713713173,0.6628004938097146,0.11038113897100499,,,
7,4,genetico,32,7004,0.4254032258064516,0.25,-0.20527859237536655,128047.75,10,221.7,913,2.44,1.0,0.7120556387621993,0.2866524129557477,0.6920556387621993,262.0,937.0
8,0,edad,33,8000,0.6223908918406073,0.45454545454545453,0.35046377660591005,124409.21212121213,0,0.1,929,2.72,,,,,,
8,0,coxnet,33,8000,0.6451612903225806,0.5454545454545454,0.42015542889235,126688.60606060606,15,4.9,929,2.72,0.33588426484660355,0.6378720693085326,-0.007289221014048053,,,
8,0,genetico,33,8000,0.603415559772296,0.30303030303030304,0.2897969426011674,91787.30303030302,9,243.2,929,2.72,1.0,0.699341088427309,0.09592552865501303,0.681341088427309,272.0,951.0
8,1,edad,33,8001,0.6489563567362429,0.45454545454545453,0.40695245399875585,123355.87878787878,0,0.1,899,2.84,,,,,,
8,1,coxnet,33,8001,0.6584440227703985,0.5454545454545454,0.42717473200033673,119080.33333333333,18,4.2,899,2.84,0.2564797789965474,0.6352056913073233,-0.02323833146307519,,,
8,1,genetico,33,8001,0.6489563567362429,0.48484848484848486,0.44622712615058646,111474.21212121213,7,251.6,899,2.84,1.0,0.6859011757767767,0.036944819040533816,0.6719011757767767,253.0,951.0
8,2,edad,33,8002,0.7476280834914611,0.5757575757575758,0.6641597750271276,76848.9696969697,0,0.1,919,2.62,,,,,,
8,2,coxnet,33,8002,0.7400379506641366,0.6060606060606061,0.6636583962336999,74642.48484848485,18,4.1,919,2.62,0.3029190700370627,0.6042640576088262,-0.1357738930553104,,,
8,2,genetico,33,8002,0.6166982922201139,0.48484848484848486,0.29999164473419576,82787.39393939394,7,222.8,919,2.62,1.0,0.6829988241932408,0.06630053197312691,0.6689988241932407,267.0,888.0
8,3,edad,32,8003,0.6058467741935484,0.5,0.305013290622063,125334.5625,0,0.0,957,2.53,,,,,,
8,3,coxnet,32,8003,0.6108870967741935,0.46875,0.3280791788856305,130513.5625,15,4.2,957,2.53,0.36578738490524826,0.6323778752100723,0.021490778435878766,,,
8,3,genetico,32,8003,0.6391129032258065,0.4375,0.3951612903225806,124007.53125,6,241.0,957,2.53,1.0,0.6901836891723364,0.05107078594652992,0.6781836891723364,272.0,921.0
8,4,edad,32,8004,0.5131313131313131,0.3125,0.047841627916080806,98440.15625,0,0.1,950,2.91,,,,,,
8,4,coxnet,32,8004,0.5131313131313131,0.3125,0.047841627916080806,98440.15625,0,7.2,950,2.91,0.5050295498640068,0.6448101278473575,0.13167881471604437,,,
8,4,genetico,32,8004,0.6242424242424243,0.46875,0.3616533788445495,164468.1875,9,245.8,950,2.91,0.1,0.6964505699172346,0.07220814567481038,0.6784505699172346,261.0,932.0
9,0,edad,33,9000,0.5681818181818182,0.3939393939393939,0.15508021390374332,108444.09090909091,0,0.2,942,7.02,,,,,,
9,0,coxnet,33,9000,0.5511363636363636,0.48484848484848486,0.15775401069518719,133324.36363636365,28,6.8,942,7.02,0.24308286111981645,0.6484203967444626,0.09728403310809897,,,
9,0,genetico,33,9000,0.5852272727272727,0.45454545454545453,0.22794117647058826,131778.0,4,231.1,942,7.02,1.0,0.6918134691978385,0.10658619647056577,0.6838134691978385,260.0,951.0
9,1,edad,33,9001,0.6850094876660342,0.48484848484848486,0.5528536828861949,103432.78787878787,0,0.2,900,7.34,,,,,,
9,1,coxnet,33,9001,0.6850094876660342,0.48484848484848486,0.5528536828861949,103432.78787878787,0,8.6,900,7.34,0.5185053947761668,0.6101765355631049,-0.07483295210292928,,,
9,1,genetico,33,9001,0.6053130929791272,0.5151515151515151,0.2762597151786215,126539.51515151515,6,216.4,900,7.34,0.01,0.6592178198383037,0.05390472685917658,0.6472178198383037,256.0,881.0
9,2,edad,33,9002,0.5738636363636364,0.3939393939393939,0.21457219251336898,65441.969696969696,0,0.1,908,4.97,,,,,,
9,2,coxnet,33,9002,0.6041666666666666,0.42424242424242425,0.330548128342246,65301.333333333336,13,6.0,908,4.97,0.3524489341405676,0.6425783039756258,0.038411637308959135,,,
9,2,genetico,33,9002,0.6098484848484849,0.5151515151515151,0.3038101604278075,68775.30303030302,8,223.1,908,4.97,1.0,0.7012919487394814,0.09144346389099656,0.6852919487394814,255.0,960.0
9,3,edad,32,9003,0.6199596774193549,0.46875,0.3819998183031126,104263.21875,0,0.1,934,3.61,,,,,,
9,3,coxnet,32,9003,0.6310483870967742,0.46875,0.4021260997067448,102981.03125,7,8.1,934,3.61,0.3803961992989146,0.6377641418052362,0.006715754708461974,,,
9,3,genetico,32,9003,0.625,0.4375,0.347140762463343,103261.125,3,179.0,934,3.61,1.0,0.6818236251118385,0.05682362511183847,0.6758236251118385,273.0,888.0
9,4,edad,32,9004,0.6491935483870968,0.5625,0.43731671554252194,182746.28125,0,0.1,947,4.89,,,,,,
9,4,coxnet,32,9004,0.6048387096774194,0.4375,0.32991202346041054,198856.21875,16,9.0,947,4.89,0.2995828378929943,0.6376401394861319,0.03280142980871248,,,
9,4,genetico,32,9004,0.4899193548387097,0.34375,-0.035557184750733134,212483.84375,10,185.0,947,4.89,0.1,0.704951079155456,0.21503172431674628,0.6849510791554559,275.0,964.0
