repeticion,fold,brazo,caracteristica
0,0,genetico,t2_TC_gldm_DependenceVariance
0,0,genetico,t2_TC_firstorder_90Percentile
0,0,genetico,t2_WT_glszm_ZoneEntropy
0,0,genetico,t1ce_TC_glrlm_RunLengthNonUniformity
0,0,genetico,flair_WT_glcm_Correlation
0,0,genetico,t2_TC_glcm_Idmn
0,0,genetico,t1_WT_glszm_LargeAreaLowGrayLevelEmphasis
0,0,genetico,t1ce_TC_firstorder_10Percentile
0,1,genetico,t1ce_TC_firstorder_Kurtosis
0,1,genetico,t2_TC_firstorder_10Percentile
0,1,genetico,t2_TC_gldm_LargeDependenceLowGrayLevelEmphasis
0,1,genetico,mask_TC_shape_Maximum2DDiameterRow
0,1,genetico,flair_TC_gldm_SmallDependenceHighGrayLevelEmphasis
0,1,genetico,flair_TC_glcm_Idmn
0,1,genetico,flair_WT_glcm_Correlation
0,2,coxnet,t1ce_WT_glszm_GrayLevelNonUniformity
0,2,coxnet,t1ce_WT_ngtdm_Strength
0,2,coxnet,flair_WT_glcm_MCC
0,2,coxnet,flair_WT_glszm_LargeAreaLowGrayLevelEmphasis
0,2,coxnet,mask_TC_shape_SurfaceArea
0,2,coxnet,t1ce_TC_ngtdm_Busyness
0,2,coxnet,t2_TC_firstorder_Median
0,2,coxnet,t2_TC_glcm_Idmn
0,2,coxnet,t2_TC_glszm_LargeAreaEmphasis
0,2,coxnet,t2_TC_glszm_ZoneVariance
0,2,coxnet,t2_TC_gldm_GrayLevelNonUniformity
0,2,coxnet,flair_TC_glrlm_GrayLevelNonUniformity
0,2,coxnet,flair_TC_gldm_LargeDependenceLowGrayLevelEmphasis
0,2,coxnet,t2_ET_firstorder_90Percentile
0,2,genetico,t2_WT_glcm_ClusterShade
0,2,genetico,t1_WT_firstorder_10Percentile
0,2,genetico,t2_TC_ngtdm_Contrast
0,2,genetico,flair_ET_gldm_SmallDependenceHighGrayLevelEmphasis
0,2,genetico,t1ce_TC_ngtdm_Busyness
0,3,coxnet,flair_TC_gldm_LargeDependenceLowGrayLevelEmphasis
0,3,genetico,t2_WT_glrlm_GrayLevelNonUniformityNormalized
0,3,genetico,t2_WT_firstorder_Energy
0,3,genetico,mask_WT_shape_Maximum2DDiameterColumn
0,3,genetico,mask_TC_shape_Maximum2DDiameterRow
0,3,genetico,t1_TC_glszm_ZoneVariance
0,3,genetico,t1ce_TC_glcm_Correlation
0,3,genetico,t2_WT_glcm_ClusterShade
0,4,coxnet,mask_WT_shape_Maximum2DDiameterColumn
0,4,coxnet,t1ce_WT_glcm_Contrast
0,4,coxnet,t1ce_WT_glcm_DifferenceVariance
0,4,coxnet,t1ce_WT_glszm_LargeAreaEmphasis
0,4,coxnet,t1ce_WT_glszm_ZoneVariance
0,4,coxnet,flair_WT_firstorder_InterquartileRange
0,4,coxnet,flair_WT_firstorder_RobustMeanAbsoluteDeviation
0,4,coxnet,flair_WT_glcm_Imc2
0,4,coxnet,flair_WT_ngtdm_Contrast
0,4,coxnet,t1ce_TC_glszm_SizeZoneNonUniformity
0,4,coxnet,t2_TC_glcm_Idn
0,4,coxnet,flair_TC_glcm_Imc2
0,4,coxnet,flair_TC_glrlm_GrayLevelNonUniformity
0,4,coxnet,mask_ET_shape_SurfaceArea
0,4,coxnet,t1ce_ET_glszm_SizeZoneNonUniformity
0,4,coxnet,t2_ET_ngtdm_Complexity
0,4,coxnet,flair_ET_glcm_Imc2
0,4,genetico,t1ce_WT_glcm_Contrast
0,4,genetico,t2_ET_firstorder_MeanAbsoluteDeviation
0,4,genetico,flair_WT_firstorder_MeanAbsoluteDeviation
0,4,genetico,flair_TC_gldm_SmallDependenceHighGrayLevelEmphasis
0,4,genetico,t2_WT_glszm_ZoneEntropy
0,4,genetico,mask_TC_shape_Maximum2DDiameterRow
1,0,coxnet,t1_WT_ngtdm_Strength
1,0,coxnet,flair_WT_glcm_MCC
1,0,coxnet,flair_WT_ngtdm_Coarseness
1,0,coxnet,flair_WT_ngtdm_Contrast
1,0,coxnet,mask_TC_shape_Maximum2DDiameterSlice
1,0,coxnet,mask_TC_shape_Maximum3DDiameter
1,0,coxnet,t1_TC_ngtdm_Coarseness
1,0,coxnet,t1ce_TC_ngtdm_Strength
1,0,coxnet,t2_TC_glcm_Idmn
1,0,coxnet,flair_TC_ngtdm_Coarseness
1,0,coxnet,mask_ET_shape_Maximum3DDiameter
1,0,coxnet,t2_ET_firstorder_90Percentile
1,0,coxnet,t2_ET_ngtdm_Complexity
1,0,genetico,t2_TC_glrlm_HighGrayLevelRunEmphasis
1,0,genetico,t2_TC_gldm_LargeDependenceLowGrayLevelEmphasis
1,0,genetico,t2_ET_firstorder_Energy
1,0,genetico,t2_WT_ngtdm_Strength
1,0,genetico,mask_TC_shape_Maximum2DDiameterRow
1,0,genetico,flair_TC_glcm_Imc1
1,0,genetico,t1_TC_glszm_ZoneVariance
1,0,genetico,t1_TC_glszm_LargeAreaLowGrayLevelEmphasis
1,1,coxnet,t1ce_WT_glcm_InverseVariance
1,1,coxnet,t2_WT_glcm_ClusterProminence
1,1,coxnet,flair_WT_glcm_MCC
1,1,coxnet,flair_TC_glrlm_GrayLevelNonUniformity
1,1,coxnet,t1_ET_glszm_GrayLevelNonUniformity
1,1,coxnet,flair_ET_gldm_LargeDependenceLowGrayLevelEmphasis
1,1,genetico,mask_TC_shape_Flatness
1,1,genetico,t2_TC_firstorder_Kurtosis
1,1,genetico,t2_WT_glcm_Idmn
1,1,genetico,t1_TC_glszm_LargeAreaEmphasis
1,1,genetico,t1_ET_glcm_Correlation
1,1,genetico,t1_TC_glszm_GrayLevelNonUniformity
1,1,genetico,t1ce_TC_glszm_SmallAreaLowGrayLevelEmphasis
1,2,genetico,t2_TC_firstorder_90Percentile
1,2,genetico,t2_TC_glszm_GrayLevelNonUniformityNormalized
1,2,genetico,t2_TC_glrlm_ShortRunEmphasis
1,2,genetico,t2_ET_glcm_Idmn
1,2,genetico,flair_ET_glcm_MCC
1,2,genetico,t1_WT_glszm_ZoneEntropy
1,3,genetico,t1ce_TC_gldm_GrayLevelVariance
1,3,genetico,t2_WT_firstorder_10Percentile
1,3,genetico,flair_WT_glcm_Correlation
1,3,genetico,t2_WT_gldm_DependenceEntropy
1,3,genetico,mask_TC_shape_Maximum2DDiameterRow
1,4,coxnet,t1_WT_glszm_LargeAreaLowGrayLevelEmphasis
1,4,coxnet,t1ce_WT_glcm_InverseVariance
1,4,coxnet,t2_WT_firstorder_10Percentile
1,4,coxnet,t2_WT_glcm_ClusterShade
1,4,coxnet,t2_WT_glcm_Idn
1,4,coxnet,flair_WT_glcm_Imc2
1,4,coxnet,flair_WT_glcm_MCC
1,4,coxnet,flair_WT_glszm_LargeAreaLowGrayLevelEmphasis
1,4,coxnet,mask_TC_shape_SurfaceArea
1,4,coxnet,t2_TC_firstorder_Kurtosis
1,4,coxnet,t2_TC_firstorder_Median
1,4,coxnet,t2_TC_glcm_Idmn
1,4,coxnet,t2_TC_glcm_Idn
1,4,coxnet,t2_TC_glrlm_GrayLevelNonUniformity
1,4,coxnet,flair_TC_glrlm_GrayLevelNonUniformity
1,4,coxnet,flair_TC_gldm_GrayLevelNonUniformity
1,4,coxnet,t1ce_ET_glcm_ClusterShade
1,4,coxnet,t2_ET_firstorder_90Percentile
1,4,coxnet,t2_ET_firstorder_InterquartileRange
1,4,coxnet,t2_ET_firstorder_Kurtosis
1,4,coxnet,t2_ET_firstorder_RobustMeanAbsoluteDeviation
1,4,genetico,t2_TC_gldm_DependenceVariance
1,4,genetico,t2_TC_glszm_LargeAreaHighGrayLevelEmphasis
1,4,genetico,t2_TC_glcm_Idmn
1,4,genetico,t1ce_ET_glrlm_RunPercentage
1,4,genetico,t1_ET_gldm_LargeDependenceHighGrayLevelEmphasis
1,4,genetico,t1_TC_gldm_LargeDependenceHighGrayLevelEmphasis
1,4,genetico,flair_ET_glcm_Correlation
2,0,coxnet,t1ce_WT_glcm_JointEnergy
2,0,coxnet,t1ce_WT_glcm_InverseVariance
2,0,coxnet,t1ce_WT_ngtdm_Strength
2,0,coxnet,t2_WT_glcm_ClusterShade
2,0,coxnet,flair_WT_gldm_LargeDependenceLowGrayLevelEmphasis
2,0,coxnet,mask_TC_shape_MajorAxisLength
2,0,coxnet,mask_TC_shape_SurfaceArea
2,0,coxnet,t2_TC_glcm_Idmn
2,0,coxnet,t2_TC_glcm_Idn
2,0,coxnet,flair_TC_gldm_LargeDependenceLowGrayLevelEmphasis
2,0,coxnet,t2_ET_firstorder_90Percentile
2,0,genetico,t2_TC_firstorder_Mean
2,0,genetico,t1ce_TC_ngtdm_Strength
2,0,genetico,mask_ET_shape_Maximum2DDiameterRow
2,0,genetico,flair_WT_gldm_LargeDependenceLowGrayLevelEmphasis
2,0,genetico,t1_TC_glszm_ZoneVariance
2,0,genetico,flair_ET_gldm_DependenceEntropy
2,1,genetico,t2_ET_firstorder_Mean
2,1,genetico,t1ce_ET_ngtdm_Busyness
2,1,genetico,t1_ET_glcm_Correlation
2,1,genetico,flair_TC_glcm_Idmn
2,1,genetico,t1_TC_glszm_ZoneVariance
2,1,genetico,t1_WT_glszm_LargeAreaEmphasis
2,1,genetico,t2_WT_glcm_ClusterShade
2,2,coxnet,t1ce_WT_glszm_GrayLevelNonUniformity
2,2,coxnet,flair_WT_glcm_Imc2
2,2,coxnet,flair_TC_glcm_Imc2
2,2,coxnet,t2_ET_ngtdm_Contrast
2,2,genetico,mask_TC_shape_Elongation
2,2,genetico,t2_WT_ngtdm_Contrast
2,2,genetico,t1ce_WT_glszm_GrayLevelNonUniformity
2,2,genetico,t2_TC_glszm_LargeAreaHighGrayLevelEmphasis
2,2,genetico,t2_ET_glszm_LargeAreaHighGrayLevelEmphasis
2,3,coxnet,t2_WT_glcm_ClusterProminence
2,3,coxnet,flair_WT_glszm_LargeAreaLowGrayLevelEmphasis
2,3,coxnet,flair_WT_gldm_LargeDependenceLowGrayLevelEmphasis
2,3,coxnet,mask_TC_shape_SurfaceArea
2,3,coxnet,t1ce_TC_ngtdm_Busyness
2,3,coxnet,t2_TC_firstorder_Median
2,3,coxnet,t2_TC_glcm_Idmn
2,3,coxnet,t2_TC_ngtdm_Coarseness
2,3,coxnet,t2_ET_glcm_ClusterProminence
2,3,coxnet,t2_ET_ngtdm_Contrast
2,3,genetico,t1ce_ET_glrlm_RunPercentage
2,3,genetico,t1ce_ET_firstorder_RootMeanSquared
2,3,genetico,t1_WT_glcm_Imc2
2,3,genetico,flair_TC_glcm_Idmn
2,3,genetico,flair_ET_glcm_Correlation
2,3,genetico,t1_WT_firstorder_Energy
2,3,genetico,t1ce_TC_ngtdm_Busyness
2,3,genetico,flair_WT_glszm_SizeZoneNonUniformityNormalized
2,3,genetico,flair_TC_glszm_ZoneVariance
2,4,coxnet,t1ce_WT_glcm_InverseVariance
2,4,coxnet,t2_WT_firstorder_10Percentile
2,4,coxnet,t2_WT_glcm_ClusterShade
2,4,coxnet,flair_WT_glcm_MCC
2,4,coxnet,mask_TC_shape_Maximum2DDiameterRow
2,4,coxnet,mask_TC_shape_Maximum2DDiameterSlice
2,4,coxnet,mask_TC_shape_SurfaceArea
2,4,coxnet,t2_TC_firstorder_Median
2,4,coxnet,t2_TC_glcm_Idn
2,4,coxnet,flair_TC_gldm_LargeDependenceLowGrayLevelEmphasis
2,4,coxnet,mask_ET_shape_SurfaceArea
2,4,coxnet,t1_ET_glszm_GrayLevelNonUniformity
2,4,coxnet,t2_ET_firstorder_Kurtosis
2,4,genetico,t2_ET_firstorder_Kurtosis
2,4,genetico,mask_TC_shape_Maximum2DDiameterRow
2,4,genetico,t1ce_WT_glszm_GrayLevelNonUniformity
2,4,genetico,t2_WT_gldm_DependenceEntropy
3,0,coxnet,t1ce_WT_glcm_InverseVariance
3,0,coxnet,t1ce_WT_glszm_GrayLevelNonUniformity
3,0,coxnet,t1ce_WT_ngtdm_Strength
3,0,coxnet,t2_WT_firstorder_10Percentile
3,0,coxnet,t2_WT_glcm_ClusterShade
3,0,coxnet,flair_WT_glcm_MCC
3,0,coxnet,flair_WT_glszm_LargeAreaLowGrayLevelEmphasis
3,0,coxnet,mask_TC_shape_Maximum2DDiameterRow
3,0,coxnet,mask_TC_shape_Maximum3DDiameter
3,0,coxnet,mask_TC_shape_SurfaceArea
3,0,coxnet,t2_TC_firstorder_Median
3,0,coxnet,t2_TC_glcm_Idmn
3,0,coxnet,t2_TC_glcm_Idn
3,0,coxnet,mask_ET_shape_Maximum3DDiameter
3,0,coxnet,t2_ET_firstorder_Kurtosis
3,0,coxnet,t2_ET_ngtdm_Contrast
3,0,genetico,t2_TC_firstorder_Kurtosis
3,0,genetico,t2_ET_firstorder_Mean
3,0,genetico,mask_TC_shape_Maximum2DDiameterRow
3,0,genetico,mask_TC_shape_Maximum2DDiameterSlice
3,0,genetico,t1_ET_glcm_Correlation
3,0,genetico,t1ce_TC_glszm_LargeAreaLowGrayLevelEmphasis
3,0,genetico,t1ce_TC_gldm_LargeDependenceLowGrayLevelEmphasis
3,0,genetico,t2_TC_gldm_DependenceEntropy
3,1,coxnet,mask_TC_shape_Maximum2DDiameterRow
3,1,coxnet,mask_TC_shape_Maximum3DDiameter
3,1,coxnet,t1_TC_firstorder_Skewness
3,1,coxnet,t1_TC_glrlm_LowGrayLevelRunEmphasis
3,1,coxnet,t2_TC_ngtdm_Coarseness
3,1,coxnet,mask_ET_shape_Maximum2DDiameterRow
3,1,coxnet,t2_ET_ngtdm_Busyness
3,1,genetico,t1_WT_firstorder_MeanAbsoluteDeviation
3,1,genetico,mask_TC_shape_Maximum2DDiameterRow
3,1,genetico,flair_WT_glcm_Correlation
3,1,genetico,flair_ET_glcm_Correlation
3,1,genetico,t2_TC_gldm_DependenceEntropy
3,1,genetico,t1ce_TC_glcm_MaximumProbability
3,2,genetico,t2_WT_firstorder_Mean
3,2,genetico,mask_WT_shape_Maximum2DDiameterColumn
3,2,genetico,t1ce_WT_glcm_DifferenceEntropy
3,2,genetico,flair_WT_firstorder_Median
3,2,genetico,flair_WT_ngtdm_Contrast
3,2,genetico,t1ce_TC_glszm_LargeAreaLowGrayLevelEmphasis
3,3,coxnet,t2_WT_firstorder_10Percentile
3,3,coxnet,t2_WT_glcm_ClusterProminence
3,3,coxnet,t2_WT_glcm_ClusterShade
3,3,coxnet,flair_WT_glcm_Imc2
3,3,coxnet,flair_WT_glcm_MCC
3,3,coxnet,flair_WT_glszm_LargeAreaLowGrayLevelEmphasis
3,3,coxnet,flair_WT_gldm_LargeDependenceLowGrayLevelEmphasis
3,3,coxnet,mask_TC_shape_MajorAxisLength
3,3,coxnet,mask_TC_shape_SurfaceArea
3,3,coxnet,t1_TC_firstorder_Kurtosis
3,3,coxnet,t2_TC_glcm_Idmn
3,3,coxnet,t2_TC_glcm_Idn
3,3,coxnet,t2_TC_ngtdm_Contrast
3,3,coxnet,flair_TC_glrlm_GrayLevelNonUniformity
3,3,coxnet,flair_TC_gldm_GrayLevelNonUniformity
3,3,coxnet,mask_ET_shape_SurfaceArea
3,3,coxnet,t1_ET_glszm_GrayLevelNonUniformity
3,3,coxnet,t1ce_ET_glcm_ClusterProminence
3,3,coxnet,t2_ET_firstorder_InterquartileRange
3,3,coxnet,t2_ET_firstorder_RobustMeanAbsoluteDeviation
3,3,genetico,t2_WT_firstorder_10Percentile
3,3,genetico,t1ce_WT_glcm_Idmn
3,3,genetico,flair_WT_gldm_LargeDependenceLowGrayLevelEmphasis
3,3,genetico,t1_WT_glszm_LargeAreaLowGrayLevelEmphasis
3,3,genetico,t1_TC_glszm_ZoneVariance
3,3,genetico,mask_WT_shape_LeastAxisLength
3,3,genetico,t2_TC_ngtdm_Contrast
3,3,genetico,t1ce_WT_glcm_Contrast
3,3,genetico,t1ce_ET_firstorder_RootMeanSquared
3,4,coxnet,t2_WT_glcm_ClusterShade
3,4,coxnet,flair_WT_glszm_LargeAreaLowGrayLevelEmphasis
3,4,coxnet,t2_TC_glcm_Idmn
3,4,coxnet,t2_TC_glcm_Idn
3,4,coxnet,flair_TC_gldm_LargeDependenceLowGrayLevelEmphasis
3,4,coxnet,t2_ET_glcm_Idn
3,4,genetico,t2_TC_firstorder_Skewness
3,4,genetico,t1_ET_firstorder_Mean
3,4,genetico,t2_ET_ngtdm_Contrast
3,4,genetico,t2_ET_gldm_DependenceVariance
3,4,genetico,t2_WT_glszm_ZoneEntropy
3,4,genetico,flair_WT_glcm_Correlation
3,4,genetico,t1ce_ET_firstorder_MeanAbsoluteDeviation
3,4,genetico,t1ce_TC_glrlm_ShortRunEmphasis
3,4,genetico,t1ce_ET_glcm_Idmn
4,0,coxnet,mask_WT_shape_Maximum2DDiameterColumn
4,0,coxnet,t1ce_WT_glcm_DifferenceVariance
4,0,coxnet,flair_WT_glszm_LargeAreaLowGrayLevelEmphasis
4,0,coxnet,flair_WT_ngtdm_Contrast
4,0,coxnet,mask_TC_shape_Maximum2DDiameterRow
4,0,coxnet,mask_TC_shape_SurfaceArea
4,0,coxnet,t1_TC_glrlm_LowGrayLevelRunEmphasis
4,0,coxnet,t1_TC_glrlm_ShortRunLowGrayLevelEmphasis
4,0,coxnet,t2_TC_glcm_Idmn
4,0,coxnet,mask_ET_shape_Maximum2DDiameterRow
4,0,coxnet,t1ce_ET_glszm_SizeZoneNonUniformity
4,0,coxnet,t2_ET_ngtdm_Complexity
4,0,genetico,t2_ET_ngtdm_Contrast
4,0,genetico,t2_TC_gldm_LargeDependenceLowGrayLevelEmphasis
4,0,genetico,t2_TC_glcm_JointEnergy
4,0,genetico,t2_ET_gldm_DependenceEntropy
4,0,genetico,flair_WT_ngtdm_Busyness
4,0,genetico,mask_TC_shape_Maximum2DDiameterRow
4,0,genetico,flair_WT_glrlm_RunLengthNonUniformity
4,0,genetico,mask_WT_shape_Maximum2DDiameterColumn
4,0,genetico,flair_WT_glcm_Correlation
4,1,coxnet,t1ce_WT_glszm_GrayLevelNonUniformity
4,1,coxnet,t1ce_WT_ngtdm_Strength
4,1,coxnet,t2_WT_glcm_ClusterShade
4,1,coxnet,flair_WT_glcm_Imc2
4,1,coxnet,flair_WT_glcm_MCC
4,1,coxnet,mask_TC_shape_Maximum2DDiameterRow
4,1,coxnet,mask_TC_shape_Maximum2DDiameterSlice
4,1,coxnet,mask_TC_shape_Maximum3DDiameter
4,1,coxnet,mask_TC_shape_SurfaceArea
4,1,coxnet,t2_TC_glcm_Idmn
4,1,coxnet,flair_TC_glrlm_GrayLevelNonUniformity
4,1,coxnet,t2_ET_firstorder_90Percentile
4,1,coxnet,t2_ET_ngtdm_Contrast
4,1,genetico,mask_ET_shape_Maximum2DDiameterRow
4,1,genetico,flair_WT_gldm_DependenceEntropy
4,1,genetico,t2_ET_glcm_Imc1
4,2,coxnet,flair_TC_gldm_LargeDependenceLowGrayLevelEmphasis
4,2,genetico,t1ce_TC_firstorder_Skewness
4,2,genetico,t1ce_ET_glcm_JointEnergy
4,2,genetico,t2_WT_ngtdm_Contrast
4,2,genetico,mask_ET_shape_Maximum2DDiameterRow
4,2,genetico,flair_ET_glszm_GrayLevelNonUniformity
4,2,genetico,t1ce_WT_glcm_Imc1
4,3,coxnet,t2_TC_glcm_Idmn
4,3,genetico,t1_TC_firstorder_Skewness
4,3,genetico,t2_TC_glcm_Idmn
4,3,genetico,mask_ET_shape_Maximum3DDiameter
4,3,genetico,flair_ET_glcm_MCC
4,3,genetico,flair_WT_glcm_Idmn
4,3,genetico,t1ce_TC_gldm_LargeDependenceLowGrayLevelEmphasis
4,4,coxnet,t1ce_WT_glcm_JointEnergy
4,4,coxnet,t2_WT_glcm_ClusterProminence
4,4,coxnet,flair_WT_glcm_MCC
4,4,coxnet,flair_WT_glszm_LargeAreaLowGrayLevelEmphasis
4,4,coxnet,mask_TC_shape_SurfaceArea
4,4,coxnet,t1_TC_firstorder_Skewness
4,4,coxnet,t2_TC_glcm_Idmn
4,4,coxnet,t2_TC_glcm_Idn
4,4,coxnet,flair_TC_gldm_LargeDependenceLowGrayLevelEmphasis
4,4,coxnet,t2_ET_firstorder_90Percentile
4,4,coxnet,t2_ET_firstorder_Variance
4,4,coxnet,t2_ET_glcm_ClusterProminence
4,4,coxnet,t2_ET_gldm_GrayLevelVariance
4,4,genetico,t2_TC_firstorder_Skewness
4,4,genetico,t1ce_WT_firstorder_10Percentile
4,4,genetico,t2_TC_gldm_LargeDependenceLowGrayLevelEmphasis
4,4,genetico,t1_TC_glszm_LargeAreaEmphasis
4,4,genetico,mask_TC_shape_Maximum2DDiameterRow
4,4,genetico,t1ce_TC_gldm_SmallDependenceLowGrayLevelEmphasis
4,4,genetico,flair_WT_glcm_Correlation
5,0,genetico,t1_WT_firstorder_MeanAbsoluteDeviation
5,0,genetico,t2_WT_firstorder_10Percentile
5,0,genetico,t1ce_WT_glrlm_GrayLevelNonUniformity
5,0,genetico,mask_WT_shape_Maximum2DDiameterColumn
5,1,coxnet,t1ce_WT_glcm_Idm
5,1,coxnet,t1ce_WT_glrlm_RunLengthNonUniformityNormalized
5,1,coxnet,t1ce_WT_glrlm_RunPercentage
5,1,coxnet,t1ce_WT_glrlm_ShortRunEmphasis
5,1,coxnet,t1ce_WT_glszm_GrayLevelNonUniformity
5,1,coxnet,t2_WT_firstorder_10Percentile
5,1,coxnet,t2_WT_glcm_ClusterShade
5,1,coxnet,flair_WT_glcm_MCC
5,1,coxnet,flair_WT_glszm_LargeAreaLowGrayLevelEmphasis
5,1,coxnet,flair_WT_ngtdm_Contrast
5,1,coxnet,mask_TC_shape_Maximum3DDiameter
5,1,coxnet,mask_TC_shape_SurfaceArea
5,1,coxnet,t1_TC_glcm_JointEntropy
5,1,coxnet,t1_TC_glszm_SmallAreaEmphasis
5,1,coxnet,t2_TC_firstorder_Median
5,1,coxnet,t2_TC_glcm_Idmn
5,1,coxnet,t2_TC_glcm_Idn
5,1,coxnet,t2_TC_glszm_LargeAreaLowGrayLevelEmphasis
5,1,coxnet,mask_ET_shape_Maximum3DDiameter
5,1,coxnet,mask_ET_shape_SurfaceArea
5,1,coxnet,t2_ET_glcm_Idn
5,1,genetico,t2_ET_firstorder_Kurtosis
5,1,genetico,t1ce_TC_gldm_LargeDependenceLowGrayLevelEmphasis
5,1,genetico,t2_TC_gldm_LargeDependenceLowGrayLevelEmphasis
5,1,genetico,t2_WT_ngtdm_Contrast
5,1,genetico,t1ce_WT_ngtdm_Contrast
5,1,genetico,t1ce_WT_gldm_DependenceVariance
5,1,genetico,t1ce_ET_glszm_ZoneEntropy
5,1,genetico,t1ce_TC_gldm_DependenceEntropy
5,1,genetico,t2_ET_gldm_DependenceEntropy
5,1,genetico,t1ce_TC_ngtdm_Busyness
5,2,coxnet,t2_WT_glcm_ClusterShade
5,2,coxnet,mask_TC_shape_Maximum2DDiameterRow
5,2,coxnet,mask_TC_shape_Maximum3DDiameter
5,2,coxnet,t2_TC_glcm_Idmn
5,2,coxnet,flair_TC_gldm_LargeDependenceLowGrayLevelEmphasis
5,2,coxnet,mask_ET_shape_Maximum2DDiameterRow
5,2,coxnet,t2_ET_firstorder_90Percentile
5,2,coxnet,t2_ET_firstorder_Variance
5,2,coxnet,t2_ET_gldm_GrayLevelVariance
5,2,coxnet,t2_ET_ngtdm_Contrast
5,2,genetico,flair_ET_firstorder_Skewness
5,2,genetico,flair_TC_glcm_Idmn
5,2,genetico,flair_TC_glcm_Imc1
5,2,genetico,t1_WT_ngtdm_Busyness
5,2,genetico,flair_TC_glszm_SizeZoneNonUniformity
5,2,genetico,mask_TC_shape_Maximum2DDiameterSlice
5,2,genetico,flair_TC_glszm_LargeAreaHighGrayLevelEmphasis
5,2,genetico,t1_TC_glszm_ZoneVariance
5,3,coxnet,flair_TC_gldm_LargeDependenceLowGrayLevelEmphasis
5,3,genetico,t1ce_TC_glcm_MaximumProbability
5,3,genetico,t2_TC_glszm_GrayLevelNonUniformityNormalized
5,3,genetico,flair_TC_glcm_Correlation
5,3,genetico,t2_ET_ngtdm_Contrast
5,3,genetico,t2_WT_firstorder_Energy
5,3,genetico,mask_TC_shape_VoxelVolume
5,3,genetico,t2_WT_glcm_ClusterShade
5,3,genetico,t2_ET_firstorder_Skewness
5,4,coxnet,t1_WT_glszm_LargeAreaLowGrayLevelEmphasis
5,4,coxnet,t1ce_WT_glcm_Contrast
5,4,coxnet,t1ce_WT_glcm_DifferenceVariance
5,4,coxnet,t1ce_WT_ngtdm_Strength
5,4,coxnet,t2_WT_glcm_ClusterProminence
5,4,coxnet,t2_WT_glcm_Idn
5,4,coxnet,t2_WT_ngtdm_Contrast
5,4,coxnet,flair_WT_glcm_Imc2
5,4,coxnet,flair_WT_glcm_MCC
5,4,coxnet,flair_WT_ngtdm_Contrast
5,4,coxnet,t1_TC_firstorder_Kurtosis
5,4,coxnet,t1ce_TC_glszm_LowGrayLevelZoneEmphasis
5,4,coxnet,t2_TC_firstorder_Kurtosis
5,4,coxnet,t2_TC_glcm_Idn
5,4,coxnet,t2_TC_glszm_SmallAreaLowGrayLevelEmphasis
5,4,coxnet,flair_TC_glrlm_GrayLevelNonUniformity
5,4,coxnet,flair_TC_glszm_LargeAreaEmphasis
5,4,coxnet,flair_TC_glszm_LargeAreaHighGrayLevelEmphasis
5,4,coxnet,flair_TC_glszm_ZoneVariance
5,4,coxnet,flair_TC_gldm_GrayLevelNonUniformity
5,4,coxnet,t1ce_ET_glcm_ClusterProminence
5,4,coxnet,t2_ET_firstorder_InterquartileRange
5,4,coxnet,t2_ET_firstorder_Kurtosis
5,4,genetico,t2_TC_ngtdm_Contrast
5,4,genetico,flair_WT_gldm_DependenceEntropy
5,4,genetico,t1ce_TC_ngtdm_Busyness
5,4,genetico,mask_WT_shape_Maximum2DDiameterColumn
5,4,genetico,t2_TC_firstorder_Kurtosis
6,0,coxnet,t1_WT_glszm_LargeAreaLowGrayLevelEmphasis
6,0,coxnet,t1ce_WT_glcm_Idm
6,0,coxnet,t1ce_WT_glcm_InverseVariance
6,0,coxnet,t1ce_WT_ngtdm_Strength
6,0,coxnet,t2_WT_firstorder_10Percentile
6,0,coxnet,t2_WT_glcm_ClusterShade
6,0,coxnet,flair_WT_glcm_Imc2
6,0,coxnet,flair_WT_ngtdm_Contrast
6,0,coxnet,mask_TC_shape_Maximum2DDiameterRow
6,0,coxnet,mask_TC_shape_Maximum2DDiameterSlice
6,0,coxnet,mask_TC_shape_SurfaceArea
6,0,coxnet,t1_TC_firstorder_Kurtosis
6,0,coxnet,t1ce_TC_ngtdm_Busyness
6,0,coxnet,t2_TC_firstorder_Median
6,0,coxnet,t2_TC_glcm_Idmn
6,0,coxnet,t2_TC_glcm_Idn
6,0,coxnet,t2_TC_glszm_LargeAreaLowGrayLevelEmphasis
6,0,coxnet,flair_TC_glcm_Imc2
6,0,coxnet,flair_TC_glrlm_GrayLevelNonUniformity
6,0,coxnet,flair_TC_glszm_LargeAreaEmphasis
6,0,coxnet,flair_TC_glszm_LargeAreaHighGrayLevelEmphasis
6,0,coxnet,flair_TC_glszm_ZoneVariance
6,0,coxnet,t2_ET_firstorder_90Percentile
6,0,coxnet,t2_ET_firstorder_Kurtosis
6,0,coxnet,t2_ET_firstorder_Mean
6,0,coxnet,t2_ET_firstorder_RootMeanSquared
6,0,coxnet,flair_ET_glcm_Imc2
6,0,coxnet,flair_ET_glcm_MCC
6,0,genetico,flair_WT_ngtdm_Contrast
6,0,genetico,flair_WT_firstorder_Kurtosis
6,0,genetico,t2_ET_firstorder_Mean
6,0,genetico,t1ce_WT_firstorder_Variance
6,0,genetico,t1ce_TC_ngtdm_Busyness
6,0,genetico,t1ce_WT_ngtdm_Strength
6,0,genetico,t1_TC_glszm_GrayLevelNonUniformity
6,0,genetico,flair_WT_gldm_SmallDependenceHighGrayLevelEmphasis
6,0,genetico,flair_TC_glcm_Correlation
6,1,coxnet,flair_WT_glcm_MCC
6,1,coxnet,flair_WT_glszm_LargeAreaLowGrayLevelEmphasis
6,1,coxnet,mask_TC_shape_SurfaceArea
6,1,coxnet,t2_TC_glcm_Idn
6,1,coxnet,flair_TC_gldm_LargeDependenceLowGrayLevelEmphasis
6,1,coxnet,t1_ET_glszm_GrayLevelNonUniformity
6,1,coxnet,t2_ET_firstorder_Kurtosis
6,1,coxnet,t2_ET_glcm_Idn
6,1,coxnet,t2_ET_ngtdm_Contrast
6,1,genetico,mask_WT_shape_Maximum2DDiameterColumn
6,1,genetico,t2_WT_firstorder_Energy
6,1,genetico,flair_TC_glcm_Correlation
6,1,genetico,t1ce_WT_glcm_MaximumProbability
6,1,genetico,flair_ET_glcm_Idmn
6,2,genetico,t2_ET_firstorder_Mean
6,2,genetico,flair_WT_ngtdm_Contrast
6,2,genetico,t1_WT_glszm_GrayLevelNonUniformity
6,2,genetico,t1ce_WT_glszm_GrayLevelNonUniformity
6,2,genetico,flair_WT_gldm_LargeDependenceLowGrayLevelEmphasis
6,2,genetico,t1ce_TC_glszm_LargeAreaLowGrayLevelEmphasis
6,2,genetico,t1ce_TC_glcm_DifferenceAverage
6,3,coxnet,t1ce_WT_glcm_InverseVariance
6,3,coxnet,t1ce_WT_ngtdm_Strength
6,3,coxnet,t2_WT_glcm_ClusterShade
6,3,coxnet,flair_WT_glcm_Imc2
6,3,coxnet,flair_WT_glcm_MCC
6,3,coxnet,mask_TC_shape_Flatness
6,3,coxnet,mask_TC_shape_MajorAxisLength
6,3,coxnet,mask_TC_shape_Maximum2DDiameterRow
6,3,coxnet,mask_TC_shape_Maximum3DDiameter
6,3,coxnet,mask_TC_shape_SurfaceArea
6,3,coxnet,t1_TC_firstorder_Kurtosis
6,3,coxnet,t1_TC_glrlm_GrayLevelNonUniformityNormalized
6,3,coxnet,t2_TC_glcm_Idmn
6,3,coxnet,t2_TC_glcm_Idn
6,3,coxnet,flair_TC_glcm_MCC
6,3,coxnet,flair_TC_glrlm_GrayLevelNonUniformity
6,3,coxnet,flair_TC_gldm_LargeDependenceLowGrayLevelEmphasis
6,3,coxnet,t1ce_ET_glcm_ClusterProminence
6,3,coxnet,t2_ET_firstorder_90Percentile
6,3,coxnet,t2_ET_firstorder_InterquartileRange
6,3,coxnet,t2_ET_firstorder_RobustMeanAbsoluteDeviation
6,3,coxnet,t2_ET_ngtdm_Contrast
6,3,genetico,t2_ET_firstorder_Skewness
6,3,genetico,t1ce_WT_glcm_Contrast
6,3,genetico,t1ce_ET_glcm_ClusterProminence
6,3,genetico,t1_ET_firstorder_RootMeanSquared
6,3,genetico,t2_ET_firstorder_MeanAbsoluteDeviation
6,3,genetico,t1_TC_firstorder_Energy
6,3,genetico,flair_TC_glrlm_GrayLevelNonUniformity
6,3,genetico,flair_WT_glszm_SizeZoneNonUniformity
6,4,coxnet,t1_ET_glszm_GrayLevelNonUniformity
6,4,genetico,t1ce_TC_glcm_MaximumProbability
6,4,genetico,t2_ET_glcm_Idmn
6,4,genetico,flair_ET_glcm_Idmn
6,4,genetico,t2_WT_firstorder_Energy
6,4,genetico,t1ce_TC_glrlm_RunLengthNonUniformity
6,4,genetico,t1ce_WT_gldm_DependenceNonUniformity
6,4,genetico,t1_WT_glszm_LargeAreaLowGrayLevelEmphasis
6,4,genetico,t2_TC_firstorder_90Percentile
7,0,coxnet,flair_WT_glszm_LargeAreaLowGrayLevelEmphasis
7,0,coxnet,t2_TC_glcm_Idmn
7,0,coxnet,t2_ET_ngtdm_Contrast
7,0,genetico,t2_ET_firstorder_Mean
7,0,genetico,t2_TC_glszm_GrayLevelNonUniformityNormalized
7,0,genetico,t2_ET_ngtdm_Contrast
7,0,genetico,flair_TC_glcm_Correlation
7,0,genetico,t1_ET_glcm_Idn
7,0,genetico,t2_ET_glszm_ZoneEntropy
7,0,genetico,t1ce_WT_gldm_DependenceVariance
7,0,genetico,t1_TC_glszm_LargeAreaEmphasis
7,1,genetico,t1_TC_firstorder_Energy
7,1,genetico,mask_TC_shape_Maximum2DDiameterRow
7,1,genetico,t1ce_TC_glszm_SmallAreaLowGrayLevelEmphasis
7,1,genetico,flair_WT_glcm_Correlation
7,2,coxnet,mask_WT_shape_Maximum2DDiameterColumn
7,2,coxnet,t1_WT_glszm_LargeAreaLowGrayLevelEmphasis
7,2,coxnet,t1ce_WT_glcm_Contrast
7,2,coxnet,t1ce_WT_glcm_DifferenceVariance
7,2,coxnet,flair_WT_firstorder_InterquartileRange
7,2,coxnet,flair_WT_glcm_Correlation
7,2,coxnet,flair_WT_glcm_Imc2
7,2,coxnet,flair_WT_glszm_LargeAreaLowGrayLevelEmphasis
7,2,coxnet,flair_WT_ngtdm_Contrast
7,2,coxnet,mask_TC_shape_MajorAxisLength
7,2,coxnet,mask_TC_shape_Maximum2DDiameterRow
7,2,coxnet,t1_TC_firstorder_Kurtosis
7,2,coxnet,t1_TC_firstorder_Skewness
7,2,coxnet,t1_TC_glrlm_LongRunLowGrayLevelEmphasis
7,2,coxnet,t1_TC_glrlm_LowGrayLevelRunEmphasis
7,2,coxnet,t1_TC_gldm_LowGrayLevelEmphasis
7,2,coxnet,t2_TC_glcm_ClusterProminence
7,2,coxnet,t2_TC_glcm_Idn
7,2,coxnet,flair_TC_glszm_GrayLevelNonUniformity
7,2,coxnet,mask_ET_shape_Maximum2DDiameterRow
7,2,coxnet,mask_ET_shape_SurfaceArea
7,2,coxnet,t1_ET_glszm_GrayLevelNonUniformity
7,2,coxnet,t2_ET_firstorder_Kurtosis
7,2,coxnet,t2_ET_glcm_ClusterProminence
7,2,genetico,t1_TC_firstorder_Skewness
7,2,genetico,t2_TC_ngtdm_Contrast
7,2,genetico,flair_ET_glszm_GrayLevelNonUniformity
7,2,genetico,t1_TC_glrlm_LowGrayLevelRunEmphasis
7,2,genetico,t1_ET_gldm_LargeDependenceHighGrayLevelEmphasis
7,2,genetico,t1ce_TC_glcm_MaximumProbability
7,3,genetico,t2_ET_firstorder_Kurtosis
7,3,genetico,mask_TC_shape_Maximum2DDiameterRow
7,3,genetico,flair_WT_gldm_DependenceEntropy
7,4,coxnet,t1ce_WT_glcm_DifferenceAverage
7,4,coxnet,t1ce_WT_glcm_InverseVariance
7,4,coxnet,t1ce_WT_glszm_GrayLevelNonUniformity
7,4,coxnet,t2_WT_firstorder_10Percentile
7,4,coxnet,t2_WT_glcm_ClusterShade
7,4,coxnet,flair_WT_glcm_Imc2
7,4,coxnet,flair_WT_glcm_MCC
7,4,coxnet,flair_WT_glszm_LargeAreaLowGrayLevelEmphasis
7,4,coxnet,mask_TC_shape_Maximum3DDiameter
7,4,coxnet,mask_TC_shape_SurfaceArea
7,4,coxnet,t1_TC_firstorder_Kurtosis
7,4,coxnet,t2_TC_firstorder_Median
7,4,coxnet,t2_TC_glcm_Idn
7,4,coxnet,flair_TC_glrlm_GrayLevelNonUniformity
7,4,coxnet,flair_TC_glszm_LargeAreaEmphasis
7,4,coxnet,flair_TC_glszm_ZoneVariance
7,4,coxnet,mask_ET_shape_Maximum3DDiameter
7,4,coxnet,mask_ET_shape_SurfaceArea
7,4,coxnet,t2_ET_firstorder_Kurtosis
7,4,coxnet,t2_ET_ngtdm_Contrast
7,4,genetico,t2_ET_firstorder_Skewness
7,4,genetico,t2_ET_firstorder_Mean
7,4,genetico,t2_WT_firstorder_Range
7,4,genetico,t1ce_WT_firstorder_Entropy
7,4,genetico,flair_ET_firstorder_RootMeanSquared
7,4,genetico,flair_TC_ngtdm_Contrast
7,4,genetico,flair_TC_glszm_LargeAreaHighGrayLevelEmphasis
7,4,genetico,t1_TC_glszm_ZoneVariance
7,4,genetico,t1_TC_firstorder_10Percentile
7,4,genetico,t1ce_WT_glcm_Contrast
8,0,coxnet,t2_WT_glcm_ClusterShade
8,0,coxnet,flair_WT_glcm_MCC
8,0,coxnet,flair_WT_ngtdm_Contrast
8,0,coxnet,mask_TC_shape_Maximum2DDiameterRow
8,0,coxnet,mask_TC_shape_SurfaceArea
8,0,coxnet,t2_TC_glcm_Idmn
8,0,coxnet,flair_TC_glrlm_GrayLevelNonUniformity
8,0,coxnet,flair_TC_gldm_LargeDependenceLowGrayLevelEmphasis
8,0,coxnet,mask_ET_shape_Maximum2DDiameterRow
8,0,coxnet,mask_ET_shape_SurfaceArea
8,0,coxnet,t1_ET_glszm_GrayLevelNonUniformity
8,0,coxnet,t2_ET_firstorder_90Percentile
8,0,coxnet,t2_ET_glrlm_GrayLevelNonUniformity
8,0,coxnet,t2_ET_ngtdm_Complexity
8,0,coxnet,t2_ET_ngtdm_Contrast
8,0,genetico,t1_TC_firstorder_RootMeanSquared
8,0,genetico,flair_TC_glszm_LargeAreaEmphasis
8,0,genetico,t1ce_WT_glszm_LargeAreaHighGrayLevelEmphasis
8,0,genetico,t1ce_WT_glrlm_ShortRunEmphasis
8,0,genetico,flair_WT_glcm_Correlation
8,0,genetico,t2_TC_glcm_Idmn
8,0,genetico,mask_WT_shape_Maximum2DDiameterColumn
8,0,genetico,t1_WT_firstorder_Energy
8,0,genetico,flair_ET_glszm_GrayLevelNonUniformity
8,1,coxnet,t1ce_WT_glcm_Contrast
8,1,coxnet,t1ce_WT_glcm_DifferenceAverage
8,1,coxnet,t1ce_WT_ngtdm_Strength
8,1,coxnet,t2_WT_glcm_ClusterProminence
8,1,coxnet,t2_WT_glcm_ClusterShade
8,1,coxnet,flair_WT_glcm_Imc2
8,1,coxnet,mask_TC_shape_MajorAxisLength
8,1,coxnet,mask_TC_shape_SurfaceArea
8,1,coxnet,t1_TC_firstorder_Kurtosis
8,1,coxnet,t1ce_TC_ngtdm_Busyness
8,1,coxnet,t2_TC_firstorder_Median
8,1,coxnet,t2_TC_glcm_Idn
8,1,coxnet,flair_TC_glcm_Imc2
8,1,coxnet,t1_ET_firstorder_Skewness
8,1,coxnet,t2_ET_firstorder_90Percentile
8,1,coxnet,t2_ET_firstorder_Kurtosis
8,1,coxnet,t2_ET_ngtdm_Contrast
8,1,coxnet,flair_ET_glcm_Imc2
8,1,genetico,t2_TC_firstorder_Kurtosis
8,1,genetico,t2_WT_glcm_ClusterShade
8,1,genetico,t2_WT_glszm_GrayLevelNonUniformityNormalized
8,1,genetico,t2_WT_firstorder_Energy
8,1,genetico,t1ce_WT_glszm_HighGrayLevelZoneEmphasis
8,1,genetico,t1ce_TC_ngtdm_Busyness
8,1,genetico,t1ce_WT_glcm_Imc1
8,2,coxnet,mask_WT_shape_Maximum2DDiameterColumn
8,2,coxnet,t1ce_WT_glcm_Contrast
8,2,coxnet,t1ce_WT_glcm_DifferenceAverage
8,2,coxnet,t1ce_WT_glszm_LargeAreaEmphasis
8,2,coxnet,t1ce_WT_glszm_ZoneVariance
8,2,coxnet,t1ce_WT_ngtdm_Strength
8,2,coxnet,t2_WT_firstorder_10Percentile
8,2,coxnet,flair_WT_firstorder_InterquartileRange
8,2,coxnet,flair_WT_firstorder_RobustMeanAbsoluteDeviation
8,2,coxnet,flair_WT_glcm_Imc2
8,2,coxnet,flair_WT_glcm_MCC
8,2,coxnet,flair_WT_glszm_LargeAreaLowGrayLevelEmphasis
8,2,coxnet,flair_WT_ngtdm_Contrast
8,2,coxnet,mask_TC_shape_SurfaceArea
8,2,coxnet,t2_TC_glcm_Idn
8,2,coxnet,flair_TC_glrlm_GrayLevelNonUniformity
8,2,coxnet,t2_ET_firstorder_90Percentile
8,2,coxnet,t2_ET_firstorder_Kurtosis
8,2,genetico,t1ce_TC_glszm_LargeAreaLowGrayLevelEmphasis
8,2,genetico,t1ce_WT_glcm_ClusterProminence
8,2,genetico,t2_TC_firstorder_Kurtosis
8,2,genetico,t1ce_WT_firstorder_90Percentile
8,2,genetico,mask_WT_shape_Maximum2DDiameterColumn
8,2,genetico,mask_TC_shape_Maximum2DDiameterRow
8,2,genetico,t1_ET_glcm_Idn
8,3,coxnet,t1ce_WT_glszm_GrayLevelNonUniformity
8,3,coxnet,t1ce_WT_glszm_LargeAreaEmphasis
8,3,coxnet,t1ce_WT_glszm_ZoneVariance
8,3,coxnet,t2_WT_glcm_ClusterProminence
8,3,coxnet,t2_WT_ngtdm_Contrast
8,3,coxnet,flair_WT_glcm_MCC
8,3,coxnet,t1_TC_glcm_MaximumProbability
8,3,coxnet,t1ce_TC_gldm_LargeDependenceLowGrayLevelEmphasis
8,3,coxnet,t2_TC_glcm_Idn
8,3,coxnet,flair_TC_gldm_LargeDependenceLowGrayLevelEmphasis
8,3,coxnet,mask_ET_shape_SurfaceArea
8,3,coxnet,t1_ET_glszm_GrayLevelNonUniformity
8,3,coxnet,t2_ET_firstorder_Kurtosis
8,3,coxnet,t2_ET_glcm_Idn
8,3,coxnet,t2_ET_ngtdm_Contrast
8,3,genetico,t2_ET_firstorder_Kurtosis
8,3,genetico,t2_TC_firstorder_90Percentile
8,3,genetico,t2_TC_glszm_GrayLevelNonUniformityNormalized
8,3,genetico,flair_TC_ngtdm_Contrast
8,3,genetico,flair_TC_glszm_LargeAreaHighGrayLevelEmphasis
8,3,genetico,flair_TC_glszm_SizeZoneNonUniformity
8,4,genetico,t2_TC_firstorder_90Percentile
8,4,genetico,t1ce_WT_glszm_SmallAreaLowGrayLevelEmphasis
8,4,genetico,t1ce_TC_ngtdm_Strength
8,4,genetico,t1_TC_glszm_SizeZoneNonUniformityNormalized
8,4,genetico,t2_TC_gldm_DependenceEntropy
8,4,genetico,flair_WT_glcm_Correlation
8,4,genetico,flair_TC_gldm_DependenceEntropy
8,4,genetico,t1_WT_glcm_Imc2
8,4,genetico,t1ce_TC_glszm_LargeAreaEmphasis
9,0,coxnet,t1ce_WT_glcm_Idm
9,0,coxnet,t1ce_WT_glcm_Id
9,0,coxnet,t1ce_WT_glcm_InverseVariance
9,0,coxnet,t1ce_WT_glrlm_RunLengthNonUniformityNormalized
9,0,coxnet,t1ce_WT_glrlm_ShortRunEmphasis
9,0,coxnet,t1ce_WT_glszm_LargeAreaEmphasis
9,0,coxnet,t1ce_WT_glszm_ZoneVariance
9,0,coxnet,t1ce_WT_ngtdm_Strength
9,0,coxnet,t2_WT_glcm_ClusterShade
9,0,coxnet,t2_WT_glcm_Idmn
9,0,coxnet,flair_WT_glcm_Imc2
9,0,coxnet,flair_WT_glcm_MCC
9,0,coxnet,flair_WT_glszm_LargeAreaLowGrayLevelEmphasis
9,0,coxnet,flair_WT_gldm_DependenceEntropy
9,0,coxnet,flair_WT_ngtdm_Coarseness
9,0,coxnet,flair_WT_ngtdm_Contrast
9,0,coxnet,t1ce_TC_ngtdm_Coarseness
9,0,coxnet,t1ce_TC_ngtdm_Strength
9,0,coxnet,t2_TC_firstorder_10Percentile
9,0,coxnet,t2_TC_glcm_Idmn
9,0,coxnet,t2_TC_glcm_Idn
9,0,coxnet,flair_TC_glrlm_GrayLevelNonUniformity
9,0,coxnet,flair_TC_glszm_LargeAreaHighGrayLevelEmphasis
9,0,coxnet,flair_TC_ngtdm_Coarseness
9,0,coxnet,t2_ET_firstorder_90Percentile
9,0,coxnet,t2_ET_glcm_Idn
9,0,coxnet,t2_ET_ngtdm_Complexity
9,0,coxnet,flair_ET_gldm_LargeDependenceLowGrayLevelEmphasis
9,0,genetico,t1ce_WT_glcm_Idmn
9,0,genetico,mask_WT_shape_Maximum2DDiameterColumn
9,0,genetico,flair_WT_glcm_Correlation
9,0,genetico,flair_ET_glcm_Idmn
9,1,genetico,t1_TC_firstorder_Maximum
9,1,genetico,t1ce_WT_firstorder_Entropy
9,1,genetico,t1ce_TC_firstorder_Maximum
9,1,genetico,t2_WT_glszm_GrayLevelNonUniformity
9,1,genetico,t1ce_WT_glszm_GrayLevelNonUniformity
9,1,genetico,t1ce_TC_glszm_LargeAreaEmphasis
9,2,coxnet,t2_WT_firstorder_10Percentile
9,2,coxnet,t2_WT_glcm_ClusterProminence
9,2,coxnet,flair_WT_glszm_LargeAreaLowGrayLevelEmphasis
9,2,coxnet,mask_TC_shape_SurfaceArea
9,2,coxnet,flair_TC_glszm_GrayLevelNonUniformity
9,2,coxnet,flair_TC_gldm_LargeDependenceLowGrayLevelEmphasis
9,2,coxnet,mask_ET_shape_SurfaceArea
9,2,coxnet,t1_ET_glszm_GrayLevelNonUniformity
9,2,coxnet,t2_ET_firstorder_90Percentile
9,2,coxnet,t2_ET_firstorder_Kurtosis
9,2,coxnet,t2_ET_glcm_ClusterProminence
9,2,coxnet,t2_ET_ngtdm_Contrast
9,2,coxnet,flair_ET_glszm_GrayLevelNonUniformity
9,2,genetico,t1_TC_firstorder_90Percentile
9,2,genetico,t1ce_TC_glcm_JointEnergy
9,2,genetico,t2_TC_firstorder_90Percentile
9,2,genetico,mask_WT_shape_Maximum2DDiameterColumn
9,2,genetico,mask_TC_shape_Maximum2DDiameterRow
9,2,genetico,mask_ET_shape_Maximum3DDiameter
9,2,genetico,flair_WT_ngtdm_Busyness
9,2,genetico,flair_TC_glcm_Idmn
9,3,coxnet,t2_WT_glcm_ClusterProminence
9,3,coxnet,flair_WT_glcm_MCC
9,3,coxnet,mask_TC_shape_SurfaceArea
9,3,coxnet,t2_TC_glcm_Idmn
9,3,coxnet,t2_TC_glcm_Idn
9,3,coxnet,flair_TC_glrlm_GrayLevelNonUniformity
9,3,coxnet,flair_TC_gldm_LargeDependenceLowGrayLevelEmphasis
9,3,genetico,flair_TC_ngtdm_Contrast
9,3,genetico,flair_WT_gldm_DependenceEntropy
9,3,genetico,mask_TC_shape_Maximum2DDiameterRow
9,4,coxnet,t1ce_WT_glszm_GrayLevelNonUniformity
9,4,coxnet,t1ce_WT_ngtdm_Strength
9,4,coxnet,mask_TC_shape_Maximum2DDiameterRow
9,4,coxnet,mask_TC_shape_Maximum2DDiameterSlice
9,4,coxnet,mask_TC_shape_Maximum3DDiameter
9,4,coxnet,mask_TC_shape_SurfaceArea
9,4,coxnet,t1_TC_firstorder_Kurtosis
9,4,coxnet,t1_TC_firstorder_Skewness
9,4,coxnet,t1_TC_glcm_ClusterShade
9,4,coxnet,t2_TC_ngtdm_Contrast
9,4,coxnet,flair_TC_glcm_Imc2
9,4,coxnet,mask_ET_shape_Maximum2DDiameterSlice
9,4,coxnet,t2_ET_firstorder_InterquartileRange
9,4,coxnet,t2_ET_firstorder_Kurtosis
9,4,coxnet,t2_ET_firstorder_RobustMeanAbsoluteDeviation
9,4,coxnet,flair_ET_glcm_Imc2
9,4,genetico,t2_ET_firstorder_Kurtosis
9,4,genetico,t1ce_WT_firstorder_Median
9,4,genetico,t1_TC_firstorder_Kurtosis
9,4,genetico,t2_ET_ngtdm_Contrast
9,4,genetico,t1_TC_glcm_JointEnergy
9,4,genetico,flair_TC_glcm_Correlation
9,4,genetico,t1_TC_glcm_Imc2
9,4,genetico,t1_ET_gldm_DependenceEntropy
9,4,genetico,t1ce_WT_gldm_SmallDependenceHighGrayLevelEmphasis
9,4,genetico,mask_TC_shape_Maximum2DDiameterRow
