repeticion,fold,generacion,aptitud_max,aptitud_media,k_mejor
0,0,1,0.623471902311442,0.5925891921462934,5
0,0,2,0.6335348631002049,0.5975058117566345,8
0,0,3,0.6441660113014548,0.6091806166034506,4
0,0,4,0.6441660113014548,0.614617866030058,4
0,0,5,0.6441660113014548,0.6176470009147927,4
0,0,6,0.6441660113014548,0.6200228863762571,4
0,0,7,0.6471958272930659,0.6234133709449433,3
0,0,8,0.6491024507180024,0.6257237845935835,10
0,0,9,0.6491024507180024,0.6318712241309946,10
0,0,10,0.6491024507180024,0.6327231830025124,10
0,0,11,0.6515528726341937,0.6317061543379398,7
0,0,12,0.6515528726341937,0.6322464948987963,7
0,0,13,0.6515528726341937,0.630851153117775,7
0,0,14,0.6560734927856281,0.6354888945507373,6
0,0,15,0.6560734927856281,0.6382214879729275,6
0,0,16,0.6642179640594251,0.6411763184995647,9
0,0,17,0.6642179640594251,0.6392787761844322,9
0,0,18,0.6682856715136495,0.6435835043724467,9
0,0,19,0.6682856715136495,0.647708206821915,9
0,0,20,0.6686335101443271,0.6477254702532729,7
0,0,21,0.6720197175488271,0.654944060379318,9
0,0,22,0.6720197175488271,0.6548697181178621,9
0,0,23,0.6720197175488271,0.6518652332623052,9
0,0,24,0.6720197175488271,0.6554490982224263,9
0,0,25,0.6720197175488271,0.6572691567361814,9
0,0,26,0.6721527980900518,0.6630073777001954,9
0,0,27,0.6756087972804727,0.6609840091201844,10
0,0,28,0.6756087972804727,0.660815496562756,10
0,0,29,0.6756087972804727,0.6624786036897141,10
0,0,30,0.6756087972804727,0.6616483212489431,10
0,1,1,0.6414921177419236,0.6129239688370265,5
0,1,2,0.6535741712860766,0.6177890003787117,3
0,1,3,0.6535741712860766,0.6208143645131718,3
0,1,4,0.6545189696553361,0.6272137597007401,5
0,1,5,0.6570700850897534,0.6295378325495959,6
0,1,6,0.6570700850897534,0.6350324887295863,6
0,1,7,0.6570700850897534,0.6396450869304481,6
0,1,8,0.6591975162072238,0.6387076610410561,7
0,1,9,0.6591975162072238,0.6415385299566753,7
0,1,10,0.6591975162072238,0.6408290398239276,7
0,1,11,0.6591975162072238,0.6439561443080789,7
0,1,12,0.6670947348269082,0.6477085494539374,8
0,1,13,0.6670947348269082,0.6508018697827357,8
0,1,14,0.669402425779938,0.6548994040254575,9
0,1,15,0.6697760673901084,0.6538122807456013,9
0,1,16,0.6711470841484823,0.6549985787764402,10
0,1,17,0.6718881516673859,0.6560366141136917,7
0,1,18,0.6718881516673859,0.6558408727399578,7
0,1,19,0.6742667959738095,0.6581997608971044,8
0,1,20,0.6742667959738095,0.6573228218857136,8
0,1,21,0.6758506271757713,0.6573411335722528,9
0,1,22,0.6758506271757713,0.6625472645782722,9
0,1,23,0.6762417877684269,0.6629764652108591,10
0,1,24,0.6783972226574045,0.664694880076399,10
0,1,25,0.6783972226574045,0.6622577191466915,10
0,1,26,0.6783972226574045,0.6628975965497756,10
0,1,27,0.6783972226574045,0.6606368176499807,10
0,1,28,0.6783972226574045,0.6588929515556516,10
0,1,29,0.6783972226574045,0.6605231485709053,10
0,1,30,0.6783972226574045,0.6604502223026951,10
0,2,1,0.6519434844673047,0.6237308621626612,5
0,2,2,0.6586950334867057,0.6316515553626839,4
0,2,3,0.6696961773667097,0.6383101000726202,7
0,2,4,0.670714401358458,0.6456675227731863,5
0,2,5,0.6960002757882086,0.6521924322251061,9
0,2,6,0.6960002757882086,0.6597291009404964,9
0,2,7,0.6960002757882086,0.66168734467398,9
0,2,8,0.6960002757882086,0.6697678591192595,9
0,2,9,0.6960002757882086,0.6722421300318391,9
0,2,10,0.6993610011309007,0.6770864606942337,10
0,2,11,0.6993610011309007,0.6770180513185308,10
0,2,12,0.7057937772414332,0.6800529469993237,8
0,2,13,0.7057937772414332,0.6805396549749423,8
0,2,14,0.7057937772414332,0.6844271760860523,8
0,2,15,0.7057937772414332,0.6879259795413021,8
0,2,16,0.7057937772414332,0.6898908756138206,8
0,2,17,0.7057937772414332,0.6925762268072893,8
0,2,18,0.7057937772414332,0.6897768249966681,8
0,2,19,0.7062396433165937,0.6904284028769065,9
0,2,20,0.7062396433165937,0.6910710087292592,9
0,2,21,0.7062396433165937,0.6931633610959332,9
0,2,22,0.7072306372598719,0.690102384680176,8
0,2,23,0.7072306372598719,0.695795649260862,8
0,2,24,0.7072306372598719,0.6955184401380883,8
0,2,25,0.7072451644020223,0.6903023468435274,9
0,2,26,0.7072451644020223,0.694053385030336,9
0,2,27,0.7072451644020223,0.6962885105876578,9
0,2,28,0.7072451644020223,0.6958348715923426,9
0,2,29,0.707859223949277,0.6974169631175444,9
0,2,30,0.707859223949277,0.6936336936593909,9
0,3,1,0.6423051578989797,0.6016260619483955,6
0,3,2,0.6423051578989797,0.6109433949991349,6
0,3,3,0.6455587298962232,0.6182513357039394,6
0,3,4,0.6494790534364278,0.6240516129504267,6
0,3,5,0.6507459791478217,0.6273613761955144,7
0,3,6,0.6546895030109577,0.6304037093840594,8
0,3,7,0.6546895030109577,0.6339137331618592,8
0,3,8,0.6595946305555304,0.6345801300177412,8
0,3,9,0.6595946305555304,0.6423447636079136,8
0,3,10,0.6604250863325593,0.6384364884965532,9
0,3,11,0.6604250863325593,0.6409829528131356,9
0,3,12,0.6604250863325593,0.6419872792445008,9
0,3,13,0.6638461278396307,0.6492404686024622,10
0,3,14,0.6642728630581808,0.6450889974211794,8
0,3,15,0.6703897604388465,0.6499261473847247,9
0,3,16,0.6703897604388465,0.6495863046085253,9
0,3,17,0.6781396929623976,0.6539493768956759,9
0,3,18,0.6781396929623976,0.653280887751341,9
0,3,19,0.6781396929623976,0.6584464767782647,9
0,3,20,0.6781396929623976,0.6601972493328465,9
0,3,21,0.6810445717837927,0.6647511313210496,10
0,3,22,0.6810445717837927,0.6660127908681481,10
0,3,23,0.6810445717837927,0.6648583754099455,10
0,3,24,0.6810445717837927,0.6682580623467814,10
0,3,25,0.6810445717837927,0.6620898784213501,10
0,3,26,0.6810445717837927,0.6642033770369943,10
0,3,27,0.6810445717837927,0.6628013445160328,10
0,3,28,0.6810445717837927,0.6594071410661657,10
0,3,29,0.6810445717837927,0.6632934571871623,10
0,3,30,0.6810445717837927,0.6652219816067266,10
0,4,1,0.6645326455544832,0.6182577101433886,4
0,4,2,0.6645326455544832,0.6271278420577543,4
0,4,3,0.6729037861963706,0.6409218586466767,4
0,4,4,0.676715938815002,0.6506210782027374,3
0,4,5,0.676715938815002,0.6550387487924467,3
0,4,6,0.676715938815002,0.6583669914802852,3
0,4,7,0.6773488590241957,0.662999492739133,4
0,4,8,0.6797476480146069,0.6633895167294984,2
0,4,9,0.6797476480146069,0.6676306140899608,2
0,4,10,0.6799775428435142,0.6701162491169477,4
0,4,11,0.6799775428435142,0.6702633302797858,4
0,4,12,0.6799775428435142,0.669114296244914,4
0,4,13,0.6799775428435142,0.6708691472145273,4
0,4,14,0.6799775428435142,0.6704107712823256,4
0,4,15,0.6799775428435142,0.6725297968301808,4
0,4,16,0.6799826696902871,0.6700969041837928,4
0,4,17,0.6799826696902871,0.6688761633085846,4
0,4,18,0.6799826696902871,0.6714042141384239,4
0,4,19,0.6799826696902871,0.6715619726449803,4
0,4,20,0.6799826696902871,0.6709827738192937,4
0,4,21,0.6831242614444711,0.6706858959025055,3
0,4,22,0.6831242614444711,0.6706770569252603,3
0,4,23,0.6831242614444711,0.6706041536385106,3
0,4,24,0.6831242614444711,0.6733667013937054,3
0,4,25,0.6831242614444711,0.67298904416541,3
0,4,26,0.6831242614444711,0.671207469801702,3
0,4,27,0.6834667045559111,0.6731994264868855,4
0,4,28,0.6834667045559111,0.6718756468404626,4
0,4,29,0.6834667045559111,0.6740153167887205,4
0,4,30,0.6834667045559111,0.6756111632274637,4
1,0,1,0.6465213810070946,0.6173960923108989,5
1,0,2,0.6465213810070946,0.6211806425637788,5
1,0,3,0.6465213810070946,0.6243257670472819,5
1,0,4,0.6479158981528442,0.6250655212584322,5
1,0,5,0.6479158981528442,0.6298111007010008,5
1,0,6,0.6556338904623239,0.6324070881211925,3
1,0,7,0.6673045720794734,0.6369820730004608,4
1,0,8,0.6673045720794734,0.6427902382272732,4
1,0,9,0.6751349135769031,0.6468317593004466,3
1,0,10,0.6751349135769031,0.6528414513608174,3
1,0,11,0.6786005735281734,0.6570426774241283,5
1,0,12,0.6810384055599449,0.6591757848673795,8
1,0,13,0.6810384055599449,0.6631664149319494,8
1,0,14,0.6841726438018929,0.6651775460606411,6
1,0,15,0.6845913015651033,0.6678550144421191,6
1,0,16,0.6850715540328115,0.6729599875622461,6
1,0,17,0.687036744560736,0.6728029177807254,7
1,0,18,0.687036744560736,0.673178100001419,7
1,0,19,0.687036744560736,0.6733163473444479,7
1,0,20,0.687036744560736,0.6780348935388375,7
1,0,21,0.687036744560736,0.6772588634546988,7
1,0,22,0.687036744560736,0.6750208973857736,7
1,0,23,0.6894646112676724,0.6702568455488622,6
1,0,24,0.6896262752524788,0.6744085930469625,6
1,0,25,0.6937788850112625,0.6801252885602497,6
1,0,26,0.6937788850112625,0.6803575744949542,6
1,0,27,0.6966319646850324,0.680485574747404,5
1,0,28,0.6966319646850324,0.681461305122791,5
1,0,29,0.6966319646850324,0.682387114367334,5
1,0,30,0.6982562473790824,0.6861152176854627,6
1,1,1,0.6512529929567928,0.6115300866860169,3
1,1,2,0.6539627646603778,0.62288683060858,4
1,1,3,0.6539627646603778,0.6250431095211095,4
1,1,4,0.6557702591790613,0.6337824627906248,6
1,1,5,0.657974846332513,0.6313485862413104,5
1,1,6,0.6614624560451805,0.6329152935858637,4
1,1,7,0.6614748229938783,0.6372029389509763,5
1,1,8,0.6614748229938783,0.6433193152072857,5
1,1,9,0.6614748229938783,0.647231804553922,5
1,1,10,0.6687600943912779,0.6482106765209265,3
1,1,11,0.6687600943912779,0.6450695174799567,3
1,1,12,0.6687600943912779,0.6473972737212612,3
1,1,13,0.6687600943912779,0.6506689137594222,3
1,1,14,0.6687600943912779,0.6529032801784104,3
1,1,15,0.6687600943912779,0.6547572736812779,3
1,1,16,0.6687600943912779,0.653136057119698,3
1,1,17,0.6687600943912779,0.6501012058340551,3
1,1,18,0.6687600943912779,0.6552076175200403,3
1,1,19,0.6687600943912779,0.6545631018428841,3
1,1,20,0.6687600943912779,0.6582851520689068,3
1,1,21,0.6755352819549217,0.658625777800329,4
1,1,22,0.6755352819549217,0.6599943961477136,4
1,1,23,0.6755352819549217,0.6613786602106163,4
1,1,24,0.6755352819549217,0.6579992605490271,4
1,1,25,0.6755352819549217,0.6583039159071572,4
1,1,26,0.6755352819549217,0.6560264120304569,4
1,1,27,0.6755352819549217,0.6558859473585862,4
1,1,28,0.6755352819549217,0.6632857152062878,4
1,1,29,0.6755352819549217,0.6620300603178241,4
1,1,30,0.6755352819549217,0.6614179066485087,4
1,2,1,0.6448639108688639,0.6201228865292047,5
1,2,2,0.6473938136907508,0.6225128747935604,7
1,2,3,0.6473938136907508,0.6248945135503183,7
1,2,4,0.6473938136907508,0.6281616815487983,7
1,2,5,0.6592301631824954,0.6319991320555068,4
1,2,6,0.6667538828221926,0.6395616941727554,2
1,2,7,0.6667538828221926,0.6431754434554151,2
1,2,8,0.6667538828221926,0.6471925718174711,2
1,2,9,0.6667538828221926,0.6493344845253973,2
1,2,10,0.668941381874507,0.6469014207516315,2
1,2,11,0.668941381874507,0.6478673782418631,2
1,2,12,0.668941381874507,0.6507998792876417,2
1,2,13,0.673465943187794,0.6537226427360555,1
1,2,14,0.673465943187794,0.6544964966514645,1
1,2,15,0.673465943187794,0.6575839333091891,1
1,2,16,0.673465943187794,0.6605930556515183,1
1,2,17,0.673465943187794,0.6579853717579711,1
1,2,18,0.673465943187794,0.6595518349333925,1
1,2,19,0.673465943187794,0.6611905712476267,1
1,2,20,0.674392216950372,0.6633782033036539,2
1,2,21,0.674392216950372,0.6632506923921939,2
1,2,22,0.674392216950372,0.6628893349896903,2
1,2,23,0.6747126823311381,0.6640969149992653,4
1,2,24,0.6747126823311381,0.6631277305738458,4
1,2,25,0.6747126823311381,0.6610127196997566,4
1,2,26,0.6747126823311381,0.6664427393374134,4
1,2,27,0.6747126823311381,0.6605270809535726,4
1,2,28,0.6747126823311381,0.6554196054206869,4
1,2,29,0.6747126823311381,0.6599129410558163,4
1,2,30,0.6747126823311381,0.6611964017407391,4
1,3,1,0.6173517507441946,0.5851341832058587,4
1,3,2,0.6173517507441946,0.5947780141007706,4
1,3,3,0.635739469590639,0.5995557003931146,5
1,3,4,0.635739469590639,0.6041794187122305,5
1,3,5,0.635739469590639,0.6113420666175451,5
1,3,6,0.635739469590639,0.6174689533494886,5
1,3,7,0.635949626887404,0.6208677120748467,9
1,3,8,0.6364360081812301,0.6242368740525387,6
1,3,9,0.6376287807928974,0.6226692315349286,6
1,3,10,0.63928605614178,0.6257350690975632,4
1,3,11,0.6419768336355873,0.6276149898132848,6
1,3,12,0.6463670089665832,0.6262811825330298,8
1,3,13,0.6480095860541469,0.6305208689243454,6
1,3,14,0.6538783416422528,0.6342383111158104,5
1,3,15,0.6538783416422528,0.6363170138674488,5
1,3,16,0.6564634825693699,0.6386814785085615,6
1,3,17,0.6564634825693699,0.6442902958840141,6
1,3,18,0.6573605707788213,0.6457417192638448,8
1,3,19,0.6573605707788213,0.6431558045267936,8
1,3,20,0.6630028991384499,0.6472475971138535,8
1,3,21,0.6630028991384499,0.648715206572748,8
1,3,22,0.6630028991384499,0.6473149651599794,8
1,3,23,0.6630028991384499,0.6493471846603072,8
1,3,24,0.6630028991384499,0.6491668467531493,8
1,3,25,0.6630028991384499,0.6491222873175694,8
1,3,26,0.6630028991384499,0.6482238938773897,8
1,3,27,0.6630028991384499,0.6501973913245149,8
1,3,28,0.6630028991384499,0.6515280431318908,8
1,3,29,0.6630028991384499,0.6516782087661899,8
1,3,30,0.6630028991384499,0.6502657603038466,8
1,4,1,0.6351614580192456,0.6147081597512033,4
1,4,2,0.6360034669449429,0.6194846467641071,3
1,4,3,0.6439003868394474,0.6239321889727524,4
1,4,4,0.6473711381239838,0.6287684791745143,5
1,4,5,0.6564697291614046,0.6290456504687754,5
1,4,6,0.663356442172477,0.6344670778337953,5
1,4,7,0.663356442172477,0.6411563315717477,5
1,4,8,0.668650276499092,0.6460890583408423,6
1,4,9,0.668650276499092,0.6540740326337244,6
1,4,10,0.668650276499092,0.6549929409630302,6
1,4,11,0.668650276499092,0.6556900064703876,6
1,4,12,0.6733217521116157,0.6554196355978815,6
1,4,13,0.6733217521116157,0.6588285154874158,6
1,4,14,0.6733217521116157,0.6600857547123707,6
1,4,15,0.6733217521116157,0.6594734250826132,6
1,4,16,0.6733217521116157,0.6566638957235573,6
1,4,17,0.6733217521116157,0.6594157350645042,6
1,4,18,0.6733217521116157,0.6599544894613671,6
1,4,19,0.6733217521116157,0.6617639064608029,6
1,4,20,0.6733217521116157,0.6628587183811154,6
1,4,21,0.6733217521116157,0.6624482696665842,6
1,4,22,0.6733217521116157,0.6608201823452664,6
1,4,23,0.6733217521116157,0.6626899330776641,6
1,4,24,0.6733217521116157,0.6634129583585695,6
1,4,25,0.6733217521116157,0.6598890201332183,6
1,4,26,0.6733217521116157,0.6615228735629171,6
1,4,27,0.6733217521116157,0.6608660835670509,6
1,4,28,0.6733217521116157,0.6619760346738921,6
1,4,29,0.6733217521116157,0.6635432445046133,6
1,4,30,0.6752276095020598,0.6629725038699239,7
2,0,1,0.627376202595212,0.5966925896752474,5
2,0,2,0.631657023644087,0.6005409013233702,5
2,0,3,0.631657023644087,0.6086549207875089,5
2,0,4,0.6446944727277145,0.615996342758563,9
2,0,5,0.6446944727277145,0.6230109226044183,9
2,0,6,0.6572527607809996,0.6279340414981913,10
2,0,7,0.6615392056921224,0.6348918516251046,8
2,0,8,0.6653434864347136,0.6427511111623877,9
2,0,9,0.6680503231344194,0.6467156717214207,7
2,0,10,0.6680503231344194,0.6510835528667483,7
2,0,11,0.6771883177192021,0.6549791981150109,10
2,0,12,0.6771883177192021,0.6565676368883309,10
2,0,13,0.6771883177192021,0.6533707600161239,10
2,0,14,0.6771883177192021,0.6547364156991738,10
2,0,15,0.6771883177192021,0.656416078854894,10
2,0,16,0.6795332264375883,0.658517791128278,10
2,0,17,0.6795332264375883,0.6542959469450595,10
2,0,18,0.6795332264375883,0.6543309468146666,10
2,0,19,0.6811126373035022,0.6606134804063397,10
2,0,20,0.6811126373035022,0.6562960097126836,10
2,0,21,0.6811126373035022,0.6595651372256626,10
2,0,22,0.6839414776157988,0.6603957334844233,10
2,0,23,0.6862024854458483,0.6689976589961113,10
2,0,24,0.6862024854458483,0.6657052498477893,10
2,0,25,0.6865187016493719,0.666145932878897,10
2,0,26,0.6865187016493719,0.667867469065191,10
2,0,27,0.6865187016493719,0.6652924422388977,10
2,0,28,0.6865187016493719,0.668395925031341,10
2,0,29,0.6892923098453648,0.6628348262873024,9
2,0,30,0.6912719325834864,0.6595564538344958,8
2,1,1,0.6303792828391052,0.6042919650365671,5
2,1,2,0.6352024168068788,0.6049512000957453,2
2,1,3,0.6396606735771039,0.6093183321910822,3
2,1,4,0.6461802423118362,0.6186980346437664,5
2,1,5,0.6568363215113073,0.625562474655167,7
2,1,6,0.6568363215113073,0.631883154335948,7
2,1,7,0.662562184613423,0.6385084273121331,3
2,1,8,0.662562184613423,0.6407643959628881,3
2,1,9,0.662562184613423,0.6387630229311455,3
2,1,10,0.662562184613423,0.6429489622498745,3
2,1,11,0.662562184613423,0.6442377569371519,3
2,1,12,0.662562184613423,0.6497846531176223,3
2,1,13,0.6659955297603246,0.6481354092814813,4
2,1,14,0.6659955297603246,0.6509440380381438,4
2,1,15,0.6803343621778108,0.6500121240586546,5
2,1,16,0.6803343621778108,0.6544926129116571,5
2,1,17,0.6803343621778108,0.6567790505237848,5
2,1,18,0.6803343621778108,0.6589040954840065,5
2,1,19,0.6876282456505561,0.6654789636704128,5
2,1,20,0.6876282456505561,0.669424709626312,5
2,1,21,0.6876282456505561,0.6681544075340918,5
2,1,22,0.6876282456505561,0.6708387206660416,5
2,1,23,0.6876282456505561,0.670366524105818,5
2,1,24,0.6876282456505561,0.6730368760260138,5
2,1,25,0.6876282456505561,0.6748454934079107,5
2,1,26,0.6876282456505561,0.6753612949830712,5
2,1,27,0.6876282456505561,0.675435661590743,5
2,1,28,0.6876282456505561,0.6735522639648609,5
2,1,29,0.6876282456505561,0.6758723823783759,5
2,1,30,0.6876282456505561,0.6745546749831822,5
2,2,1,0.6526972735602198,0.6225297796664181,5
2,2,2,0.6526972735602198,0.6296667442294401,5
2,2,3,0.6661389409570215,0.6362724129154295,3
2,2,4,0.6661389409570215,0.6401145721731056,3
2,2,5,0.6661389409570215,0.6414191498722723,3
2,2,6,0.6661389409570215,0.6500948499356239,3
2,2,7,0.6661389409570215,0.6497568329691088,3
2,2,8,0.6661389409570215,0.6442912721488984,3
2,2,9,0.6711014630752311,0.6475466196110288,6
2,2,10,0.6713871152998817,0.650792881076236,5
2,2,11,0.6743425288221597,0.6528676667904867,5
2,2,12,0.6762017695511263,0.6552526205805034,5
2,2,13,0.6774237563412272,0.6543493029444594,4
2,2,14,0.6774237563412272,0.6589765425184364,4
2,2,15,0.6811798803960979,0.6599305237745035,5
2,2,16,0.6819450767333944,0.6650398841446508,5
2,2,17,0.6819450767333944,0.664811088032156,5
2,2,18,0.6819450767333944,0.6649393085724967,5
2,2,19,0.689440272267075,0.6670195166590969,7
2,2,20,0.689440272267075,0.6668097949201185,7
2,2,21,0.689440272267075,0.666035821413803,7
2,2,22,0.689440272267075,0.6679601803422326,7
2,2,23,0.6902251288707967,0.6688207398974506,4
2,2,24,0.6902251288707967,0.6730894772728432,4
2,2,25,0.6911923462850931,0.677737702300826,6
2,2,26,0.6911923462850931,0.6764766642633641,6
2,2,27,0.6911923462850931,0.6773505504521993,6
2,2,28,0.6911923462850931,0.6805688541147361,6
2,2,29,0.6915146252105575,0.6780052386019866,7
2,2,30,0.6915146252105575,0.677716563265974,7
2,3,1,0.6580544584579374,0.6225541704533291,3
2,3,2,0.6639455548198222,0.6287574182478796,3
2,3,3,0.6642794120789962,0.6357807148090945,4
2,3,4,0.6642794120789962,0.6456540953430441,4
2,3,5,0.6650489922953526,0.6508706320058939,2
2,3,6,0.6650489922953526,0.6543494754375544,2
2,3,7,0.6650489922953526,0.6541202289031179,2
2,3,8,0.6659289543464245,0.6594145496052095,5
2,3,9,0.6659289543464245,0.6563806351152541,5
2,3,10,0.6665189050286421,0.6563021215949936,1
2,3,11,0.6671928890140272,0.6555147776279937,4
2,3,12,0.6671928890140272,0.6529255248011724,4
2,3,13,0.6671928890140272,0.6534898992490881,4
2,3,14,0.6722062265234888,0.6572500057521801,3
2,3,15,0.6728042588140907,0.6580834522102059,2
2,3,16,0.6728042588140907,0.6590133554708144,2
2,3,17,0.675173822878871,0.6611205316542241,4
2,3,18,0.6769783284228359,0.6628660657480093,5
2,3,19,0.6782888649343556,0.6624775082301647,6
2,3,20,0.6782888649343556,0.661549952900331,6
2,3,21,0.681225231271743,0.6633055416821156,7
2,3,22,0.681225231271743,0.6626497148282835,7
2,3,23,0.681225231271743,0.6671984775138868,7
2,3,24,0.6832523575526034,0.6671323391929177,8
2,3,25,0.6832523575526034,0.6693126748674112,8
2,3,26,0.6832523575526034,0.6735521001868798,8
2,3,27,0.6832523575526034,0.6741777319922433,8
2,3,28,0.6832523575526034,0.6725241869850491,8
2,3,29,0.6832523575526034,0.6704468449042187,8
2,3,30,0.6836312409675994,0.6745700180959492,9
2,4,1,0.6667056735689266,0.6278164441734531,5
2,4,2,0.6667056735689266,0.6370847829259974,5
2,4,3,0.6684711804421795,0.6461793885346528,3
2,4,4,0.6773844745656292,0.6473571529169744,7
2,4,5,0.6773844745656292,0.6558765638185347,7
2,4,6,0.6784829447459971,0.6620234455358773,4
2,4,7,0.6794189787540418,0.6643676511965928,6
2,4,8,0.681204275048903,0.6643271109499441,5
2,4,9,0.681204275048903,0.6670008492161712,5
2,4,10,0.681204275048903,0.6680404876299235,5
2,4,11,0.6869097265124654,0.6683824578846277,9
2,4,12,0.6869097265124654,0.6706864397159585,9
2,4,13,0.6869097265124654,0.6703772590105563,9
2,4,14,0.6869097265124654,0.6748411254475808,9
2,4,15,0.6900538223744118,0.6758574909678037,8
2,4,16,0.6921880454784043,0.6787556468145841,8
2,4,17,0.6921880454784043,0.6810663824667843,8
2,4,18,0.6940195076907953,0.6801479457736921,7
2,4,19,0.6960407023680311,0.6791747468933156,9
2,4,20,0.6960407023680311,0.6826449310979732,9
2,4,21,0.6960407023680311,0.6846019702349798,9
2,4,22,0.6960407023680311,0.6834446683786028,9
2,4,23,0.6960407023680311,0.6853401330926744,9
2,4,24,0.6960407023680311,0.6819950856120907,9
2,4,25,0.6978561142273075,0.6851725903694541,8
2,4,26,0.6978561142273075,0.6843137674846524,8
2,4,27,0.6978561142273075,0.6849005828387694,8
2,4,28,0.6978561142273075,0.6806797772613044,8
2,4,29,0.6994381378196419,0.6867889719483152,9
2,4,30,0.6994381378196419,0.6880084776306645,9
3,0,1,0.6432256944977678,0.6117977714244762,4
3,0,2,0.6559259864538737,0.6211499433279242,7
3,0,3,0.6586694212807733,0.6285438693910216,5
3,0,4,0.6624664708348191,0.6330847073165633,7
3,0,5,0.6624664708348191,0.6409362456495241,7
3,0,6,0.6649647768580563,0.6450977425836437,8
3,0,7,0.6676460713333002,0.6490783247440051,8
3,0,8,0.6676460713333002,0.645589549359238,8
3,0,9,0.6676460713333002,0.649574942844459,8
3,0,10,0.6710605612689767,0.6532220688464406,10
3,0,11,0.6727188837527821,0.6555720264899118,7
3,0,12,0.6773436203353428,0.6541108688417197,5
3,0,13,0.6773436203353428,0.6551632948736762,5
3,0,14,0.6773436203353428,0.658175665212574,5
3,0,15,0.6810552285055635,0.6583292445969919,6
3,0,16,0.6810552285055635,0.6641819594140912,6
3,0,17,0.6810552285055635,0.664925047351151,6
3,0,18,0.6810552285055635,0.664165125290719,6
3,0,19,0.6823643163432284,0.6660544429883609,8
3,0,20,0.6823643163432284,0.6656194155360691,8
3,0,21,0.6823643163432284,0.6718725942344783,8
3,0,22,0.6823643163432284,0.6685733497377344,8
3,0,23,0.6823643163432284,0.670421673190603,8
3,0,24,0.6823643163432284,0.6717292743798705,8
3,0,25,0.6823643163432284,0.6713260087252672,8
3,0,26,0.6823643163432284,0.6766683420122447,8
3,0,27,0.685851824171099,0.6690130837344672,9
3,0,28,0.685851824171099,0.6729829054310775,9
3,0,29,0.685851824171099,0.673424183484146,9
3,0,30,0.685851824171099,0.6734342083413674,9
3,1,1,0.6546738423295301,0.6132256394470657,5
3,1,2,0.6546738423295301,0.6232367567022221,5
3,1,3,0.6611778606147224,0.6311169980058218,6
3,1,4,0.6720464176278068,0.6327140040331691,4
3,1,5,0.6720464176278068,0.6381180986903809,4
3,1,6,0.6720464176278068,0.6392418410521863,4
3,1,7,0.6720464176278068,0.6401539748790744,4
3,1,8,0.6720464176278068,0.6463591043371066,4
3,1,9,0.6720464176278068,0.6473867357237272,4
3,1,10,0.6764796946515962,0.6543998264537639,3
3,1,11,0.6764796946515962,0.6548578032333532,3
3,1,12,0.6830233099940486,0.6579034997121942,2
3,1,13,0.6830233099940486,0.6594346351861454,2
3,1,14,0.6830233099940486,0.6618747346143115,2
3,1,15,0.6831759957168881,0.6654965800648716,3
3,1,16,0.6831759957168881,0.6664420937047677,3
3,1,17,0.6845200245092953,0.6706489744996085,3
3,1,18,0.6845200245092953,0.6721445053046823,3
3,1,19,0.6845200245092953,0.6725755286758833,3
3,1,20,0.6845200245092953,0.6722547973629447,3
3,1,21,0.6845200245092953,0.6710011733464732,3
3,1,22,0.6845200245092953,0.674102425566479,3
3,1,23,0.6845200245092953,0.6703498978629708,3
3,1,24,0.6845200245092953,0.6690442665267193,3
3,1,25,0.6845200245092953,0.67225368167837,3
3,1,26,0.6845200245092953,0.6707833558775548,3
3,1,27,0.6854703662403372,0.6750569570492913,4
3,1,28,0.6854703662403372,0.6727094710717886,4
3,1,29,0.6854703662403372,0.6749110226810654,4
3,1,30,0.6854703662403372,0.673614399017028,4
3,2,1,0.6385338113006599,0.613355268080378,5
3,2,2,0.6415059608322056,0.615967538915128,8
3,2,3,0.6415059608322056,0.6210006754701087,8
3,2,4,0.6429513098982828,0.6214404863571836,6
3,2,5,0.6629359992718242,0.6254162073284416,5
3,2,6,0.6629359992718242,0.6324728163515038,5
3,2,7,0.6629359992718242,0.6388802348717497,5
3,2,8,0.6641183985804578,0.6463527680947694,6
3,2,9,0.6641183985804578,0.6465996824892134,6
3,2,10,0.6670564254577941,0.6519223762396402,5
3,2,11,0.6670564254577941,0.6541726170120302,5
3,2,12,0.6670564254577941,0.6558928154949466,5
3,2,13,0.673163476101222,0.6565268896094296,9
3,2,14,0.6772024495140585,0.6560569599643273,7
3,2,15,0.6772024495140585,0.6580967699679527,7
3,2,16,0.6772024495140585,0.6559848384207829,7
3,2,17,0.6772024495140585,0.6594844469044334,7
3,2,18,0.6795396665890303,0.6635852376022059,10
3,2,19,0.6826614349134761,0.6628591612973663,9
3,2,20,0.6878707358693524,0.6616984684302505,10
3,2,21,0.6878781200421846,0.6663597052460262,10
3,2,22,0.6878781200421846,0.6686525544786913,10
3,2,23,0.6878781200421846,0.6686898848039806,10
3,2,24,0.6878781200421846,0.6688154295127989,10
3,2,25,0.6878781200421846,0.6693897827236768,10
3,2,26,0.689184547623198,0.6702208153554358,9
3,2,27,0.6925173828632035,0.6685374248507372,10
3,2,28,0.6925173828632035,0.6781250765268773,10
3,2,29,0.6925173828632035,0.6755271399361064,10
3,2,30,0.6925173828632035,0.6774767244760085,10
3,3,1,0.6433718006397152,0.6106102183227444,5
3,3,2,0.6507357346616186,0.6218752435627648,3
3,3,3,0.6582202065491912,0.631731093830016,4
3,3,4,0.6582202065491912,0.6340035469806693,4
3,3,5,0.6582202065491912,0.6367010372522095,4
3,3,6,0.664544171513731,0.6403546907778048,4
3,3,7,0.664544171513731,0.642779281688669,4
3,3,8,0.664544171513731,0.6459242258952507,4
3,3,9,0.664544171513731,0.6476115911794207,4
3,3,10,0.664544171513731,0.6492524139648926,4
3,3,11,0.664544171513731,0.6502089355638515,4
3,3,12,0.6676761154295661,0.6523661986029069,6
3,3,13,0.6691973361540386,0.6522167027985425,3
3,3,14,0.6691973361540386,0.6550829454726979,3
3,3,15,0.670063021157746,0.6579682401039084,5
3,3,16,0.6712950233593077,0.6585681323130557,6
3,3,17,0.6739952512911485,0.6578969967117537,6
3,3,18,0.6774529481218837,0.6617271916783733,6
3,3,19,0.68078838279708,0.6643735677048873,8
3,3,20,0.68078838279708,0.6648117543139759,8
3,3,21,0.68078838279708,0.6637958249449267,8
3,3,22,0.680929533929723,0.667423318414952,6
3,3,23,0.680929533929723,0.6654732584831469,6
3,3,24,0.680929533929723,0.6681829945003702,6
3,3,25,0.6822165342482983,0.6700884275458581,7
3,3,26,0.6822165342482983,0.6688660339586885,7
3,3,27,0.6858402600039961,0.6707546542003054,9
3,3,28,0.6858402600039961,0.6751219993104659,9
3,3,29,0.6858402600039961,0.6699426604273928,9
3,3,30,0.688358513331098,0.6723426993648773,10
3,4,1,0.6516715730356144,0.6203018906644052,6
3,4,2,0.6523365926788455,0.627595124630483,4
3,4,3,0.6573384206359587,0.6318504844369549,6
3,4,4,0.6573384206359587,0.6348670109986452,6
3,4,5,0.6594591342295714,0.6374273993083446,3
3,4,6,0.6637269082019895,0.6417550289559364,6
3,4,7,0.6688073860844048,0.6458932014078301,7
3,4,8,0.6688073860844048,0.6480781799522484,7
3,4,9,0.6718806895576165,0.6568686939517354,8
3,4,10,0.6718806895576165,0.6578898754262367,8
3,4,11,0.6718806895576165,0.6593799004181604,8
3,4,12,0.6718806895576165,0.6611752098161018,8
3,4,13,0.6780723304958144,0.6625731188861617,8
3,4,14,0.6802445684424848,0.6650248110457249,7
3,4,15,0.6838563945942967,0.6664153341722667,7
3,4,16,0.6867959959273227,0.6685154130159953,7
3,4,17,0.6867959959273227,0.6707688077972626,7
3,4,18,0.6867959959273227,0.6728497670803433,7
3,4,19,0.6891637203263193,0.6764156857388519,7
3,4,20,0.6891637203263193,0.677147759011109,7
3,4,21,0.6891637203263193,0.6789244254993665,7
3,4,22,0.694026764998084,0.6787800459931972,10
3,4,23,0.694026764998084,0.6773300360323933,10
3,4,24,0.6991070330352619,0.6768904489690843,8
3,4,25,0.6991070330352619,0.684479646390041,8
3,4,26,0.7007950298270852,0.681637442227095,7
3,4,27,0.7007950298270852,0.6867998034734238,7
3,4,28,0.7007950298270852,0.6866921829109096,7
3,4,29,0.7007950298270852,0.687169193662817,7
3,4,30,0.7007950298270852,0.6910512076211096,7
4,0,1,0.6365873461298749,0.6048060641322983,5
4,0,2,0.6365873461298749,0.6110377694416934,5
4,0,3,0.6414667454222067,0.6178368590466539,5
4,0,4,0.6521022239049153,0.622900841777334,3
4,0,5,0.6561528905383994,0.627877398171061,1
4,0,6,0.6565678363245915,0.6330067778958977,5
4,0,7,0.6565678363245915,0.6371576705219499,5
4,0,8,0.6614947796281984,0.6422524187075992,4
4,0,9,0.6614947796281984,0.6431517216349107,4
4,0,10,0.6654716490118925,0.6450698657836774,5
4,0,11,0.6654716490118925,0.6478271762646264,5
4,0,12,0.6654716490118925,0.650037990053764,5
4,0,13,0.6654716490118925,0.647792029021687,5
4,0,14,0.6654716490118925,0.6503318813954995,5
4,0,15,0.6654716490118925,0.6480567750064626,5
4,0,16,0.6654716490118925,0.6466730867172571,5
4,0,17,0.6654716490118925,0.6491088693166093,5
4,0,18,0.6654716490118925,0.6467455397965394,5
4,0,19,0.6661802611490151,0.6469732648049105,6
4,0,20,0.6661802611490151,0.6509433027811216,6
4,0,21,0.6661802611490151,0.6513405855354752,6
4,0,22,0.6676000752427463,0.6508482117959862,7
4,0,23,0.6676000752427463,0.65337046781066,7
4,0,24,0.6676000752427463,0.6549188518128213,7
4,0,25,0.6690772839190638,0.6558571092649649,7
4,0,26,0.6690772839190638,0.6560369618810825,7
4,0,27,0.6690772839190638,0.6527853990543839,7
4,0,28,0.6690772839190638,0.655224552798396,7
4,0,29,0.6690772839190638,0.6559719001479822,7
4,0,30,0.6690772839190638,0.6565799479668802,7
4,1,1,0.6412407773369979,0.6006695709682388,5
4,1,2,0.6495016162003199,0.6191265336264822,4
4,1,3,0.6496701900295894,0.6224790192045078,4
4,1,4,0.6527329630057405,0.6321116009032457,5
4,1,5,0.661621481463128,0.6340554117821151,5
4,1,6,0.661621481463128,0.638871809243514,5
4,1,7,0.6641208530117039,0.6444366712105309,4
4,1,8,0.6641208530117039,0.6443773722698768,4
4,1,9,0.6653874278865183,0.6479907928030629,4
4,1,10,0.6653874278865183,0.648240016927838,4
4,1,11,0.6653874278865183,0.6497019365244536,4
4,1,12,0.6653874278865183,0.6477464705615826,4
4,1,13,0.6653874278865183,0.6531455981782223,4
4,1,14,0.6653874278865183,0.6528211765629452,4
4,1,15,0.6653874278865183,0.6531781864140067,4
4,1,16,0.6653874278865183,0.6529522996044242,4
4,1,17,0.6670897111080352,0.6537832566601572,5
4,1,18,0.6670897111080352,0.655577435351524,5
4,1,19,0.6670897111080352,0.6557006041209557,5
4,1,20,0.6670897111080352,0.6555972910983382,5
4,1,21,0.6670897111080352,0.6564281770742462,5
4,1,22,0.6670897111080352,0.6539002820753863,5
4,1,23,0.6670897111080352,0.6511509110458167,5
4,1,24,0.6670897111080352,0.6501564701272325,5
4,1,25,0.6670897111080352,0.6561517857866974,5
4,1,26,0.6670897111080352,0.6562947191972047,5
4,1,27,0.6670897111080352,0.6532488005234958,5
4,1,28,0.6670897111080352,0.6527189915152138,5
4,1,29,0.6670897111080352,0.652086004492076,5
4,1,30,0.6670897111080352,0.6522321479977681,5
4,2,1,0.6598021983385886,0.6276217555445037,5
4,2,2,0.6681914970762316,0.6329874326043468,7
4,2,3,0.6753379694084362,0.6450102240967216,6
4,2,4,0.6767940803502576,0.6476210912211734,6
4,2,5,0.6843372987800375,0.6567130045891721,6
4,2,6,0.6843372987800375,0.657504692214072,6
4,2,7,0.6843372987800375,0.6632211221518146,6
4,2,8,0.6843372987800375,0.664289317270401,6
4,2,9,0.6923324963321223,0.66493449967139,8
4,2,10,0.6923324963321223,0.6706506534282113,8
4,2,11,0.6923324963321223,0.6729018857684748,8
4,2,12,0.6923324963321223,0.6784190950570196,8
4,2,13,0.6923324963321223,0.6805202217881925,8
4,2,14,0.6955313580588037,0.6794951256286651,9
4,2,15,0.6978812647628402,0.6840634349998359,8
4,2,16,0.6983090960992934,0.6859724736066048,10
4,2,17,0.6983090960992934,0.6837524908018688,10
4,2,18,0.6984079362789223,0.6852094394554721,10
4,2,19,0.6993426698146507,0.68600821309447,9
4,2,20,0.6993426698146507,0.6868772690607736,9
4,2,21,0.6993426698146507,0.6854818486320381,9
4,2,22,0.7000901572037846,0.6855657512001407,9
4,2,23,0.7000901572037846,0.6837386341552294,9
4,2,24,0.7000901572037846,0.686392197170525,9
4,2,25,0.7000901572037846,0.6831490056799885,9
4,2,26,0.7000901572037846,0.6831421212889104,9
4,2,27,0.7000901572037846,0.6864563250989884,9
4,2,28,0.7000901572037846,0.6843174182742229,9
4,2,29,0.7000901572037846,0.6833321757601363,9
4,2,30,0.7000901572037846,0.6873346401997031,9
4,3,1,0.6363447590739403,0.6099341294615719,5
4,3,2,0.636360240644008,0.6143698970118332,6
4,3,3,0.6439931387047855,0.6162664796376855,5
4,3,4,0.6439931387047855,0.6174510331081609,5
4,3,5,0.647959331533276,0.6230377308018807,2
4,3,6,0.647959331533276,0.6261797745314952,2
4,3,7,0.648950762363353,0.6310006326986113,4
4,3,8,0.6491227027140956,0.6345495158982125,3
4,3,9,0.6491227027140956,0.6365221793644747,3
4,3,10,0.6518167128318123,0.6367717205513301,3
4,3,11,0.6518167128318123,0.6390410143530364,3
4,3,12,0.6518167128318123,0.6389786876323846,3
4,3,13,0.6518167128318123,0.6358562857990316,3
4,3,14,0.6518167128318123,0.6339604644166849,3
4,3,15,0.6518167128318123,0.6334092905202142,3
4,3,16,0.6518167128318123,0.6353255725903116,3
4,3,17,0.6519615543515087,0.6408297242101684,4
4,3,18,0.6519615543515087,0.6371522670780653,4
4,3,19,0.6525833061782781,0.6377343240544882,5
4,3,20,0.6525833061782781,0.6381005263073254,5
4,3,21,0.6554155143154619,0.6385683624036956,4
4,3,22,0.6554155143154619,0.6370659964674488,4
4,3,23,0.6558894345640683,0.637899029460099,3
4,3,24,0.6558894345640683,0.6442679090441163,3
4,3,25,0.6558894345640683,0.6439894385809928,3
4,3,26,0.6558894345640683,0.6450389211591963,3
4,3,27,0.6558894345640683,0.6432936527039298,3
4,3,28,0.6558894345640683,0.6428757899139346,3
4,3,29,0.6558894345640683,0.642531216792374,3
4,3,30,0.6558894345640683,0.6433099085068628,3
4,4,1,0.6476272980010942,0.6240830388230103,2
4,4,2,0.6529776143302229,0.6283532949067153,8
4,4,3,0.6588815407695885,0.6388114527627151,7
4,4,4,0.6617352958301738,0.6410969763729508,7
4,4,5,0.6617352958301738,0.6413676285926468,7
4,4,6,0.6617352958301738,0.6448591408162733,7
4,4,7,0.6636855428405635,0.6466545118292996,7
4,4,8,0.6636855428405635,0.6480653342009571,7
4,4,9,0.6636855428405635,0.6511412162461369,7
4,4,10,0.6679412557262228,0.652055003531386,8
4,4,11,0.6679412557262228,0.6510298487280265,8
4,4,12,0.6679412557262228,0.6499826212602469,8
4,4,13,0.669469994791461,0.656014332075077,9
4,4,14,0.6727405046138984,0.6554293391244739,8
4,4,15,0.6727405046138984,0.657157759349956,8
4,4,16,0.6727405046138984,0.6597163413034425,8
4,4,17,0.6736994549973956,0.65771800108299,7
4,4,18,0.6736994549973956,0.6578876302565794,7
4,4,19,0.6736994549973956,0.6621314477779582,7
4,4,20,0.6736994549973956,0.6617147547199074,7
4,4,21,0.6803367929149907,0.6636880307186479,9
4,4,22,0.6803367929149907,0.663165041174112,9
4,4,23,0.6803367929149907,0.6651058350890338,9
4,4,24,0.6836220130753307,0.6670276485399614,8
4,4,25,0.6836220130753307,0.663036679136437,8
4,4,26,0.6836220130753307,0.6653004899655327,8
4,4,27,0.6836220130753307,0.6662411761619668,8
4,4,28,0.6836220130753307,0.6693431671022914,8
4,4,29,0.6836220130753307,0.669371910181856,8
4,4,30,0.6836220130753307,0.6698230497816262,8
5,0,1,0.627826690861291,0.6069705846197527,5
5,0,2,0.6488393295604488,0.6126143529715944,3
5,0,3,0.6488393295604488,0.6181943614357114,3
5,0,4,0.6488393295604488,0.622954836328423,3
5,0,5,0.6565948303497934,0.6334718107071671,5
5,0,6,0.6602688180638644,0.6368675516156987,1
5,0,7,0.6608240263059699,0.6462741555867856,3
5,0,8,0.6617120537774726,0.6497866309285765,3
5,0,9,0.6617120537774726,0.6519101583772977,3
5,0,10,0.6650388215315423,0.6514852914481861,5
5,0,11,0.6665755652301313,0.6536014332750294,3
5,0,12,0.6675157330082647,0.6525793041699168,5
5,0,13,0.6675157330082647,0.6530446824983033,5
5,0,14,0.6688781357225297,0.6533191280086061,5
5,0,15,0.6688781357225297,0.6529240665939664,5
5,0,16,0.6688781357225297,0.6522451221103707,5
5,0,17,0.6688781357225297,0.654392714225055,5
5,0,18,0.6688781357225297,0.6535841868204413,5
5,0,19,0.6688781357225297,0.651976316433019,5
5,0,20,0.6691910839662777,0.6548028022438686,7
5,0,21,0.6807181674581938,0.6575127712857718,6
5,0,22,0.6807181674581938,0.6586720127973956,6
5,0,23,0.6807181674581938,0.6588906178578045,6
5,0,24,0.6807181674581938,0.6616890546789961,6
5,0,25,0.6807181674581938,0.6655140426721727,6
5,0,26,0.6807181674581938,0.6653121782564682,6
5,0,27,0.6807181674581938,0.6693704450714092,6
5,0,28,0.6807181674581938,0.667297945175767,6
5,0,29,0.6835433234650478,0.6678980089090129,7
5,0,30,0.6835433234650478,0.667250297094417,7
5,1,1,0.6723730500415898,0.6307598922176405,4
5,1,2,0.6723730500415898,0.6359629755090989,4
5,1,3,0.6744075233824097,0.6421396902047216,3
5,1,4,0.6744075233824097,0.6507601579411636,3
5,1,5,0.6775685989890015,0.6509931544496813,4
5,1,6,0.6775685989890015,0.657445297605591,4
5,1,7,0.6835132697222138,0.6635658143318155,3
5,1,8,0.6835132697222138,0.6662291616142992,3
5,1,9,0.6835132697222138,0.6703038356173353,3
5,1,10,0.6835132697222138,0.6695623671563163,3
5,1,11,0.6843764909508564,0.6730267771874889,3
5,1,12,0.6843764909508564,0.6707573252176866,3
5,1,13,0.6843764909508564,0.6700149774453077,3
5,1,14,0.6843764909508564,0.6712515867049725,3
5,1,15,0.6843764909508564,0.6729552669109609,3
5,1,16,0.6843764909508564,0.6753198623127165,3
5,1,17,0.6846765255106416,0.6727262397496706,4
5,1,18,0.6846765255106416,0.6728560632614776,4
5,1,19,0.688609501085272,0.6728802285470084,4
5,1,20,0.6886257460780254,0.6745139209656261,5
5,1,21,0.6928283315389631,0.6759849063516278,5
5,1,22,0.6928283315389631,0.6763580511582071,5
5,1,23,0.6928283315389631,0.6780474193740614,5
5,1,24,0.6928283315389631,0.6758224796384849,5
5,1,25,0.6928283315389631,0.6779881637812533,5
5,1,26,0.6928283315389631,0.6769710806076648,5
5,1,27,0.6928283315389631,0.6803355674287361,5
5,1,28,0.695228086006615,0.6785046020481535,6
5,1,29,0.695228086006615,0.6765709684376676,6
5,1,30,0.695228086006615,0.6788192192982704,6
5,2,1,0.6715365760777485,0.6226654195428211,5
5,2,2,0.6743582620026428,0.6322260125894038,4
5,2,3,0.6795961363902373,0.6470192907111795,3
5,2,4,0.69288599420287,0.6622429050780207,1
5,2,5,0.69288599420287,0.6670511213073865,1
5,2,6,0.69288599420287,0.6715570400242956,1
5,2,7,0.69288599420287,0.6745649854110913,1
5,2,8,0.69288599420287,0.6772762916756122,1
5,2,9,0.69288599420287,0.6773203194844838,1
5,2,10,0.69288599420287,0.6790094344942503,1
5,2,11,0.69288599420287,0.6784325304122277,1
5,2,12,0.69288599420287,0.6802084223897141,1
5,2,13,0.69288599420287,0.6797091046437429,1
5,2,14,0.69288599420287,0.6798212721433676,1
5,2,15,0.69288599420287,0.6821761517721935,1
5,2,16,0.69288599420287,0.6832237078208372,1
5,2,17,0.69288599420287,0.6832085505104063,1
5,2,18,0.69288599420287,0.6831376734033187,1
5,2,19,0.69288599420287,0.6824589572956056,1
5,2,20,0.6934717172749183,0.6849952595948884,2
5,2,21,0.6934717172749183,0.6806723087297121,2
5,2,22,0.6934717172749183,0.6788226098315768,2
5,2,23,0.6934717172749183,0.6826209193323796,2
5,2,24,0.6934717172749183,0.6807254673758509,2
5,2,25,0.6934717172749183,0.68210401725673,2
5,2,26,0.6934717172749183,0.6843961728576158,2
5,2,27,0.6934717172749183,0.6842595024415439,2
5,2,28,0.6934717172749183,0.6844446405142094,2
5,2,29,0.6934717172749183,0.6832181902166218,2
5,2,30,0.6968740493437526,0.6827517609980507,3
5,3,1,0.6324685637674861,0.6017638229388937,5
5,3,2,0.6324685637674861,0.6075310412691864,5
5,3,3,0.6324685637674861,0.6131172741923734,5
5,3,4,0.6425358405381094,0.6119619449089386,3
5,3,5,0.6429301490719528,0.620746025566417,3
5,3,6,0.6461756893135225,0.6255100774375306,2
5,3,7,0.6461756893135225,0.6302517902876099,2
5,3,8,0.6465493161908362,0.630546825642373,3
5,3,9,0.6476348265083376,0.6311785406941958,4
5,3,10,0.6490430125744929,0.6332391711049397,6
5,3,11,0.6510188965254194,0.6345574795847625,3
5,3,12,0.6529165702892307,0.638376096799778,3
5,3,13,0.6612737536617288,0.6379525172313033,5
5,3,14,0.6612737536617288,0.6369075736704211,5
5,3,15,0.6638872134357103,0.641136397890255,4
5,3,16,0.6638872134357103,0.6443914672206221,4
5,3,17,0.6638872134357103,0.644642249453452,4
5,3,18,0.6638872134357103,0.643482484925423,4
5,3,19,0.6638872134357103,0.6430043459880386,4
5,3,20,0.6638872134357103,0.6465797150665556,4
5,3,21,0.6652937330520995,0.6480597251994868,8
5,3,22,0.6660731862830558,0.6484458835171256,5
5,3,23,0.66844289585753,0.652252143303221,7
5,3,24,0.66844289585753,0.649904154174432,7
5,3,25,0.66844289585753,0.6496660766976138,7
5,3,26,0.66844289585753,0.653495108446101,7
5,3,27,0.66844289585753,0.6563958894511929,7
5,3,28,0.66844289585753,0.657817731770341,7
5,3,29,0.66844289585753,0.6591201721861677,7
5,3,30,0.6691455565295611,0.660629218610217,8
5,4,1,0.6452566227080032,0.6138646194907389,6
5,4,2,0.6523062674432346,0.6242574215249401,6
5,4,3,0.6600636227902331,0.6286682873269196,7
5,4,4,0.6632301898324703,0.6347852992968079,6
5,4,5,0.6799975554236596,0.6400263077699515,5
5,4,6,0.6799975554236596,0.6508711562506727,5
5,4,7,0.6799975554236596,0.6558867292162704,5
5,4,8,0.6887168941316123,0.6642033776535802,6
5,4,9,0.6887168941316123,0.6731702101970587,6
5,4,10,0.6961108465385731,0.676032088637441,5
5,4,11,0.6961108465385731,0.6767662807184854,5
5,4,12,0.7003304045407323,0.6816964707465039,6
5,4,13,0.7003304045407323,0.680056108085178,6
5,4,14,0.7003304045407323,0.6813631302372132,6
5,4,15,0.7003304045407323,0.6813907057667768,6
5,4,16,0.7003304045407323,0.6802584019249016,6
5,4,17,0.7003304045407323,0.6872041358586017,6
5,4,18,0.7017706854873343,0.6865789818119475,7
5,4,19,0.7017706854873343,0.6876479530551112,7
5,4,20,0.7017706854873343,0.6897927170151531,7
5,4,21,0.7017706854873343,0.690462995027947,7
5,4,22,0.7017706854873343,0.6897595075012821,7
5,4,23,0.7097287222223171,0.6899706716870733,10
5,4,24,0.7097287222223171,0.6854787668717315,10
5,4,25,0.7097287222223171,0.6880874317646338,10
5,4,26,0.7097287222223171,0.6881224657604303,10
5,4,27,0.7097287222223171,0.6903282723726252,10
5,4,28,0.7097287222223171,0.6912217887731993,10
5,4,29,0.713777872367171,0.6898328647301935,9
5,4,30,0.713777872367171,0.687801589804327,9
6,0,1,0.6799565958052031,0.6363123382710718,5
6,0,2,0.6799565958052031,0.6514110015763481,5
6,0,3,0.6799565958052031,0.658582488459168,5
6,0,4,0.6918324628443271,0.6637826264018469,6
6,0,5,0.697980388121027,0.6695323551592155,7
6,0,6,0.697980388121027,0.6760653914002032,7
6,0,7,0.7006107663749092,0.6820671513519224,7
6,0,8,0.7006107663749092,0.6855970590808077,7
6,0,9,0.7006107663749092,0.6851524320863986,7
6,0,10,0.7019905573264655,0.6905616282676392,9
6,0,11,0.7019905573264655,0.6913177015094114,9
6,0,12,0.7019905573264655,0.6893935969588985,9
6,0,13,0.7036557388509105,0.6907972828350731,8
6,0,14,0.7072673535334607,0.6913195765960225,10
6,0,15,0.7072673535334607,0.6926144846701792,10
6,0,16,0.7072673535334607,0.6911762622335,10
6,0,17,0.7078063232602291,0.6938391019936251,9
6,0,18,0.7082077899249548,0.6932530435782562,9
6,0,19,0.7085128201134455,0.6956353433262648,9
6,0,20,0.7099757580499744,0.6943792562499349,8
6,0,21,0.7099757580499744,0.6930417556709212,8
6,0,22,0.7099757580499744,0.6965862893321237,8
6,0,23,0.7099757580499744,0.7030649422566342,8
6,0,24,0.7099757580499744,0.703633280283605,8
6,0,25,0.7099757580499744,0.7040180831113286,8
6,0,26,0.7126618685823992,0.704242050477443,10
6,0,27,0.7126618685823992,0.7034710962688777,10
6,0,28,0.7126618685823992,0.7024134191876441,10
6,0,29,0.7126618685823992,0.701761494949209,10
6,0,30,0.7126618685823992,0.7000194916571474,10
6,1,1,0.6358176339467306,0.6104737926425149,6
6,1,2,0.6398342133424193,0.6186691859312198,7
6,1,3,0.6444256137392488,0.6247198799191024,3
6,1,4,0.6467959312628321,0.6273534031962082,5
6,1,5,0.656692651855786,0.6287706220280935,9
6,1,6,0.656692651855786,0.6340589288412399,9
6,1,7,0.656692651855786,0.6368047296339447,9
6,1,8,0.656692651855786,0.6366805869664235,9
6,1,9,0.6584141895862681,0.6348316844905024,10
6,1,10,0.663233308298429,0.6377751173408324,10
6,1,11,0.663233308298429,0.6464904291108885,10
6,1,12,0.663233308298429,0.6460601554424855,10
6,1,13,0.6638454680387836,0.6458589433434673,10
6,1,14,0.6638454680387836,0.6472008271690565,10
6,1,15,0.6638454680387836,0.6485236613798009,10
6,1,16,0.6638454680387836,0.6469255669440892,10
6,1,17,0.6638454680387836,0.6491579257029838,10
6,1,18,0.664072285361645,0.6469707925394633,10
6,1,19,0.664072285361645,0.6458859411632909,10
6,1,20,0.6664353590640456,0.6470996312782445,8
6,1,21,0.6686841197099846,0.6453978373669527,7
6,1,22,0.6686841197099846,0.6493245329887353,7
6,1,23,0.6693479449401466,0.6492677473639009,7
6,1,24,0.6693479449401466,0.654100642452101,7
6,1,25,0.6693479449401466,0.6559734887877818,7
6,1,26,0.6693484831410977,0.6532347368806446,8
6,1,27,0.6693484831410977,0.6524386039362696,8
6,1,28,0.6693484831410977,0.6532823534200383,8
6,1,29,0.6695207497922815,0.6495869874457265,8
6,1,30,0.6695207497922815,0.6552030806850905,8
6,2,1,0.631503164004475,0.6002175064241336,5
6,2,2,0.6486454160791454,0.611315241578662,9
6,2,3,0.6486454160791454,0.6068615204321605,9
6,2,4,0.6535717056823055,0.6124759144065062,10
6,2,5,0.6535717056823055,0.6143477233340864,10
6,2,6,0.6535717056823055,0.6215386163371305,10
6,2,7,0.6535717056823055,0.6321925469308816,10
6,2,8,0.6604075702830813,0.6366265827320898,9
6,2,9,0.6604075702830813,0.6397320875028949,9
6,2,10,0.6604075702830813,0.6405889147201702,9
6,2,11,0.6604075702830813,0.6432463564187446,9
6,2,12,0.6604075702830813,0.6443252257942659,9
6,2,13,0.6630633774809672,0.6447944414582658,8
6,2,14,0.6630633774809672,0.6491997207361073,8
6,2,15,0.6630633774809672,0.6503941574264527,8
6,2,16,0.6630633774809672,0.651004232036007,8
6,2,17,0.6639023143501587,0.6522833104233691,9
6,2,18,0.6639023143501587,0.6489709936956682,9
6,2,19,0.6639023143501587,0.6478252948925256,9
6,2,20,0.6639023143501587,0.6491600057191426,9
6,2,21,0.6639023143501587,0.6499291987270833,9
6,2,22,0.6639023143501587,0.654811639057727,9
6,2,23,0.6647232521163863,0.6526478086397599,10
6,2,24,0.6666852065157899,0.6502606637117415,8
6,2,25,0.6666852065157899,0.6513187902283323,8
6,2,26,0.6666852065157899,0.6530401665492649,8
6,2,27,0.6666852065157899,0.6496946871785656,8
6,2,28,0.6670543137746088,0.6563297412217364,10
6,2,29,0.6675093957956447,0.6557053322604384,10
6,2,30,0.6702568845474183,0.6550609499543916,9
6,3,1,0.6637959069287722,0.6211664956225554,5
6,3,2,0.6790362687828486,0.63578620004079,5
6,3,3,0.6790362687828486,0.6399214485573739,5
6,3,4,0.6790362687828486,0.6517167217849948,5
6,3,5,0.6805765528517433,0.6602203357950936,4
6,3,6,0.6814787183680056,0.6663530067590724,7
6,3,7,0.6844366553379048,0.664996296312828,6
6,3,8,0.6889870457336306,0.6683027964277775,8
6,3,9,0.6916847993344023,0.6713136606449306,5
6,3,10,0.6916847993344023,0.6706800429496061,5
6,3,11,0.6916847993344023,0.6737514666725966,5
6,3,12,0.6916847993344023,0.6728462489895957,5
6,3,13,0.6916847993344023,0.6730845777288132,5
6,3,14,0.6916847993344023,0.6733524446726789,5
6,3,15,0.6916847993344023,0.6724349391596322,5
6,3,16,0.6916847993344023,0.6719171791683971,5
6,3,17,0.6916847993344023,0.671675389328478,5
6,3,18,0.6916847993344023,0.6723902128776894,5
6,3,19,0.6916847993344023,0.674752631736257,5
6,3,20,0.6916847993344023,0.6741640847792618,5
6,3,21,0.6953690105649425,0.678169048869589,6
6,3,22,0.6953690105649425,0.676653306570014,6
6,3,23,0.6953690105649425,0.6806822790777131,6
6,3,24,0.6953690105649425,0.6783978331688616,6
6,3,25,0.6953690105649425,0.6778463342812338,6
6,3,26,0.6953690105649425,0.6819938060860389,6
6,3,27,0.6953690105649425,0.6836648713258222,6
6,3,28,0.6953690105649425,0.6808570098400498,6
6,3,29,0.6953690105649425,0.6837555785933316,6
6,3,30,0.6953690105649425,0.683114683645167,6
6,4,1,0.6570275921014443,0.629398703866205,5
6,4,2,0.6609438802932063,0.6351763733652263,6
6,4,3,0.665194707762267,0.6361865516833145,5
6,4,4,0.6701883780356255,0.6434986114458459,4
6,4,5,0.6701883780356255,0.6506506521283593,4
6,4,6,0.6755670719647352,0.657682986374444,5
6,4,7,0.6755670719647352,0.6605593415383639,5
6,4,8,0.6755670719647352,0.6632458384542019,5
6,4,9,0.6755670719647352,0.6633941592582315,5
6,4,10,0.6755670719647352,0.6654979385102828,5
6,4,11,0.6755670719647352,0.666553463615722,5
6,4,12,0.6755670719647352,0.6649494824816031,5
6,4,13,0.6755670719647352,0.6639559891419413,5
6,4,14,0.6772398448211708,0.6682216045430992,6
6,4,15,0.6797685380442946,0.6663298899308978,6
6,4,16,0.6797685380442946,0.666712370970312,6
6,4,17,0.6797685380442946,0.6667283570197515,6
6,4,18,0.6797685380442946,0.6673647016497671,6
6,4,19,0.6797685380442946,0.6685541982240555,6
6,4,20,0.6797685380442946,0.6651935535882834,6
6,4,21,0.6797685380442946,0.6673066864062697,6
6,4,22,0.6797685380442946,0.666582451140101,6
6,4,23,0.6797685380442946,0.6665065714129119,6
6,4,24,0.6797685380442946,0.6675329637506653,6
6,4,25,0.6797685380442946,0.6690259170256502,6
6,4,26,0.6797685380442946,0.6679489682953358,6
6,4,27,0.6797685380442946,0.6670732738044408,6
6,4,28,0.6797685380442946,0.6646999043641715,6
6,4,29,0.6797685380442946,0.6625589774779456,6
6,4,30,0.6797685380442946,0.6650302005448175,6
7,0,1,0.6349212289496261,0.6077145849764095,5
7,0,2,0.6428473203928285,0.6127012797179614,4
7,0,3,0.6428473203928285,0.6152577069780227,4
7,0,4,0.6428473203928285,0.6247864487524083,4
7,0,5,0.6429891962491379,0.6257217724558268,5
7,0,6,0.6442723594801203,0.6278080017601415,7
7,0,7,0.6442723594801203,0.6325688897175523,7
7,0,8,0.6442723594801203,0.6334977375843919,7
7,0,9,0.6446596091447263,0.6302820497229977,6
7,0,10,0.6446596091447263,0.6287236135975002,6
7,0,11,0.6446596091447263,0.6283671151580252,6
7,0,12,0.6449950562923119,0.6319657415447257,6
7,0,13,0.6453821732788457,0.6327943914214378,7
7,0,14,0.6453821732788457,0.6346898784835093,7
7,0,15,0.6453821732788457,0.6291308588091301,7
7,0,16,0.6453821732788457,0.6350465475810599,7
7,0,17,0.649776468896685,0.6350149567377641,6
7,0,18,0.649776468896685,0.6347936922614303,6
7,0,19,0.649776468896685,0.6374269396127719,6
7,0,20,0.649776468896685,0.6342846106423654,6
7,0,21,0.649776468896685,0.6362447451165769,6
7,0,22,0.649776468896685,0.6366251015585972,6
7,0,23,0.649776468896685,0.6355908034624489,6
7,0,24,0.649776468896685,0.6365916096498121,6
7,0,25,0.649776468896685,0.6355736573931926,6
7,0,26,0.649776468896685,0.6377239138039835,6
7,0,27,0.6515897954231928,0.6380435484758793,5
7,0,28,0.6515897954231928,0.6354717828502416,5
7,0,29,0.6515897954231928,0.6363099602367045,5
7,0,30,0.6515897954231928,0.6412924858463744,5
7,1,1,0.6411142269323236,0.6050045502747518,6
7,1,2,0.6439377842146837,0.6152852388094614,6
7,1,3,0.6439377842146837,0.6225429454599262,6
7,1,4,0.6439377842146837,0.6230567664113078,6
7,1,5,0.6439377842146837,0.6215021168178866,6
7,1,6,0.6439377842146837,0.6255692974530628,6
7,1,7,0.6495381913539698,0.625973117634706,6
7,1,8,0.6495381913539698,0.6257845653257526,6
7,1,9,0.6495381913539698,0.6278242519525572,6
7,1,10,0.6495381913539698,0.6259929660111933,6
7,1,11,0.6495381913539698,0.6271338034342289,6
7,1,12,0.6495381913539698,0.6290462909446634,6
7,1,13,0.6495381913539698,0.6236579086881042,6
7,1,14,0.6495381913539698,0.6275309785317728,6
7,1,15,0.6500622367102429,0.6275724614887935,5
7,1,16,0.6500622367102429,0.6317722579191506,5
7,1,17,0.6500622367102429,0.6393183412586494,5
7,1,18,0.6500622367102429,0.6379035310066309,5
7,1,19,0.6500622367102429,0.632471541016219,5
7,1,20,0.6500622367102429,0.6335041581192078,5
7,1,21,0.6500622367102429,0.635359165977265,5
7,1,22,0.6500622367102429,0.635009147182197,5
7,1,23,0.6500622367102429,0.632829543193906,5
7,1,24,0.6500622367102429,0.6330548405333764,5
7,1,25,0.6500622367102429,0.6376401837059091,5
7,1,26,0.6500622367102429,0.6348564351622465,5
7,1,27,0.6501678074488254,0.6364530578417283,6
7,1,28,0.6501678074488254,0.6366400796417653,6
7,1,29,0.6501678074488254,0.6353735173755359,6
7,1,30,0.6505201682663025,0.6356129756217133,6
7,2,1,0.6493121212939704,0.6151964971815227,4
7,2,2,0.6559699695275418,0.6244718965033202,2
7,2,3,0.6559699695275418,0.6289817346137823,2
7,2,4,0.6583558885181121,0.6351891028836294,1
7,2,5,0.6583558885181121,0.6372166377738981,1
7,2,6,0.663420702446227,0.6422588618540972,2
7,2,7,0.663420702446227,0.6442962409935183,2
7,2,8,0.663420702446227,0.6420602724841806,2
7,2,9,0.6636155035485722,0.6473921023295102,2
7,2,10,0.6657904562192708,0.6460431397681539,1
7,2,11,0.6657904562192708,0.6471838428855445,1
7,2,12,0.6657904562192708,0.6471163845733897,1
7,2,13,0.6657904562192708,0.6477499518317442,1
7,2,14,0.6657904562192708,0.6498354962394384,1
7,2,15,0.6657904562192708,0.6531291926230951,1
7,2,16,0.6706882977739471,0.6490876751879872,2
7,2,17,0.6706882977739471,0.652839008675197,2
7,2,18,0.6706882977739471,0.6545481065823948,2
7,2,19,0.6706882977739471,0.6525518073531685,2
7,2,20,0.6706882977739471,0.6531553030916899,2
7,2,21,0.6706882977739471,0.6559384978952478,2
7,2,22,0.6715470858000636,0.6568752897666397,3
7,2,23,0.6715470858000636,0.6591483470553522,3
7,2,24,0.6715470858000636,0.6592220774719073,3
7,2,25,0.6715470858000636,0.6603526129539459,3
7,2,26,0.6715470858000636,0.6585459989654261,3
7,2,27,0.6716178558946567,0.6585458264682315,5
7,2,28,0.6716178558946567,0.6575396636734412,5
7,2,29,0.6716178558946567,0.6580580994287744,5
7,2,30,0.6716864193347459,0.6607620193098638,4
7,3,1,0.6439503881061832,0.6069720234787166,5
7,3,2,0.6439503881061832,0.6079033907669189,5
7,3,3,0.6439503881061832,0.6189551315675914,5
7,3,4,0.6497827167405538,0.6284112000175339,5
7,3,5,0.6497827167405538,0.6264784423478316,5
7,3,6,0.6497827167405538,0.6286581937918108,5
7,3,7,0.6508293519607568,0.6319532425789374,3
7,3,8,0.653161226650355,0.6344823861425298,3
7,3,9,0.6558581669725553,0.6344540860668012,3
7,3,10,0.6558581669725553,0.6320437317470594,3
7,3,11,0.6558581669725553,0.6398519857844305,3
7,3,12,0.6558581669725553,0.641720049012212,3
7,3,13,0.6583121675842417,0.6399437729626801,5
7,3,14,0.6604949221209384,0.6382793070028085,5
7,3,15,0.6636023782104327,0.6408157546437372,4
7,3,16,0.6636023782104327,0.6476996236028001,4
7,3,17,0.6636023782104327,0.6451468860561789,4
7,3,18,0.6636023782104327,0.6434049039904306,4
7,3,19,0.6636023782104327,0.6453156302329492,4
7,3,20,0.6636023782104327,0.6530560663991654,4
7,3,21,0.6636023782104327,0.6500133696170849,4
7,3,22,0.6636023782104327,0.6479216506146738,4
7,3,23,0.6636023782104327,0.6488664669773481,4
7,3,24,0.6636023782104327,0.647673165970812,4
7,3,25,0.6636023782104327,0.6475184046208058,4
7,3,26,0.6636023782104327,0.6492015234228318,4
7,3,27,0.6636023782104327,0.6506713580401517,4
7,3,28,0.6636023782104327,0.6480458899422882,4
7,3,29,0.6636023782104327,0.6518622816183697,4
7,3,30,0.6636023782104327,0.651967431406503,4
7,4,1,0.6803823831518494,0.6435083656109156,3
7,4,2,0.6803823831518494,0.6529829962693636,3
7,4,3,0.6803823831518494,0.654711692597078,3
7,4,4,0.686096907593481,0.6599256580245225,3
7,4,5,0.686096907593481,0.666723709881217,3
7,4,6,0.6945226384833753,0.6732537737111416,4
7,4,7,0.6945226384833753,0.6786674380874429,4
7,4,8,0.6945226384833753,0.6797607421701575,4
7,4,9,0.6945226384833753,0.6792435826645455,4
7,4,10,0.6945226384833753,0.6801344750541648,4
7,4,11,0.6945226384833753,0.6800157456724328,4
7,4,12,0.6945226384833753,0.6791615153470932,4
7,4,13,0.6945226384833753,0.6817669798996489,4
7,4,14,0.6945226384833753,0.6799768907995537,4
7,4,15,0.6945226384833753,0.6811994706719101,4
7,4,16,0.6945226384833753,0.6833333961434012,4
7,4,17,0.6945226384833753,0.6858604471672557,4
7,4,18,0.6945226384833753,0.6822954785303394,4
7,4,19,0.6945226384833753,0.6841728997658441,4
7,4,20,0.6945226384833753,0.6842594754571956,4
7,4,21,0.6945226384833753,0.6837452605546985,4
7,4,22,0.6945226384833753,0.6847161822331168,4
7,4,23,0.6945226384833753,0.6846172354909636,4
7,4,24,0.6945226384833753,0.6844498545921006,4
7,4,25,0.6945226384833753,0.6825758429349525,4
7,4,26,0.6945226384833753,0.6845428368442548,4
7,4,27,0.6945226384833753,0.6854984693584601,4
7,4,28,0.6945226384833753,0.6823498829516985,4
7,4,29,0.6945226384833753,0.6837247823743885,4
7,4,30,0.6945226384833753,0.6850807826003054,4
8,0,1,0.6427566187092614,0.6147699056641553,5
8,0,2,0.6429675631298205,0.6175655973289738,2
8,0,3,0.6491383024571352,0.6203347911340604,5
8,0,4,0.6541477672498253,0.6270894983905511,5
8,0,5,0.6554612680425725,0.6312654596724349,4
8,0,6,0.6567776790357576,0.6371648684527258,7
8,0,7,0.6592904509526302,0.6402512102330833,2
8,0,8,0.6653693498299091,0.6455020194725204,6
8,0,9,0.6653693498299091,0.6468801115518802,6
8,0,10,0.6653693498299091,0.6501843651094227,6
8,0,11,0.6653693498299091,0.649960677546585,6
8,0,12,0.6653693498299091,0.6519442650994046,6
8,0,13,0.6677967080145389,0.6542001464363323,7
8,0,14,0.6677967080145389,0.6562904591392962,7
8,0,15,0.6677967080145389,0.6557314543778163,7
8,0,16,0.6677967080145389,0.6550528282919327,7
8,0,17,0.6732587171302905,0.6577283519673547,6
8,0,18,0.6732587171302905,0.6586240931606231,6
8,0,19,0.6732587171302905,0.6579547145955178,6
8,0,20,0.6732587171302905,0.6591513863429489,6
8,0,21,0.6732587171302905,0.6589355001142514,6
8,0,22,0.6732587171302905,0.6595421683965865,6
8,0,23,0.6732587171302905,0.6583455174228351,6
8,0,24,0.6732587171302905,0.658858510625078,6
8,0,25,0.6732587171302905,0.6585916863531466,6
8,0,26,0.6732587171302905,0.6648287115871592,6
8,0,27,0.6732587171302905,0.660546057497488,6
8,0,28,0.6732587171302905,0.6623198659341247,6
8,0,29,0.6732587171302905,0.6644942276282506,6
8,0,30,0.6732587171302905,0.6628583574663602,6
8,1,1,0.6583588008671754,0.6220720337257847,5
8,1,2,0.6599190026265843,0.6267752743476842,5
8,1,3,0.6615037679849728,0.6386196316629409,4
8,1,4,0.6647583563891228,0.6474381330975504,7
8,1,5,0.6650841074770769,0.648565957992984,5
8,1,6,0.6732019043913032,0.6505262858265398,6
8,1,7,0.6732019043913032,0.6525032965345344,6
8,1,8,0.6732019043913032,0.6557119082986251,6
8,1,9,0.6732019043913032,0.6565373260330564,6
8,1,10,0.6732019043913032,0.658244023288489,6
8,1,11,0.6744652478312991,0.6594136315892307,8
8,1,12,0.6744652478312991,0.6607712187005295,8
8,1,13,0.6746368964320779,0.6610253612429624,6
8,1,14,0.6780790982078646,0.6620891633978061,9
8,1,15,0.6780790982078646,0.6614614313939149,9
8,1,16,0.6780790982078646,0.6621369403944666,9
8,1,17,0.6780790982078646,0.663507425434293,9
8,1,18,0.6780790982078646,0.6666932958773495,9
8,1,19,0.6780790982078646,0.6653271173672461,9
8,1,20,0.6780790982078646,0.6656920977290984,9
8,1,21,0.6780790982078646,0.6648385078161352,9
8,1,22,0.6785625326087983,0.6681696542117804,10
8,1,23,0.6814061885301569,0.664959741497259,10
8,1,24,0.6814061885301569,0.665981093315761,10
8,1,25,0.6814061885301569,0.6696192417506247,10
8,1,26,0.6814061885301569,0.6648116295370821,10
8,1,27,0.6814061885301569,0.6658254278725991,10
8,1,28,0.6814061885301569,0.6662972082029522,10
8,1,29,0.6814061885301569,0.6685022263537215,10
8,1,30,0.6814061885301569,0.671762935658724,10
8,2,1,0.625429647884654,0.5933236124158097,3
8,2,2,0.6351061118835016,0.6011468113505666,5
8,2,3,0.6351061118835016,0.606894363641912,5
8,2,4,0.6362908009746754,0.6105841093871277,5
8,2,5,0.6362908009746754,0.6132156993155158,5
8,2,6,0.6362908009746754,0.616510581175224,5
8,2,7,0.6372744929591644,0.61753348578741,3
8,2,8,0.6498987771710126,0.6194879831502875,7
8,2,9,0.6498987771710126,0.6260411384578397,7
8,2,10,0.6498987771710126,0.6277783226528191,7
8,2,11,0.650093228289138,0.6326004061975139,5
8,2,12,0.6571415234209516,0.6335610347574152,5
8,2,13,0.6571415234209516,0.6396825884810615,5
8,2,14,0.6595158415779799,0.6453479457399598,4
8,2,15,0.6595158415779799,0.6449203732892812,4
8,2,16,0.6595158415779799,0.6445301158789281,4
8,2,17,0.6597465203631525,0.6465378609658053,5
8,2,18,0.6597465203631525,0.6490620241910456,5
8,2,19,0.6597465203631525,0.6508123672970504,5
8,2,20,0.663748418604441,0.6510433376577079,6
8,2,21,0.663748418604441,0.6461790452286224,6
8,2,22,0.663748418604441,0.6469771673606857,6
8,2,23,0.6653606832206366,0.6506349862736086,7
8,2,24,0.6670153626882102,0.6507234463958479,9
8,2,25,0.6736932388060327,0.6541536129661931,8
8,2,26,0.6736932388060327,0.6552251860436396,8
8,2,27,0.6736932388060327,0.659797384812723,8
8,2,28,0.6736932388060327,0.6563448693420608,8
8,2,29,0.6775513485570152,0.6596750561049655,9
8,2,30,0.6775513485570152,0.6625700086766215,9
8,3,1,0.6455475469418311,0.6109576478055246,6
8,3,2,0.6473708005108111,0.6207801243223295,5
8,3,3,0.6524154309932219,0.6268742502006697,6
8,3,4,0.6531370936857797,0.6262052775152334,4
8,3,5,0.6586691741589864,0.6292783969134434,7
8,3,6,0.6642053125893833,0.6381519944092395,6
8,3,7,0.6642053125893833,0.6433413363290338,6
8,3,8,0.6642053125893833,0.6419287579067452,6
8,3,9,0.6642053125893833,0.6427200013376871,6
8,3,10,0.6642053125893833,0.6456355205461607,6
8,3,11,0.666685649385147,0.6458193232175353,5
8,3,12,0.667431512301124,0.6492649711595356,9
8,3,13,0.667431512301124,0.6518333639951278,9
8,3,14,0.6707114615211603,0.6528629482270073,7
8,3,15,0.6714304016983873,0.6527776736442463,8
8,3,16,0.6714304016983873,0.6528137475472341,8
8,3,17,0.6714304016983873,0.6540605116423954,8
8,3,18,0.6714304016983873,0.6530955763018781,8
8,3,19,0.6714304016983873,0.6538830370380322,8
8,3,20,0.6714304016983873,0.6551277991208697,8
8,3,21,0.6714304016983873,0.6587254723563392,8
8,3,22,0.6714304016983873,0.6567552377609365,8
8,3,23,0.6714304016983873,0.6615158904466831,8
8,3,24,0.6714699968346486,0.6613589495018206,7
8,3,25,0.6714699968346486,0.6602186367039593,7
8,3,26,0.6714699968346486,0.658883444129639,7
8,3,27,0.6714699968346486,0.6608122850406859,7
8,3,28,0.6714699968346486,0.657370811210118,7
8,3,29,0.6714699968346486,0.6565696447213483,7
8,3,30,0.6714699968346486,0.6585618910816186,7
8,4,1,0.6522912047397792,0.6198905663136876,5
8,4,2,0.6522912047397792,0.6271040506143486,5
8,4,3,0.6604089377858063,0.6312942050797539,4
8,4,4,0.6702656978755516,0.6441064852600477,7
8,4,5,0.6744312317629084,0.6496778179534083,5
8,4,6,0.6744312317629084,0.6531599077148458,5
8,4,7,0.6927093349422004,0.6584271631408418,6
8,4,8,0.6927093349422004,0.6626682251634571,6
8,4,9,0.6927093349422004,0.6683591059982973,6
8,4,10,0.6927093349422004,0.6721862835110108,6
8,4,11,0.6927093349422004,0.6755819408992805,6
8,4,12,0.6980328636255089,0.6762625364302697,6
8,4,13,0.6980328636255089,0.6780445964440538,6
8,4,14,0.6980328636255089,0.6796601715234049,6
8,4,15,0.6980328636255089,0.6821664432776313,6
8,4,16,0.6980328636255089,0.6835654144838161,6
8,4,17,0.6980328636255089,0.687493178496013,6
8,4,18,0.6980328636255089,0.6875832612750793,6
8,4,19,0.7052543902000284,0.6844520315597376,7
8,4,20,0.7052543902000284,0.684259747399314,7
8,4,21,0.7052543902000284,0.689588891763533,7
8,4,22,0.7052543902000284,0.6931931084808485,7
8,4,23,0.7052543902000284,0.6911349213786343,7
8,4,24,0.7052543902000284,0.6900551903711631,7
8,4,25,0.7052543902000284,0.6928239509995523,7
8,4,26,0.7052543902000284,0.6936080943336578,7
8,4,27,0.7058175080660621,0.6929175728999244,8
8,4,28,0.7058175080660621,0.6911588581001246,8
8,4,29,0.7058175080660621,0.6900670915541507,8
8,4,30,0.7058175080660621,0.6888221581012315,8
9,0,1,0.6592683391084501,0.6324029997926246,4
9,0,2,0.672323754614011,0.6380648967928305,3
9,0,3,0.672323754614011,0.6419113676053444,3
9,0,4,0.672323754614011,0.6453485462401667,3
9,0,5,0.672323754614011,0.6515112607624542,3
9,0,6,0.6731392182656946,0.6583440246299146,3
9,0,7,0.681958510823079,0.660270968577817,3
9,0,8,0.681958510823079,0.6621147247733021,3
9,0,9,0.681958510823079,0.6641011638143134,3
9,0,10,0.681958510823079,0.6639986662947381,3
9,0,11,0.681958510823079,0.6646669492372456,3
9,0,12,0.681958510823079,0.6665391472086143,3
9,0,13,0.681958510823079,0.6676110012353849,3
9,0,14,0.681958510823079,0.6705542690089545,3
9,0,15,0.681958510823079,0.6690429836937879,3
9,0,16,0.681958510823079,0.6699855126964541,3
9,0,17,0.681958510823079,0.6674609235198856,3
9,0,18,0.681958510823079,0.6699929833538268,3
9,0,19,0.681958510823079,0.6719091925996237,3
9,0,20,0.681958510823079,0.6702702509487722,3
9,0,21,0.681958510823079,0.670333064361649,3
9,0,22,0.681958510823079,0.6708544152375625,3
9,0,23,0.681958510823079,0.6685939755727437,3
9,0,24,0.681958510823079,0.6707903299765263,3
9,0,25,0.681958510823079,0.6714164923661038,3
9,0,26,0.681958510823079,0.6703955841542587,3
9,0,27,0.681958510823079,0.6704621534390839,3
9,0,28,0.6853153966040763,0.6717938452160982,4
9,0,29,0.6853153966040763,0.6715628248354838,4
9,0,30,0.6853153966040763,0.6729864398651481,4
9,1,1,0.6204150409368786,0.594632128808439,5
9,1,2,0.6308626351521615,0.6007516021981422,7
9,1,3,0.6350286939461519,0.6029499022168927,3
9,1,4,0.643092542729821,0.6152348186365794,4
9,1,5,0.643092542729821,0.6182512185264459,4
9,1,6,0.6440443866802593,0.6236212313700094,4
9,1,7,0.6487712668160522,0.6266699707873078,1
9,1,8,0.6487712668160522,0.6313028372011885,1
9,1,9,0.6487712668160522,0.6325428385613088,1
9,1,10,0.6544521088749553,0.6308789281772178,4
9,1,11,0.6544521088749553,0.6337903163549973,4
9,1,12,0.6544521088749553,0.6394873139145032,4
9,1,13,0.6625255688190409,0.6403351311439526,3
9,1,14,0.6625255688190409,0.6384061447025576,3
9,1,15,0.6625255688190409,0.6404639604686857,3
9,1,16,0.6625255688190409,0.6436155309324685,3
9,1,17,0.6625255688190409,0.6445479617822585,3
9,1,18,0.6625255688190409,0.6469623478169767,3
9,1,19,0.6625255688190409,0.6478578825390633,3
9,1,20,0.6625255688190409,0.6464108802572144,3
9,1,21,0.6625255688190409,0.650548610810849,3
9,1,22,0.6625255688190409,0.6464226657363615,3
9,1,23,0.6657906700236228,0.6507669172729112,4
9,1,24,0.6657906700236228,0.65127130907871,4
9,1,25,0.6657906700236228,0.6527361067437444,4
9,1,26,0.6657906700236228,0.646804078449685,4
9,1,27,0.6657906700236228,0.6476924935082017,4
9,1,28,0.6657906700236228,0.6484080151988276,4
9,1,29,0.6657906700236228,0.6494364404144743,4
9,1,30,0.6657906700236228,0.6488916950763469,4
9,2,1,0.6523003853638394,0.6127520499203982,5
9,2,2,0.6539341371565593,0.6217645197229353,7
9,2,3,0.6667833020651586,0.6245242471661582,3
9,2,4,0.6667833020651586,0.6342273871809273,3
9,2,5,0.6667833020651586,0.6378784908693833,3
9,2,6,0.6667833020651586,0.6425478968366956,3
9,2,7,0.6667833020651586,0.6468685562249041,3
9,2,8,0.6667833020651586,0.6496862889649802,3
9,2,9,0.6682005805101319,0.6507283714033547,5
9,2,10,0.6682005805101319,0.6538377333400663,5
9,2,11,0.6682810476712175,0.6569674977474566,4
9,2,12,0.6724603866762736,0.6570569834131167,5
9,2,13,0.6724603866762736,0.6583199430582214,5
9,2,14,0.6760553579609043,0.6600107059593372,6
9,2,15,0.6760553579609043,0.6613538762020845,6
9,2,16,0.6763111545125405,0.658910668760654,6
9,2,17,0.676778098377546,0.6589390667365302,7
9,2,18,0.676778098377546,0.6618318825544367,7
9,2,19,0.676778098377546,0.662625291038861,7
9,2,20,0.676778098377546,0.6646916875640136,7
9,2,21,0.676778098377546,0.6645849859950677,7
9,2,22,0.6807242116382662,0.6671106576220451,8
9,2,23,0.6807242116382662,0.6664365823979305,8
9,2,24,0.6807242116382662,0.6661179928568421,8
9,2,25,0.6807242116382662,0.6673898400620317,8
9,2,26,0.6807242116382662,0.6709739408793245,8
9,2,27,0.6807242116382662,0.6752325348623334,8
9,2,28,0.6807242116382662,0.6756267571609245,8
9,2,29,0.6807242116382662,0.6721939931706449,8
9,2,30,0.6830073923708785,0.6718415200400477,10
9,3,1,0.6410567400628577,0.614116453374505,5
9,3,2,0.6492321257271126,0.6175624593754654,4
9,3,3,0.6534977202808123,0.6290033920692343,3
9,3,4,0.6603530193194785,0.6380111840722952,4
9,3,5,0.6603530193194785,0.6427157142235512,4
9,3,6,0.662024841400818,0.647353962612175,6
9,3,7,0.662024841400818,0.6487583311943395,6
9,3,8,0.6672974669805571,0.6515911282344737,3
9,3,9,0.6672974669805571,0.6515798639740462,3
9,3,10,0.6675538060252435,0.6485571779574834,3
9,3,11,0.6741276009559728,0.6515344150335354,2
9,3,12,0.6741276009559728,0.6514918798241451,2
9,3,13,0.6741276009559728,0.6527688152922619,2
9,3,14,0.6741276009559728,0.6586702611390735,2
9,3,15,0.6741276009559728,0.6576038319122446,2
9,3,16,0.6769804676300016,0.6618162069358661,4
9,3,17,0.6769804676300016,0.6630324803869962,4
9,3,18,0.6769804676300016,0.6611084506526457,4
9,3,19,0.6791812193478183,0.6628916589544614,3
9,3,20,0.6791812193478183,0.6664387586121997,3
9,3,21,0.6818573205777388,0.6701720187480495,4
9,3,22,0.6818573205777388,0.6708128396724288,4
9,3,23,0.6818573205777388,0.6713138657096803,4
9,3,24,0.6818573205777388,0.6726142851268826,4
9,3,25,0.6818573205777388,0.6729064488359228,4
9,3,26,0.6818573205777388,0.6710578873496631,4
9,3,27,0.6818573205777388,0.6698957097488213,4
9,3,28,0.6834570687943475,0.6711125694025927,5
9,3,29,0.6834570687943475,0.6740061877895855,5
9,3,30,0.6873508507164873,0.6727801171285488,6
9,4,1,0.6378606142359695,0.6030508402991648,3
9,4,2,0.6429930150275799,0.6122456037340559,4
9,4,3,0.6452256307575086,0.6196593528039577,4
9,4,4,0.649921207321319,0.6250492125660367,3
9,4,5,0.6514766070878614,0.6307873196440006,5
9,4,6,0.654192901181967,0.6315470083145815,5
9,4,7,0.6554500863361883,0.6378503583998552,7
9,4,8,0.6630535171628198,0.6367428104325306,6
9,4,9,0.6630535171628198,0.6399893092625307,6
9,4,10,0.6630535171628198,0.646283745967736,6
9,4,11,0.6630535171628198,0.6468832382811875,6
9,4,12,0.6630535171628198,0.6468212698267786,6
9,4,13,0.666582475787214,0.6463875067353243,2
9,4,14,0.6668292902701958,0.6498938783971795,4
9,4,15,0.6668292902701958,0.6499576370513569,4
9,4,16,0.6668292902701958,0.6477955469469038,4
9,4,17,0.6678146742029712,0.6491731982348025,6
9,4,18,0.6683105182526735,0.6502213126087576,6
9,4,19,0.6712592410601431,0.6526618232022185,5
9,4,20,0.6712592410601431,0.652135512676369,5
9,4,21,0.6712592410601431,0.6537393903411215,5
9,4,22,0.6712592410601431,0.6553499823106109,5
9,4,23,0.6712592410601431,0.6578358693608591,5
9,4,24,0.6712592410601431,0.6597313288692694,5
9,4,25,0.6712592410601431,0.662206477991089,5
9,4,26,0.6712592410601431,0.660615027024229,5
9,4,27,0.6712592410601431,0.6622425045000857,5
9,4,28,0.6712592410601431,0.6567070371116145,5
9,4,29,0.6712592410601431,0.6620519476715458,5
9,4,30,0.6712592410601431,0.6618879276773825,5
